date,btc_price,btc_mcap,alt_mcap,total_mcap,btc_dominance,alt_share,eth_btc,n_alts
2013-04-01,103.580346911163,1137324100.7828927,24662479.765594702,1161986580.5484874,0.9787755898575409,0.021224410142459127,,1
2013-04-02,116.679944241173,1281687160.0164895,75244144.22356378,1356931304.2400532,0.9445483024907411,0.055451697509258935,,1
2013-04-03,131.384809378154,1443789615.4101913,75450760.28271264,1519240375.692904,0.9503365224556379,0.04966347754436207,,1
2013-04-04,133.007120475745,1462129293.4937856,88505324.1944734,1550634617.6882591,0.9429231598566912,0.05707684014330883,,1
2013-04-05,142.626065488019,1568432428.539234,61217115.62996627,1629649544.1692002,0.9624354108225306,0.03756458917746941,,1
2013-04-06,143.081822964933,1574027367.5374389,61328717.37838579,1635356084.9158247,0.9624982485808022,0.03750175141919776,,1
2013-04-07,162.852214576856,1792186961.141899,61439387.55962319,1853626348.7015224,0.9668544916818528,0.03314550831814722,,1
2013-04-08,186.351161848042,2051514747.0419729,70481032.06385571,2121995779.1058285,0.9667854984643018,0.03321450153569816,,1
2013-04-09,230.682996695207,2540572928.617984,74517993.91579755,2615090922.5337815,0.9715046259869249,0.028495374013075114,,1
2013-04-10,161.192889661017,1776029674.5699651,60728310.56104262,1836757985.1310077,0.96693722795673,0.03306277204327002,,1
2013-04-11,82.9015850379895,913744570.1872934,51715602.77589717,965460172.9631906,0.9464342453224439,0.05356575467755609,,1
2013-04-12,111.476373194039,1229179118.960385,20966695.83817844,1250145814.7985635,0.9832285997441372,0.016771400255862767,,1
2013-04-13,97.6090718702513,1076680752.5950675,46949517.49613252,1123630270.0912,0.9582162222344527,0.041783777765547314,,1
2013-04-14,88.8614913997663,980530113.2224427,36645382.12488601,1017175495.3473288,0.9639733927011553,0.03602660729884466,,1
2013-04-15,80.8746931659848,892732454.1288539,31391093.612412684,924123547.7412666,0.966031496882491,0.033968503117508986,,1
2013-04-16,68.2831387270602,754043176.5032616,31451682.231398016,785494858.7346596,0.9599594040856448,0.04004059591435516,,1
2013-04-17,92.8640369135009,1025884320.2421464,41693311.78444268,1067577632.026589,0.960945873598629,0.03905412640137096,,1
2013-04-18,108.628345092344,1200434439.8990364,37050801.28747213,1237485241.1865087,0.9700596014769859,0.02994039852301411,,1
2013-04-19,119.012283239042,1315593293.9734411,50129971.956788726,1365723265.93023,0.963294194946116,0.03670580505388399,,1
2013-04-20,128.208288893045,1417741977.5334146,52005369.90869833,1469747347.442113,0.9646161158248006,0.03538388417519944,,1
2013-04-21,118.483243756283,1310722638.199706,52101907.989417985,1362824546.189124,0.961769174076655,0.038230825923345035,,1
2013-04-22,126.31427175979,1397836653.5164456,52480990.007356375,1450317643.523802,0.9638141408251474,0.03618585917485262,,1
2013-04-23,142.127218053185,1573425024.8333805,58226953.13485041,1631651977.968231,0.9643141099198397,0.03568589008016032,,1
2013-04-24,154.1332778045,1706962826.9867718,63849338.0095259,1770812164.9962978,0.963943472226113,0.036056527773887015,,1
2013-04-25,141.008659278492,1562219397.6988719,79716715.31700177,1641936113.0158737,0.9514495633020825,0.048550436697917476,,1
2013-04-26,137.209600419638,1520716614.2806685,79865700.37007408,1600582314.6507425,0.9501020974435163,0.04989790255648374,,1
2013-04-27,128.226669605202,1421628544.643054,80017487.64984995,1501646032.292904,0.9467134824525397,0.05328651754746028,,1
2013-04-28,134.62356956166,1493145659.0043013,80165071.58957048,1573310730.5938718,0.9490468919897909,0.050953108010209136,,1
2013-04-29,143.810378192577,1595664561.2153351,80316858.86934634,1675981420.0846815,0.9520777152378644,0.04792228476213556,,1
2013-04-30,139.129647545295,1544247234.8898036,74944482.89665563,1619191717.7864592,0.9537148800395857,0.04628511996041429,,1
2013-05-01,116.113801040327,1289224863.257716,75082379.30649519,1364307242.5642111,0.9449666636927192,0.0550333363072808,,1
2013-05-02,106.340984697253,1181072403.7427328,56174802.22281795,1237247205.9655507,0.9545969455805083,0.04540305441949166,,1
2013-05-03,96.3168402741087,1070069481.6966928,48100453.20674446,1118169934.9034374,0.9569828773737344,0.04301712262626556,,1
2013-05-04,112.497636369082,1250283521.354362,48158472.76926333,1298441994.1236253,0.9629105705243556,0.03708942947564442,,1
2013-05-05,116.488715827002,1295120354.823742,48219897.0725767,1343340251.8963187,0.9641044798557123,0.03589552014428765,,1
2013-05-06,112.118596195207,1246998701.4902172,48308420.33323422,1295307121.8234515,0.9627050453754714,0.03729495462452859,,1
2013-05-07,111.609212873466,1241802027.6661525,59585516.37998651,1301387544.046139,0.954213856854101,0.045786143145899016,,1
2013-05-08,113.136061854763,1259256954.5163176,56389169.10518558,1315646123.621503,0.9571395620047386,0.0428604379952614,,1
2013-05-09,111.974532710696,1246787690.843792,58553374.80816777,1305341065.6519597,0.9551432370060902,0.04485676299390984,,1
2013-05-10,117.691036883694,1310944548.467899,58677226.59680755,1369621775.0647066,0.9571580799421538,0.04284192005784615,,1
2013-05-11,115.49977766277,1287061932.244286,58781998.51530552,1345843930.7595916,0.9563233171604607,0.043676682839539294,,1
2013-05-12,114.885675559614,1280701257.614276,57911015.26560822,1338612272.8798842,0.9567380215773618,0.043261978422638236,,1
2013-05-13,117.404456646113,1309290368.328104,58005988.97411666,1367296357.3022206,0.9575761401949707,0.042423859805029274,,1
2013-05-14,107.865566569258,1203328284.354879,58103267.070699826,1261431551.4255788,0.9539386286913184,0.0460613713086816,,1
2013-05-15,108.986852425482,1216221320.3093536,48726423.952146366,1264947744.2615,0.9614794965458485,0.03852050345415148,,1
2013-05-16,112.917874050263,1260506722.5284379,36388371.63740728,1296895094.1658452,0.9719419313087833,0.028058068691216742,,1
2013-05-17,117.284616014027,1309724907.460184,57757270.52818322,1367482177.9883673,0.9577637855484544,0.04223621445154557,,1
2013-05-18,118.169876680304,1320050853.4789565,49241097.5196373,1369291950.9985938,0.9640390075442079,0.035960992455792096,,1
2013-05-19,117.033880187025,1307817307.5679667,54453391.39553047,1362270698.9634972,0.9600274810014177,0.03997251899858234,,1
2013-05-20,117.818636469901,1316966680.7029214,54537270.84879243,1371503951.5517137,0.9602354256529199,0.03976457434708014,,1
2013-05-21,117.252040911748,1311075950.280394,54619619.65509704,1365695569.935491,0.9600060065672784,0.039993993432721586,,1
2013-05-22,118.9781735827,1330841045.243314,54705029.755316325,1385546074.9986303,0.9605173507092716,0.03948264929072842,,1
2013-05-23,123.726156049094,1384488238.2845275,54085315.22075066,1438573553.505278,0.9624035106936559,0.03759648930634407,,1
2013-05-24,128.971080654588,1443723531.7086802,51373791.31658446,1495097323.0252645,0.9656384968888636,0.03436150311113639,,1
2013-05-25,128.844915254237,1442842700.700099,51463598.35336274,1494306299.0534618,0.965560207846302,0.03443979215369797,,1
2013-05-26,130.158601110462,1458084131.9281435,56679538.772497974,1514763670.7006414,0.9625819262312508,0.03741807376874917,,1
2013-05-27,126.392905902981,1416455569.2618315,56767738.772497974,1473223308.0343294,0.9614669830005329,0.038533016999467096,,1
2013-05-28,125.904595265926,1411480509.952701,55054495.835275814,1466535005.787977,0.9624594737814016,0.03754052621859838,,1
2013-05-29,129.564812390415,1453058332.4655852,55487840.318348035,1508546172.7839332,0.9632176718754665,0.036782328124533525,,1
2013-05-30,126.513068381064,1419399429.3802016,54056841.85507704,1473456271.2352786,0.9633128970907577,0.036687102909242264,,1
2013-05-31,127.816488895383,1434582209.346897,53521596.28070525,1488103805.627602,0.9640336943711177,0.035966305628882256,,1
2013-06-01,128.791151081239,1446207401.3631341,51292350.58373656,1497499751.9468708,0.9657480072921197,0.03425199270788026,,1
2013-06-02,122.626708942139,1377596394.8728476,48292947.0541732,1425889341.9270208,0.9661313500044066,0.03386864999559336,,1
2013-06-03,122.949187901812,1381873848.829096,51314852.575781696,1433188701.4048777,0.9641953271572121,0.03580467284278788,,1
2013-06-04,120.189968731736,1351501920.6073377,51654728.87338707,1403156649.4807248,0.9631867697077847,0.03681323029221528,,1
2013-06-05,120.869923845704,1359703823.5926516,51191432.242220424,1410895255.834872,0.9637170569321046,0.03628294306789537,,1
2013-06-06,119.053975669784,1339814370.1351333,51456732.28594264,1391271102.4210758,0.9630145898981168,0.036985410101883165,,1
2013-06-07,110.1977314436,1240591162.2237136,54417494.34810078,1295008656.5718145,0.9579790497368902,0.04202095026310981,,1
2013-06-08,109.178545341321,1229611335.792512,46396529.23346807,1276007865.02598,0.9636393077933548,0.03636069220664517,,1
2013-06-09,99.9036034482759,1125550441.613678,43734957.0743721,1169285398.68805,0.9625968500731787,0.037403149926821255,,1
2013-06-10,104.357566627703,1176184371.0284529,45706121.619176865,1221890492.6476297,0.9625939297390395,0.037406070260960544,,1
2013-06-11,107.507520455874,1212170386.11142,45414192.47683186,1257584578.5882518,0.963887762898768,0.036112237101232014,,1
2013-06-12,106.378116306254,1199975980.6649568,43460087.68072071,1243436068.3456776,0.9650483938924644,0.03495160610753556,,1
2013-06-13,101.323897720631,1143434086.4142456,44459050.39733179,1187893136.8115773,0.962573190281523,0.037426809718477005,,1
2013-06-14,99.2132443015781,1120061949.2339363,42681109.96410963,1162743059.198046,0.963292741567903,0.03670725843209699,,1
2013-06-15,99.8750374050263,1127965182.1743383,40732803.55439403,1168697985.7287323,0.9651468522648343,0.03485314773516568,,1
2013-06-16,99.0383512565751,1118973897.9741035,39998824.3142764,1158972722.28838,0.9654876913450567,0.03451230865494326,,1
2013-06-17,100.126305084746,1131628982.2687159,40295673.91934072,1171924656.1880565,0.9656158152262013,0.034384184773798676,,1
2013-06-18,104.289176382233,1179042827.4145336,46448702.758900695,1225491530.1734343,0.9620978998097791,0.03790210019022089,,1
2013-06-19,104.417150789012,1180844662.277501,43903538.81520971,1224748201.0927107,0.9641530081235969,0.035846991876403056,,1
2013-06-20,104.323499707773,1180187215.6524065,41209419.53088747,1221396635.1832938,0.9662604117746705,0.03373958822532952,,1
2013-06-21,101.416857393337,1147731005.58289,48641269.98398029,1196372275.5668702,0.9593426971040994,0.04065730289590064,,1
2013-06-22,100.039508474576,1132583770.1846802,52198237.05553124,1184782007.2402115,0.9559427500278131,0.04405724997218685,,1
2013-06-23,100.314744593805,1136113617.018969,56441043.04233252,1192554660.0613015,0.952672154214356,0.047327845785643974,,1
2013-06-24,99.0456832261835,1122112296.7522929,52476391.907640755,1174588688.6599336,0.9553236018580171,0.044676398141982876,,1
2013-06-25,97.8327887200468,1108755117.731877,46630390.85399625,1155385508.5858734,0.9596408380514749,0.04035916194852507,,1
2013-06-26,98.6517007597896,1118465117.7360034,51951925.080503315,1170417042.8165066,0.9556124670267229,0.04438753297327713,,1
2013-06-27,96.8039495990649,1097920368.0880265,52052375.33294658,1149972743.420973,0.954735992108735,0.045264007891264946,,1
2013-06-28,89.4245067212157,1014602834.5870994,44764556.65273466,1059367391.2398341,0.9577440678060287,0.04225593219397128,,1
2013-06-29,88.7972910578609,1007861667.6620926,43896362.50743185,1051758030.1695244,0.9582638199583258,0.04173618004167423,,1
2013-06-30,89.4809076563413,1015963076.0984952,50311102.460409634,1066274178.5589049,0.9528159797244585,0.04718402027554147,,1
2013-07-01,82.8675701344243,941200729.8550057,50838935.732539944,992039665.5875456,0.9487531219808333,0.05124687801916672,,1
2013-07-02,87.8164666861484,997745649.5225525,52548707.896965645,1050294357.4195181,0.9499676376191593,0.050032362380840745,,1
2013-07-03,77.6913308007014,883064123.3690087,48625115.28138758,931689238.6503962,0.9478097274668281,0.05219027253317188,,1
2013-07-04,79.1348708357686,899798285.1809639,47887635.83055395,947685921.0115178,0.9494688748995651,0.05053112510043489,,1
2013-07-05,67.4476238527177,767222778.3446608,43645991.756721854,810868770.1013826,0.9461737911656595,0.05382620883434053,,1
2013-07-06,66.3416808883694,754952725.1660112,49683971.54260529,804636696.7086165,0.9382529137114444,0.06174708628855563,,1
2013-07-07,72.1095223728814,820924713.9615766,46771422.44130061,867696136.4028772,0.9460970027650505,0.05390299723494951,,1
2013-07-08,73.9885537697253,842671531.8697886,45282207.00115394,887953738.8709426,0.9490038669596329,0.0509961330403671,,1
2013-07-09,74.8919108708358,853306435.0262109,45316841.8248696,898623276.8510805,0.9495708123835084,0.05042918761649162,,1
2013-07-10,85.0136791350088,969046682.8402269,52692145.31605433,1021738828.1562812,0.9484289489016123,0.051571051098387666,,1
2013-07-11,87.4975493863238,997740225.7832277,51950750.54842589,1049690976.3316536,0.9505085289672797,0.049491471032720336,,1
2013-07-12,90.0466987142022,1027155020.5523934,51642575.29242588,1078797595.8448193,0.9521295046528316,0.04787049534716836,,1
2013-07-13,91.5925978959673,1045148461.760039,50092224.85008152,1095240686.6101205,0.9542637290026889,0.045736270997311146,,1
2013-07-14,89.892269275862,1026132821.0209174,53403224.72971383,1079536045.7506313,0.9505313185790094,0.04946868142099059,,1
2013-07-15,93.7961525423729,1071080758.5093728,57344756.019203864,1128425514.5285766,0.9491816205138176,0.0508183794861824,,1
2013-07-16,91.7810356516657,1048445957.7488548,56617528.03743592,1105063485.7862906,0.9487653616596059,0.0512346383403941,,1
2013-07-17,91.0313512565751,1040300802.3742748,55085187.216864854,1095385989.5911398,0.9497116197027261,0.050288380297273894,,1
2013-07-18,84.9617291174752,971279496.8994904,50108229.92833044,1021387726.8278208,0.9509410299221489,0.049058970077851094,,1
2013-07-19,86.2387945996493,986247535.3901426,54836624.6616252,1041084160.0517677,0.9473273854643044,0.052672614535695605,,1
2013-07-20,84.9108591466978,971455782.516991,54909534.5758882,1026365317.0928792,0.9465009839465189,0.05349901605348106,,1
2013-07-21,85.6643502618352,980502571.4748517,52336633.8674452,1032839205.342297,0.949327413602488,0.05067258639751204,,1
2013-07-22,85.6490286382233,980680504.4855707,51553643.41968943,1032234147.9052601,0.9500562507796234,0.04994374922037659,,1
2013-07-23,86.977056691993,996193006.283257,53491446.033842094,1049684452.3170991,0.9490404512367848,0.05095954876321518,,1
2013-07-24,88.15173056692,1009997554.026626,56036904.30350929,1066034458.3301352,0.9474342467397471,0.05256575326025292,,1
2013-07-25,90.166092226768,1033406188.43913,54516238.69257901,1087922427.1317089,0.9498895901647049,0.05011040983529513,,1
2013-07-26,89.9839859731151,1031687977.5496286,52055159.01797546,1083743136.567604,0.9519672538062453,0.04803274619375475,,1
2013-07-27,88.165275862069,1011234977.8688718,52125654.261393085,1063360632.1302649,0.9509802670078465,0.04901973299215345,,1
2013-07-28,92.7458421975453,1064162528.935402,56524902.6650818,1120687431.600484,0.9495622944710309,0.05043770552896909,,1
2013-07-29,93.2986972530684,1070921147.5860304,52660215.23038718,1123581362.8164175,0.9531318185107781,0.046868181489221894,,1
2013-07-30,96.659552893045,1109974490.9137096,55371671.63702156,1165346162.5507312,0.9524847865669176,0.047515213433082404,,1
2013-07-31,98.0244199298656,1126113338.875797,55319165.79634978,1181432504.6721468,0.9531761945116779,0.0468238054883221,,1
2013-08-01,96.5680178258329,1109809374.1967292,54714959.25016114,1164524333.4468904,0.953015185961628,0.04698481403837196,,1
2013-08-02,96.0745306838106,1104599123.6600633,53342673.317031614,1157941796.977095,0.9539331998756007,0.04606680012439934,,1
2013-08-03,95.5067095265926,1098476608.5801706,55500932.137938775,1153977540.7181094,0.9519046686962374,0.048095331303762645,,1
2013-08-04,96.3654821741672,1108785073.3685734,55374416.00849632,1164159489.3770697,0.9524339950721644,0.04756600492783558,,1
2013-08-05,97.5271338398598,1122611899.2791588,55430806.864627935,1178042706.1437867,0.9529466915116555,0.04705330848834455,,1
2013-08-06,97.6712066043249,1124734225.1187468,52764250.678258255,1177498475.797005,0.9551895380225065,0.0448104619774935,,1
2013-08-07,97.0542068965517,1118080457.817728,55035982.4409574,1173116440.2586854,0.953085660935055,0.04691433906494502,,1
2013-08-08,94.2572717708942,1086342372.663535,52206317.47045389,1138548690.133989,0.9541466096945664,0.04585339030543356,,1
2013-08-09,92.4727767387493,1066226355.0628034,48901476.68030173,1115127831.7431052,0.9561472009860414,0.043852799013958554,,1
2013-08-10,93.293552893045,1076179830.5362253,46891305.45754973,1123071135.9937751,0.9582472525962864,0.0417527474037136,,1
2013-08-11,94.271312390415,1087967756.9501717,48577870.39733179,1136545627.3475034,0.9572583192188211,0.0427416807811789,,1
2013-08-12,95.4464707773232,1102045453.0971503,46828041.25743185,1148873494.354582,0.9592400368817465,0.04075996311825347,,1
2013-08-13,97.7590750847458,1129194526.9368842,50350148.74390952,1179544675.6807938,0.9573139112218457,0.042686088778154274,,1
2013-08-14,99.1212875511397,1145345466.2011495,48635064.29502019,1193980530.4961696,0.9592664511247856,0.04073354887521441,,1
2013-08-15,98.1063331385155,1134034630.235901,49076226.19065401,1183110856.4265552,0.9585193340724782,0.041480665927521754,,1
2013-08-16,98.2909602571596,1136581601.4061985,48613559.619980015,1185195161.0261786,0.9589826543183918,0.0410173456816082,,1
2013-08-17,99.6305043834015,1152544584.159651,54235549.955828875,1206780134.11548,0.9550576377398015,0.04494236226019854,,1
2013-08-18,99.1780397428405,1147791400.8145003,49291649.00582125,1197083049.8203216,0.958823534412905,0.04117646558709498,,1
2013-08-19,102.784012273524,1189978283.6690152,49026984.759855,1239005268.4288702,0.9604303661904326,0.03956963380956735,,1
2013-08-20,104.500210987726,1210343889.867498,50330372.91795087,1260674262.7854488,0.9600766237531126,0.039923376246887354,,1
2013-08-21,110.801603740503,1283870902.1012616,48836548.701457284,1332707450.8027189,0.9633553870565953,0.03664461294340471,,1
2013-08-22,109.523216832262,1269649511.6129043,48521296.883179255,1318170808.4960835,0.9631904328555586,0.03680956714444139,,1
2013-08-23,107.697571595558,1249013410.2953281,50958193.46147351,1299971603.7568016,0.9608005334007229,0.03919946659927709,,1
2013-08-24,108.882675043834,1263255684.7992575,51095801.82175793,1314351486.6210155,0.9611247049652472,0.038875295034752844,,1
2013-08-25,113.082563413209,1312409633.4811797,47513007.46410963,1359922640.9452894,0.9650619777672919,0.034938022232708144,,1
2013-08-26,112.11811484512,1301681760.4188886,51297384.74390952,1352979145.1627982,0.962085605733607,0.03791439426639298,,1
2013-08-27,117.759790765634,1367678672.2776241,48052007.16868729,1415730679.4463115,0.9660585110810198,0.03394148891898019,,1
2013-08-28,118.317414377557,1374681503.3539236,49565963.9069428,1424247467.2608664,0.9651984889941431,0.03480151100585693,,1
2013-08-29,118.835638223261,1381264032.0301714,49638742.4519428,1430902774.4821143,0.9653094931834844,0.03469050681651564,,1
2013-08-30,124.885379602572,1452222118.0856152,49927070.605265014,1502149188.69088,0.9667629081178174,0.0332370918821826,,1
2013-08-31,128.377978959673,1493551306.6732554,50218084.19065401,1543769390.8639095,0.9674704755206013,0.03252952447939872,,1
2013-09-01,130.536372004676,1519383296.7493236,50698333.90593172,1570081630.6552553,0.9677097464768292,0.03229025352317083,,1
2013-09-02,129.565371712449,1508777714.0791569,50349549.69065401,1559127263.769811,0.967706581200489,0.032293418799510976,,1
2013-09-03,129.182803623612,1504949277.878628,50194058.78775765,1555143336.6663857,0.9677238376654373,0.03227616233456265,,1
2013-09-04,122.529238749269,1427936118.68676,59236333.91245551,1487172452.5992155,0.9601684836153838,0.03983151638461624,,1
2013-09-05,122.370085037989,1426628972.963139,54726817.55709832,1481355790.5202374,0.9630562637907002,0.036943736209299805,,1
2013-09-06,117.861146405611,1374607454.794005,54614116.26377611,1429221571.057781,0.9617875091100426,0.03821249088995737,,1
2013-09-07,119.814989479836,1397829338.2760193,54823916.247503825,1452653254.523523,0.9622594613843437,0.037740538615656294,,1
2013-09-08,118.057386323787,1377787522.411971,52292975.863864735,1430080498.2758358,0.9634335438271403,0.036566456172859696,,1
2013-09-09,121.259272647575,1415770494.889775,54391278.615529545,1470161773.5053046,0.9630032016913047,0.03699679830869529,,1
2013-09-10,122.215530189363,1427518920.9370587,52746691.84201984,1480265612.7790785,0.9643667383835309,0.03563326161646907,,1
2013-09-11,127.088227060199,1485069117.2457132,54679236.86673207,1539748354.1124454,0.9644881991783321,0.03551180082166794,,1
2013-09-12,126.780723553478,1482150941.6341968,54483188.75918878,1536634130.3933856,0.9645438119058042,0.03545618809419582,,1
2013-09-13,127.407745178258,1490131020.7568936,53473811.759914674,1543604832.5168083,0.9653578359995628,0.03464216400043718,,1
2013-09-14,124.348477498539,1455028244.730144,53501941.91719838,1508530186.6473424,0.9645337280017546,0.03546627199824537,,1
2013-09-15,125.076417884278,1464112002.3330758,53738909.83461554,1517850912.1676912,0.9645953964227822,0.03540460357721775,,1
2013-09-16,126.204665984804,1477804868.9868808,55122754.53413771,1532927623.5210185,0.9640408629289849,0.03595913707101506,,1
2013-09-17,126.897250146113,1486482610.60922,54043174.80660947,1540525785.4158294,0.9649190066675699,0.03508099333243009,,1
2013-09-18,126.903819403857,1487083041.575134,54632611.358378984,1541715652.933513,0.9645637564524779,0.03543624354752206,,1
2013-09-19,124.180957334892,1455765886.6107981,53143400.205451086,1508909286.8162491,0.9647802550691553,0.035219744930844676,,1
2013-09-20,122.921635885447,1441617545.254933,51322714.29176032,1492940259.5466933,0.9656230623003338,0.03437693769966621,,1
2013-09-21,123.508256867329,1449080977.3270447,51607756.065268844,1500688733.3923135,0.9656106193663431,0.03438938063365693,,1
2013-09-22,123.124935125658,1445208450.8688731,51949968.98397622,1497158419.8528492,0.9653009539303916,0.034699046069608386,,1
2013-09-23,122.865699006429,1442810649.6754968,50501886.092079476,1493312535.7675762,0.9661813017151691,0.03381869828483086,,1
2013-09-24,123.797357685564,1454407234.033399,51966878.64645896,1506374112.679858,0.9655020102848095,0.03449798971519047,,1
2013-09-25,123.614078609001,1452890630.8332827,50371908.2785224,1503262539.1118052,0.9664916094375076,0.03350839056249244,,1
2013-09-26,124.68567445938,1465990545.1276073,50516017.887398496,1516506563.0150058,0.9666892190779799,0.03331078092202011,,1
2013-09-27,126.605347749854,1489124478.0489428,49533241.74750578,1538657719.7964485,0.9678074979833341,0.0321925020166659,,1
2013-09-28,126.796551724138,1491934482.4245515,43325881.33489011,1535260363.7594416,0.9717794568546038,0.028220543145396237,,1
2013-09-29,127.108627703098,1496146693.904712,48748577.656020805,1544895271.5607328,0.9684453836105197,0.03155461638948032,,1
2013-09-30,126.090261835184,1484673719.3693738,47051610.03908236,1531725329.408456,0.9692819534052797,0.030718046594720327,,1
2013-10-01,127.575424313267,1502757461.9536965,50067148.33058782,1552824610.2842844,0.9677573706656918,0.032242629334308215,,1
2013-10-02,104.105092928112,1226788968.5104427,40242919.16997498,1267031887.6804178,0.9682384322278987,0.03176156777210126,,1
2013-10-03,117.575495032145,1386111008.0966032,46613351.700535856,1432724359.797139,0.9674652340613963,0.032534765938603716,,1
2013-10-04,121.930347749854,1437999553.268967,44930334.17437646,1482929887.4433434,0.9697016463456415,0.030298353654358512,,1
2013-10-05,121.393402688486,1432331658.928452,44800468.57600183,1477132127.504454,0.9696706423604162,0.030329357639583776,,1
2013-10-06,122.475261250731,1445663053.3216777,43639806.987860635,1489302860.3095384,0.9706978290642707,0.029302170935729288,,1
2013-10-07,123.906872589129,1463044622.0613894,43571531.246120945,1506616153.3075104,0.9710798725007247,0.028920127499275305,,1
2013-10-08,124.76652893045,1473700417.438481,42441258.1181036,1516141675.5565846,0.9720070631905009,0.027992936809499103,,1
2013-10-09,125.933520312683,1488044932.6301763,40423768.65110034,1528468701.2812767,0.9735527664928866,0.02644723350711342,,1
2013-10-10,126.704650496785,1497764877.7302716,42619805.80781378,1540384683.5380855,0.9723317128096073,0.027668287190392715,,1
2013-10-11,127.25529924021,1504862605.3675952,42874546.80838621,1547737152.1759815,0.972298560677368,0.027701439322632027,,1
2013-10-12,127.851263004091,1512594202.8311844,42317452.08440059,1554911654.915585,0.9727846582469034,0.02721534175309659,,1
2013-10-13,132.415658679135,1567326661.5603995,45146163.82948003,1612472825.3898795,0.9720019071834193,0.027998092816580722,,1
2013-10-14,135.339194915254,1602776719.089326,43327637.9288437,1646104357.0181696,0.9736786809754094,0.02632131902459056,,1
2013-10-15,141.493908533022,1676584639.7830043,42485475.49361677,1719070115.276621,0.9752857808904553,0.024714219109544744,,1
2013-10-16,138.327921917008,1639796564.2192175,40765276.971287705,1680561841.1905053,0.9757430664125935,0.02425693358740655,,1
2013-10-17,143.74713383986,1704638294.5018115,40997417.264881395,1745635711.7666929,0.976514334011081,0.02348566598891899,,1
2013-10-18,152.775572180012,1812436164.0191128,41535731.58119663,1853971895.6003094,0.977596353170312,0.022403646829687984,,1
2013-10-19,165.772717124489,1967550543.6234784,39636243.27459975,2007186786.8980782,0.9802528376863949,0.01974716231360507,,1
2013-10-20,166.500151081239,1977012769.8989055,41134259.72949268,2018147029.6283982,0.9796178082540068,0.020382191745993206,,1
2013-10-21,179.910628579778,2137197000.9127233,38218758.00042779,2175415758.9131513,0.98243151551889,0.017568484481110036,,1
2013-10-22,190.402781414378,2263001755.139486,36836071.523165606,2299837826.6626515,0.9839831873812515,0.016016812618748544,,1
2013-10-23,204.600350964348,2432875110.4517865,48850714.54568034,2481725824.997467,0.9803158293903275,0.019684170609672536,,1
2013-10-24,194.41004376505,2312748499.3044214,50593189.55052565,2363341688.854947,0.9785925201636677,0.021407479836332288,,1
2013-10-25,185.64378762595,2209553671.416236,51725647.99247167,2261279319.4087076,0.9771254937200783,0.022874506279921714,,1
2013-10-26,179.808218001169,2140916179.2362127,50333637.87942542,2191249817.1156383,0.9770297126843893,0.022970287315610682,,1
2013-10-27,194.546133255406,2317266189.9008646,47447433.74335901,2364713623.6442237,0.9799352305205403,0.020064769479459676,,1
2013-10-28,196.274687317358,2338713940.734061,48094864.29650962,2386808805.0305705,0.9798497205996801,0.02015027940031988,,1
2013-10-29,204.428174167154,2436684646.420872,48838120.46754906,2485522766.888421,0.9803509663567924,0.01964903364320758,,1
2013-10-30,197.900599420982,2359843888.0831175,50585551.68821857,2410429439.771336,0.9790138840600049,0.02098611593999511,,1
2013-10-31,203.283649912332,2425105801.6793394,51708640.34914083,2476814442.02848,0.9791229252092086,0.020877074790791372,,1
2013-11-01,203.037109849386,2423220454.3411674,54277268.81303687,2477497723.1542044,0.978091899618808,0.021908100381191953,,1
2013-11-02,204.792881355932,2445209553.9328737,59702018.98981829,2504911572.922692,0.9761660173416187,0.023833982658381325,,1
2013-11-03,210.275382611748,2511679473.625205,65300880.091034986,2576980353.71624,0.9746599231938788,0.02534007680612116,,1
2013-11-04,228.79103886616,2733959063.1336994,68358339.74976306,2802317402.8834624,0.9756064963663912,0.024393503633608815,,1
2013-11-05,243.641668907072,2912477841.5738826,66154461.2317648,2978632302.8056474,0.977790323038714,0.02220967696128595,,1
2013-11-06,263.209583987142,3147464099.4018636,76259917.86395967,3223724017.2658234,0.9763441543210516,0.023655845678948406,,1
2013-11-07,290.124226183518,3470354236.192072,96222763.21763001,3566576999.409702,0.9730209769104787,0.02697902308952127,,1
2013-11-08,333.750656511981,3993314855.3444314,107138134.69974019,4100452990.044172,0.9738716344365196,0.026128365563480416,,1
2013-11-09,331.051148451198,3962240225.6836553,95113682.48428719,4057353908.1679425,0.9765577061708095,0.023442293829190497,,1
2013-11-10,327.558653499708,3921840037.556108,89309834.68741293,4011149872.2435207,0.9777346054044448,0.02226539459555521,,1
2013-11-11,342.697692869667,4104700956.1950502,91865130.86354408,4196566087.058594,0.9781094521192366,0.02189054788076339,,1
2013-11-12,354.645488310929,4249589141.214068,93008494.64597136,4342597635.86004,0.9785822904986794,0.021417709501320603,,1
2013-11-13,394.50449522443,4728862182.509435,95176563.13777658,4824038745.647211,0.98027035682007,0.01972964317992998,,1
2013-11-14,416.706303302747,4996898130.432548,98550533.5000534,5095448663.932601,0.9806591058020799,0.019340894197920067,,1
2013-11-15,408.398797334892,4898974235.472225,93264071.51246947,4992238306.9846945,0.9813181851952094,0.018681814804790586,,1
2013-11-16,435.798442767387,5229762080.05453,94099655.44196533,5323861735.496495,0.9823249250042386,0.017675074995761375,,1
2013-11-17,485.33657685564,5826497052.347043,93953585.65202533,5920450637.999068,0.9841306698768831,0.015869330123116865,,1
2013-11-18,657.778503874927,7899238895.686413,197842972.1216865,8097081867.8081,0.9755661390916326,0.02443386090836741,,1
2013-11-19,546.878397311514,6569644605.796869,181879203.67159563,6751523809.468465,0.9730610142533268,0.026938985746673194,,1
2013-11-20,595.339099649328,7154243418.729311,180600840.1454702,7334844258.874782,0.9753776857733615,0.02462231422663852,,1
2013-11-21,720.764425260082,8664193685.70689,225601009.45289764,8889794695.159788,0.9746224724879495,0.02537752751205047,,1
2013-11-22,802.916933718294,9655188371.423534,246180700.93659288,9901369072.360126,0.9751367008807085,0.024863299119291526,,1
2013-11-23,834.295339989129,10036063848.557402,270269549.95378375,10306333398.511185,0.9737763626011919,0.026223637398808064,,1
2013-11-24,807.166695499708,9713112909.515808,260124324.75718743,9973237234.272995,0.973917764247774,0.026082235752226013,,1
2013-11-25,816.243386616014,9825868339.748945,283399666.94372135,10109268006.692667,0.9719663513959564,0.02803364860404356,,1
2013-11-26,916.097160140269,11031541043.565948,458763155.54227424,11490304199.108223,0.960073889464312,0.03992611053568795,,1
2013-11-27,962.910560911748,11599427444.743036,831424163.041094,12430851607.78413,0.9331160736790985,0.06688392632090145,,1
2013-11-28,1007.38716364699,12139760581.54188,1105622247.3813875,13245382828.923267,0.9165277242899241,0.08347227571007587,,1
2013-11-29,1128.7254880187,13606858893.395243,877829713.2896768,14484688606.68492,0.9393960245106999,0.06060397548930008,,1
2013-11-30,1119.29671478667,13498119326.69448,946892341.596937,14445011668.291418,0.9344484889773068,0.06555151102269319,,1
2013-12-01,964.485793687902,11635884342.126692,822332715.9977837,12458217058.124475,0.9339927445346997,0.06600725546530029,,1
2013-12-02,1040.80821770894,12560801212.130327,781929298.574748,13342730510.705074,0.9413966055937806,0.05860339440621942,,1
2013-12-03,1053.62102744828,12720698338.605392,894611308.3752147,13615309646.980608,0.9342937229067274,0.06570627709327259,,1
2013-12-04,1134.93223088837,13707245929.353369,1034445856.8259472,14741691786.179316,0.9298285521207434,0.07017144787925655,,1
2013-12-05,1027.411772827,12413024442.393896,885893994.9951277,13298918437.389023,0.9333860118651082,0.06661398813489183,,1
2013-12-06,824.581710337814,9966751946.762209,727885762.7150367,10694637709.477245,0.9319391846186611,0.0680608153813389,,1
2013-12-07,703.748376025716,8509665399.288914,540751710.1806475,9050417109.46956,0.9402511836040295,0.059748816395970517,,1
2013-12-08,783.573348334307,9478722082.947542,645215497.5464265,10123937580.493969,0.9362683252028757,0.06373167479712427,,1
2013-12-09,896.079289888954,10843625557.380884,744364608.6622972,11587990166.043182,0.9357641318299058,0.06423586817009419,,1
2013-12-10,977.165367329047,11829553963.894163,847690973.2645152,12677244937.158678,0.933132870945814,0.06686712905418601,,1
2013-12-11,875.464034272355,10601969953.019352,737471265.6734227,11339441218.692774,0.9349640558603788,0.06503594413962122,,1
2013-12-12,873.324805987727,10579622451.506428,753575969.3962727,11333198420.9027,0.9335072111676441,0.06649278883235588,,1
2013-12-13,879.156135300994,10654088610.746971,729720797.6258605,11383809408.372831,0.9358983648224866,0.06410163517751344,,1
2013-12-14,852.856120526008,10339592472.911236,703979677.9207613,11043572150.831997,0.9362543506479717,0.06374564935202831,,1
2013-12-15,864.0616578609,10479266163.262644,743618820.5793061,11222884983.84195,0.9337408499107026,0.06625915008929739,,1
2013-12-16,677.894106801286,8224848384.498592,571696989.5686693,8796545374.06726,0.9350089193816853,0.06499108061831471,,1
2013-12-17,682.62677270602,8285733865.857128,534083308.97372425,8819817174.830853,0.9394450816398054,0.060554918360194554,,1
2013-12-18,526.12097632671,6388681645.92219,323210170.1293538,6711891816.051543,0.9518451460501205,0.048154853949879506,,1
2013-12-19,685.525128959673,8328197861.437324,474843042.58208,8803040904.019403,0.9460592029777721,0.05394079702222787,,1
2013-12-20,600.216954260666,7294490540.985549,404768351.83302015,7699258892.818569,0.947427621610365,0.05257237838963502,,1
2013-12-21,597.033502548217,7258204826.317185,385512759.5343852,7643717585.85157,0.9495647562583992,0.0504352437416008,,1
2013-12-22,615.013035271771,7479382499.65317,403808706.2546774,7883191205.907847,0.9487759847874736,0.0512240152125264,,1
2013-12-23,657.926634155465,8004081993.820382,422431303.12433743,8426513296.944719,0.9498687905378964,0.05013120946210359,,1
2013-12-24,650.664745178258,7918485708.395575,424358208.98219985,8342843917.377774,0.949135065550216,0.050864934449784016,,1
2013-12-25,678.290158094681,8257429632.97065,505126555.24202144,8762556188.212671,0.9423539724719239,0.05764602752807613,,1
2013-12-26,749.996594956166,9133750877.51704,586420954.247302,9720171831.764343,0.939669692635376,0.06033030736462397,,1
2013-12-27,722.570567492694,8803069849.177563,545793236.4855018,9348863085.663065,0.9416192930108793,0.05838070698912068,,1
2013-12-28,715.852363078901,8723906479.73215,528678394.3769082,9252584874.109056,0.9428615460900795,0.05713845390992045,,1
2013-12-29,727.271215663355,8866119604.030233,568321053.7190977,9434440657.74933,0.9397610230075182,0.06023897699248182,,1
2013-12-30,735.741997077732,8972568474.39804,574007976.308127,9546576450.706167,0.9398728979679761,0.06012710203202387,,1
2013-12-31,729.557582910579,8900503870.915495,581604507.5276783,9482108378.443172,0.938662955081814,0.061337044918186034,,1
2014-01-01,752.404549944594,9183089853.000948,584274858.592975,9767364711.593924,0.9401809110394498,0.059819088960550215,,1
2014-01-02,784.954921314436,9582996402.3458,620209035.8796897,10203205438.22549,0.9392142949943821,0.06078570500561786,,1
2014-01-03,807.222939029807,9858101001.48251,595269772.5288198,10453370774.01133,0.943054753782507,0.05694524621749297,,1
2014-01-04,828.602062618352,10122111479.991652,596710781.2263801,10718822261.21803,0.9443305648060468,0.055669435193953176,,1
2014-01-05,902.487380263004,11029040879.340033,644558233.6287252,11673599112.968758,0.944784960714245,0.055215039285755,,1
2014-01-06,914.459960841613,11179606610.7568,701548856.67342,11881155467.43022,0.9409528089589793,0.05904719104102074,,1
2014-01-07,803.351796198714,9824823598.10845,573645505.1887608,10398469103.29721,0.9448336577730595,0.0551663422269405,,1
2014-01-08,820.690009503214,10040826131.521135,587245408.5014191,10628071540.022554,0.9447458171230777,0.0552541828769223,,1
2014-01-09,831.334750487434,10175362594.378292,588712199.5520421,10764074793.930334,0.9453076821907623,0.05469231780923767,,1
2014-01-10,853.298854844603,10448187786.868984,608102411.5741235,11056290198.443108,0.944999416562008,0.05500058343799197,,1
2014-01-11,889.555837119345,10896805298.01208,648987554.5020021,11545792852.514082,0.9437901266035025,0.05620987339649752,,1
2014-01-12,845.191332220924,10357726631.175535,607726203.810735,10965452834.98627,0.9445781024316907,0.055421897568309286,,1
2014-01-13,822.877012197545,10087743753.83846,589549044.2987463,10677292798.137207,0.9447847824870363,0.055215217512963655,,1
2014-01-14,815.293602711864,9998079805.514896,584986651.6176115,10583066457.132507,0.9447242768447933,0.05527572315520668,,1
2014-01-15,841.089857364115,10318292540.726215,613337636.944828,10931630177.671043,0.9438933053006465,0.056106694699353477,,1
2014-01-16,815.854800298071,10012488124.529272,591299883.5550811,10603788008.084352,0.944236919570226,0.05576308042977396,,1
2014-01-17,792.829506475745,9732925495.745893,576523388.8147445,10309448884.560638,0.9440781563330565,0.05592184366694353,,1
2014-01-18,809.783528356386,9944578844.4719,589683235.7070355,10534262080.178936,0.9440223500024201,0.055977649997579926,,1
2014-01-19,838.428474734073,10299896608.664616,610536324.1023959,10910432932.767012,0.9440410542950327,0.05595894570496729,,1
2014-01-20,828.885216592636,10186700742.459932,602237338.3337839,10788938080.793716,0.9441801098658749,0.05581989013412514,,1
2014-01-21,823.817963763881,10127844874.99924,595432775.1542649,10723277650.153505,0.9444728753110537,0.05552712468894627,,1
2014-01-22,818.976386323787,10072254626.333912,577722037.462077,10649976663.795988,0.9457536804351871,0.05424631956481285,,1
2014-01-23,810.922425195792,9976790593.935715,606637513.4846163,10583428107.42033,0.9426804332842508,0.057319566715749226,,2
2014-01-24,781.042513950906,9612868029.726164,567829119.1942675,10180697148.920431,0.9442249277344941,0.05577507226550593,,2
2014-01-25,804.403240800701,9903703940.559462,618742140.6284629,10522446081.187925,0.9411978796703313,0.058802120329668695,,2
2014-01-26,814.499381373466,10031101355.88135,631486098.2207924,10662587454.102142,0.9407755293038328,0.05922447069616721,,2
2014-01-27,742.701374970777,9150091927.132542,550827081.9152405,9700919009.047783,0.9432190825012042,0.05678091749879577,,2
2014-01-28,790.176401876096,9738027140.096825,591292310.761478,10329319450.858303,0.9427559275734912,0.05724407242650875,,2
2014-01-29,793.38442490941,9780577243.029943,584517063.7849808,10365094306.814924,0.9436071639598428,0.05639283604015721,,2
2014-01-30,799.474479836353,9859171086.457367,594958344.521944,10454129430.979311,0.9430886762546797,0.056911323745320264,,2
2014-01-31,803.237598784921,9909273006.112879,611534476.6815189,10520807482.794397,0.9418738079105036,0.05812619208949643,,2
2014-02-01,813.219549216833,10036259444.951324,627226172.0954353,10663485617.04676,0.9411800048670066,0.05881999513299341,,2
2014-02-02,814.490870426651,10055736698.102497,622075613.0698234,10677812311.172321,0.9417412860479913,0.058258713952008656,,2
2014-02-03,806.997428372531,9966874027.672005,603266634.2181287,10570140661.890133,0.9429272841757762,0.057072715824223796,,2
2014-02-04,800.078231893629,9884858379.634344,584103799.2189592,10468962178.853304,0.9442061410443515,0.05579385895564848,,2
2014-02-05,784.473692777791,9695361198.195812,580944821.9230989,10276306020.118912,0.943467543610931,0.05653245638906901,,2
2014-02-06,763.569382232612,9440477710.384096,561523284.121771,10002000994.505867,0.9438589053900097,0.05614109460999028,,2
2014-02-07,711.571273419053,8800350461.683466,518646271.8011812,9318996733.484648,0.9443452673464727,0.05565473265352727,,2
2014-02-08,677.682300941379,8384312394.90741,508031687.2133843,8892344082.120794,0.9428686426748997,0.05713135732510033,,2
2014-02-09,687.406054576271,8506986612.713221,521081200.194209,9028067812.907429,0.9422820905876207,0.05771790941237931,,2
2014-02-10,685.457498836938,8485545565.293612,524089347.2988918,9009634912.592503,0.9418301238192919,0.058169876180708124,,2
2014-02-11,671.89969169024,8320462974.609264,530065108.06801206,8850528082.677277,0.940109211211308,0.05989078878869203,,2
2014-02-12,653.765780911747,8098811133.284318,528033809.2285586,8626844942.512877,0.9387917816134123,0.06120821838658774,,2
2014-02-13,612.918414962011,7595523910.103821,464576481.2500236,8060100391.353845,0.942360955981593,0.057639044018407026,,2
2014-02-14,668.788602659264,8291082519.487445,512478353.2108233,8803560872.698269,0.9417873789229845,0.058212621077015525,,2
2014-02-15,654.377060198714,8115479465.42532,494998243.79628366,8610477709.221603,0.9425121043788136,0.05748789562118639,,2
2014-02-16,623.250321948568,7732488989.658061,474756111.5940056,8207245101.252067,0.9421540229715354,0.05784597702846461,,2
2014-02-17,631.334596306254,7835234697.490663,469565145.7620356,8304799843.252698,0.9434585836353976,0.056541416364602415,,2
2014-02-18,627.271761415484,7787368652.688505,471914500.66477424,8259283153.353279,0.9428625351737486,0.05713746482625137,,2
2014-02-19,623.54013694623,7744159486.450519,469774838.0251155,8213934324.475634,0.9428075731473413,0.057192426852658684,,2
2014-02-20,563.768561098773,7004311226.10136,455542974.6080903,7459854200.709451,0.9389340646141895,0.06106593538581051,,2
2014-02-21,580.324315973115,7212206643.667632,429240979.13959056,7641447622.807222,0.9438272693437764,0.056172730656223635,,2
2014-02-22,607.12463333723,7548010095.161955,465000992.3685106,8013011087.530465,0.9419692563395892,0.05803074366041083,,2
2014-02-23,610.082323746347,7587343600.977681,465362363.8194163,8052705964.797097,0.942210436360923,0.057789563639076946,,2
2014-02-24,542.266650753945,6746537217.627368,425055146.406772,7171592364.03414,0.940730715741954,0.05926928425804601,,2
2014-02-25,533.707644436002,6642199671.020907,407990639.8871819,7050190310.90809,0.9421305494043278,0.05786945059567217,,2
2014-02-26,587.57858829924,7315347427.473481,446698571.5638898,7762045999.037371,0.9424509244573804,0.057549075542619565,,2
2014-02-27,585.393925650058,7290899751.2384815,437642832.9418759,7728542584.180357,0.9433731744148384,0.05662682558516163,,2
2014-02-28,551.29477030976,6868699958.074753,411795170.1941428,7280495128.268896,0.9434385762315513,0.05656142376844875,,2
2014-03-01,567.534235441262,7073074065.534707,420835872.13149446,7493909937.666202,0.9438429503914543,0.05615704960854573,,2
2014-03-02,558.527707156633,6962782218.561885,390892684.105651,7353674902.667536,0.9468438992368489,0.05315610076315114,,2
2014-03-03,676.505732781999,8436036495.988573,447216028.6117502,8883252524.600323,0.9496562742786746,0.050343725721325394,,2
2014-03-04,674.51139943308,8413679684.586358,504343573.85786676,8918023258.444225,0.9434467079483877,0.0565532920516123,,2
2014-03-05,670.338851099514,8364246723.915033,496682969.0538254,8860929692.968859,0.9439468558871489,0.05605314411285112,,2
2014-03-06,667.712834003507,8334368086.505349,500149908.53760564,8834517995.042955,0.9433868481768626,0.05661315182313742,,2
2014-03-07,631.770295213326,7888356429.445993,474315912.8317745,8362672342.277768,0.9432817772335937,0.05671822276640626,,2
2014-03-08,621.524114496201,7763031842.093223,465364307.8798082,8228396149.973031,0.9434441050967953,0.05655589490320467,,2
2014-03-09,640.578889322034,8003898568.525568,480421226.5604555,8484319795.086023,0.9433753985983995,0.05662460140160053,,2
2014-03-10,628.151241165985,7850957580.555816,472563696.78691626,8323521277.342731,0.9432255074455963,0.0567744925544037,,2
2014-03-11,633.73383823495,7923393434.731566,476734210.4759408,8400127645.207507,0.943246789738019,0.05675321026198099,,2
2014-03-12,634.646823717125,7937695874.874136,517014376.1559194,8454710251.030055,0.9388489539197479,0.061151046080252125,,2
2014-03-13,643.432100859147,8050181562.351056,511087539.3284025,8561269101.679459,0.9403023625050937,0.05969763749490631,,2
2014-03-14,628.308590005845,7863055683.338157,502793883.51460534,8365849566.852762,0.9398992440042456,0.060100755995754374,,2
2014-03-15,636.218650061368,7964671637.61267,507622172.6994437,8472293810.312114,0.940084446542495,0.05991555345750499,,2
2014-03-16,634.168900970894,7941722382.91416,521122989.4128593,8462845372.327019,0.9384222484890367,0.06157775151096334,,2
2014-03-17,622.760208649912,7801357484.821925,507737123.0341705,8309094607.856095,0.9388938088929552,0.06110619110704485,,2
2014-03-18,614.309513717125,7697737311.570462,567360557.9908631,8265097869.561325,0.9313546473441849,0.06864535265581506,,2
2014-03-19,610.511203474576,7652583814.03622,517961495.4220715,8170545309.458291,0.9366062513817193,0.06339374861828073,,2
2014-03-20,586.607595710111,7355554646.774345,486521872.433466,7842076519.207811,0.9379600707488871,0.0620399292511129,,2
2014-03-21,569.694517995324,7146128280.472166,462646482.7780332,7608774763.250199,0.9391956659024026,0.060804334097597446,,2
2014-03-22,564.700026703682,7085878406.695821,459731517.8953476,7545609924.591168,0.9390729811784888,0.06092701882151119,,2
2014-03-23,558.958861691408,7016828469.400794,449221884.4713108,7466050353.872105,0.9398313883272523,0.060168611672747674,,2
2014-03-24,585.023250518995,7346774511.36296,476399706.46380883,7823174217.826769,0.9391040397159722,0.06089596028402777,,2
2014-03-25,583.771189094097,7333342313.479179,480051431.91213435,7813393745.391314,0.9385604453640533,0.06143955463594675,,2
2014-03-26,579.243850400994,7278772312.146112,476496582.5374586,7755268894.683571,0.938558341560006,0.06144165843999405,,2
2014-03-27,483.164012612507,6073523735.479515,382199501.23118824,6455723236.710703,0.9407967957706432,0.059203204229356765,,2
2014-03-28,498.661328949153,6270499057.068129,404807497.9537754,6675306555.021904,0.9393574670141203,0.06064253298587974,,2
2014-03-29,489.517023547633,6157654118.851704,403508632.1530059,6561162751.004709,0.9385004384945006,0.0614995615054994,,2
2014-03-30,458.966328275862,5774962089.454827,383613449.6207995,6158575539.075626,0.9377106853383863,0.06228931466161369,,2
2014-03-31,455.355354056108,5731575961.73435,378261312.7845272,6109837274.518877,0.938089789336605,0.06191021066339497,,2
2014-04-01,479.008465867913,6031346382.543663,388987238.5102447,6420333621.053907,0.9394132359049604,0.0605867640950396,,2
2014-04-02,439.011492524839,5529894031.990361,336450784.13437766,5866344816.124739,0.9426472881018552,0.05735271189814484,,2
2014-04-03,449.441151519579,5663560667.076926,338978556.9462408,6002539224.023167,0.9435274732417255,0.05647252675827452,,2
2014-04-04,449.719869736996,5669265274.405954,334369480.3474018,6003634754.753356,0.944305492588025,0.055694507411975014,,2
2014-04-05,461.675331482174,5821952055.152502,336328263.8844695,6158280319.036972,0.9453860093304319,0.05461399066956807,,2
2014-04-06,458.633480544535,5785324166.341842,346859620.06146115,6132183786.403303,0.9434361995427237,0.05656380045727627,,2
2014-04-07,448.655275066394,5661150113.948946,342555518.09389555,6003705632.042842,0.9429426525735012,0.05705734742649882,,2
2014-04-08,452.803098796026,5715004409.203112,343230325.2299841,6058234734.433096,0.9433448289352059,0.05665517106479412,,2
2014-04-09,442.837984932203,5591013245.689483,337348675.04863566,5928361920.738118,0.9430958029285376,0.05690419707146244,,2
2014-04-10,366.911866063413,4633836284.859532,258948981.35236934,4892785266.211902,0.9470753431300996,0.052924656869900444,,2
2014-04-11,421.943528071303,5330629803.531851,327331583.7468367,5657961387.2786875,0.9421467271793678,0.05785327282063224,,2
2014-04-12,424.274212647575,5361782245.308981,328111030.35372555,5689893275.662706,0.9423344139410927,0.05766558605890726,,2
2014-04-13,416.362321654004,5263741901.896723,315726145.36357826,5579468047.260301,0.9434128589519193,0.056587141048080714,,2
2014-04-14,461.108246586649,5831654343.278687,346339305.14482695,6177993648.423513,0.9439398411759123,0.05606015882408766,,2
2014-04-15,521.615299606078,6599262800.161744,406473937.9386036,7005736738.1003475,0.9419798440714999,0.05802015592850007,,2
2014-04-16,531.481846731999,6726202947.409041,422107627.8259953,7148310575.235037,0.9409500156179047,0.0590499843820953,,2
2014-04-17,499.837551544721,6327838333.005469,395872590.6622012,6723710923.66767,0.9411229014518282,0.0588770985481718,,2
2014-04-18,483.020013533606,6116863917.00978,376851597.8581627,6493715514.867943,0.9419667219798392,0.05803327802016078,,2
2014-04-19,504.365595178488,6389184729.202243,403141637.731998,6792326366.934241,0.9406474871857551,0.05935251281424492,,2
2014-04-20,501.55718444916,6355840372.112891,398462039.10200113,6754302411.214892,0.9410061891157862,0.05899381088421385,,2
2014-04-21,498.084530300994,6313963464.213945,389295038.2142713,6703258502.428217,0.9419245075998111,0.058075492400188944,,2
2014-04-22,489.503510029223,6207070836.842335,382042149.1948071,6589112986.037142,0.9420191837650401,0.057980816234959875,,2
2014-04-23,490.63296754332,6223416602.893509,380616975.9107174,6604033578.804226,0.9423659841566653,0.05763401584333472,,2
2014-04-24,503.291801028638,6385887057.10233,397583438.3874982,6783470495.489828,0.9413893760351959,0.0586106239648041,,2
2014-04-25,466.426171344243,5920249346.641045,349875219.4841937,6270124566.125238,0.9441996381739499,0.05580036182605008,,2
2014-04-26,459.22670981882,5830739443.721431,333866180.299863,6164605624.021294,0.9458414372853141,0.05415856271468589,,2
2014-04-27,438.709363717287,5572174763.277724,316613040.39203984,5888787803.6697645,0.9462345985374555,0.05376540146254449,,2
2014-04-28,441.547805468089,5609904516.174706,324842918.90147686,5934747435.076183,0.9452642387135878,0.05473576128641222,,2
2014-04-29,447.709930772047,5690108831.428477,330860183.49246365,6020969014.920941,0.9450486819193823,0.054951318080617706,,2
2014-04-30,448.875715514009,5706462614.309295,345927366.73775464,6052389981.0470495,0.9428445014579331,0.05715549854206692,,2
2014-05-01,460.194698255991,5852383319.24592,354363988.5280377,6206747307.773958,0.9429066512689832,0.05709334873101679,,2
2014-05-02,452.239779761701,5753039376.083323,339516822.1550904,6092556198.238413,0.9442735017769295,0.05572649822307052,,2
2014-05-03,438.978588005844,5585899281.339316,323775948.94175357,5909675230.28107,0.9452125647645185,0.05478743523548146,,2
2014-05-04,436.675398644705,5558240188.076006,328563695.1705194,5886803883.246526,0.9441864037452323,0.05581359625476767,,2
2014-05-05,432.338179035394,5504384772.499356,324298085.4684594,5828682857.967815,0.9443616862727154,0.05563831372728456,,2
2014-05-06,430.128205394506,5478334250.699367,327614580.4199836,5805948831.11935,0.9435726028682857,0.056427397131714296,,2
2014-05-07,442.18287609585,5633626419.338814,337100112.23660606,5970726531.575419,0.9435411904306963,0.056458809569303714,,2
2014-05-08,440.402762711864,5612785584.474883,335702900.5728518,5948488485.047735,0.943565007914753,0.05643499208524705,,2
2014-05-09,452.697999723553,5771408225.232617,344790355.2548421,6116198580.487459,0.9436266905468328,0.05637330945316721,,2
2014-05-10,456.75584628872,5825185347.699633,347145432.4319076,6172330780.13154,0.9437578048232034,0.05624219517679663,,2
2014-05-11,439.114476037405,5601866711.420653,329016822.14448035,5930883533.565134,0.9445248215915135,0.05547517840848648,,2
2014-05-12,441.280955581531,5631314154.064409,337664575.2371632,5968978729.301573,0.9434300923909184,0.05656990760908165,,2
2014-05-13,439.005774985389,5604057888.535578,330586487.2791212,5934644375.814699,0.9442954848943684,0.05570451510563157,,2
2014-05-14,444.848205727645,5680306682.9458,336389052.58321714,6016695735.5290165,0.944090732294004,0.055909267705996024,,2
2014-05-15,446.96155873758,5709203037.712362,334094011.8333742,6043297049.545736,0.9447165993836945,0.055283400616305545,,2
2014-05-16,448.74215371128,5733977785.103604,334717703.590352,6068695488.693956,0.9448451970915439,0.05515480290845609,,2
2014-05-17,449.2222893045,5742055791.200181,334084386.1213254,6076140177.3215065,0.9450170048136386,0.054982995186361405,,2
2014-05-18,446.962641437756,5715094426.171577,332630051.7732057,6047724477.944783,0.9449991392653119,0.05500086073468813,,2
2014-05-19,447.404856808884,5722627919.563457,329805237.1484041,6052433156.711861,0.9455086527006638,0.054491347299336246,,2
2014-05-20,490.335648158971,6273913162.718683,348915308.7449278,6622828471.463611,0.9473162697405904,0.052683730259409645,,3
2014-05-21,493.933491817651,6322109034.304462,344414191.2754864,6666523225.579948,0.9483367597139776,0.05166324028602243,,3
2014-05-22,526.81428842782,6745232578.297365,341419703.0299883,7086652281.3273535,0.9518221454254788,0.04817785457452117,,3
2014-05-23,523.699320280538,6707509362.755702,355715212.6523085,7063224575.4080105,0.9496384110607498,0.050361588939250246,,3
2014-05-24,527.691243132671,6760669281.582314,357972828.06648344,7118642109.648797,0.9497133269867187,0.05028667301328127,,3
2014-05-25,573.312458796026,7347466289.31905,365928515.5778214,7713394804.896872,0.952559343216101,0.04744065678389897,,3
2014-05-26,584.847974868498,7497613476.323515,367846010.64921165,7865459486.972727,0.9532327372280714,0.04676726277192855,,3
2014-05-27,573.928269245471,7359576774.764472,356243545.61893624,7715820320.383409,0.9538294658472252,0.046170534152774834,,3
2014-05-28,579.189318819404,7429487155.296797,356043050.6997629,7785530205.99656,0.9542686186708861,0.04573138132911392,,3
2014-05-29,570.349310929281,7318103409.655448,346126646.7906787,7664230056.446127,0.954838692961785,0.04516130703821497,,3
2014-05-30,620.846360607832,7968618784.834808,361342761.1226274,8329961545.957436,0.9566213170218069,0.04337868297819314,,3
2014-05-31,627.892420689655,8061363103.304023,344946443.98887825,8406309547.292901,0.9589657694558771,0.04103423054412292,,3
2014-06-01,630.074953535944,8092140707.087941,353945727.78255713,8446086434.870499,0.9580935228982197,0.041906477101780304,,3
2014-06-02,663.505723845704,8524698178.61551,368426116.9571671,8893124295.572678,0.9585718016849732,0.041428198315026754,,3
2014-06-03,672.387897136178,8641808154.46159,370071019.7380736,9011879174.199663,0.958935199575516,0.041064800424484016,,3
2014-06-04,643.887368790181,8278421132.739145,355778533.97842723,8634199666.717573,0.9587942660916385,0.041205733908361464,,3
2014-06-05,661.503558153127,8507425132.2468815,360466031.15803015,8867891163.404911,0.9593515499326871,0.04064845006731288,,3
2014-06-06,650.133315897136,8363454618.504367,355595980.3391469,8719050598.843513,0.9592162040685585,0.04078379593144155,,3
2014-06-07,656.800271770894,8451764871.919811,358938626.3660686,8810703498.28588,0.9592610707605925,0.04073892923940747,,3
2014-06-08,657.819974868498,8467123090.854524,361640071.24892807,8828763162.10345,0.9590384219613876,0.040961578038612445,,3
2014-06-09,648.336322326125,8347582865.630779,361230039.25313663,8708812904.883915,0.9585213228027258,0.04147867719727416,,3
2014-06-10,650.936609585038,8383780238.002946,357561543.0861231,8741341781.08907,0.9590953480551844,0.04090465194481563,,3
2014-06-11,631.489022209235,8135608711.298166,355030598.66249394,8490639309.96066,0.9581856458975951,0.04181435410240486,,3
2014-06-12,591.975077147867,7629087562.663397,332001394.76358557,7961088957.426983,0.9582969871911985,0.04170301280880151,,3
2014-06-13,597.044999707773,7696859223.017364,330953287.55499244,8027812510.572356,0.9587741633079823,0.04122583669201774,,3
2014-06-14,575.559461718293,7422437719.846516,322240999.9601844,7744678719.8067,0.9583919473462384,0.04160805265376155,,3
2014-06-15,589.724646405611,7607913697.277698,324424488.58830327,7932338185.866001,0.9591010265842712,0.04089897341572879,,3
2014-06-16,590.567482174167,7621562611.521574,317480945.48213094,7939043557.003705,0.9600101771450725,0.03998982285492747,,3
2014-06-17,609.080002922268,7863277527.037325,318131084.45922476,8181408611.49655,0.9611153653892576,0.03888463461074243,,3
2014-06-18,607.629796025716,7846955363.483023,317540465.90184504,8164495829.384868,0.9611071555993717,0.038892844400628346,,3
2014-06-19,595.751476914085,7696045540.252878,327968491.2142478,8024014031.467126,0.9591266303961982,0.040873369603801835,,3
2014-06-20,591.531522793688,7644281888.102515,324033912.8970968,7968315800.999612,0.9593347049753667,0.04066529502463334,,3
2014-06-21,592.764349503215,7662969895.204459,325759374.52527386,7988729269.729733,0.9592226293411124,0.040777370658887646,,3
2014-06-22,599.634633547633,7754483949.454893,322689337.56494415,8077173287.019837,0.9600492243884984,0.03995077561150162,,3
2014-06-23,589.552299824664,7626693090.721797,317607512.9245691,7944300603.646366,0.9600207080811128,0.03997929191888716,,3
2014-06-24,579.973718585622,7505506467.194577,312746020.26994187,7818252487.4645195,0.9599979636406746,0.04000203635932542,,3
2014-06-25,562.236779953244,7278599165.190248,298982179.6716736,7577581344.861921,0.960543850858902,0.03945614914109796,,3
2014-06-26,580.749230274693,7520740158.499389,298581713.7656727,7819321872.265061,0.9618148838680328,0.03818511613196718,,3
2014-06-27,600.638305376973,7781263113.330781,303535767.4271058,8084798880.757887,0.9624559903215982,0.03754400967840177,,3
2014-06-28,594.390304208065,7703024797.867049,298330420.7141383,8001355218.581187,0.9627150135740332,0.03728498642596678,,3
2014-06-29,600.840518410286,7788974904.506179,292808839.81509334,8081783744.321272,0.9637692805105262,0.03623071948947376,,3
2014-06-30,638.94611396844,8285063972.982666,291391521.69155204,8576455494.674218,0.9660242483771414,0.033975751622858597,,3
2014-07-01,642.95659672706,8339204790.290083,272344741.2266496,8611549531.516733,0.9683744789216021,0.03162552107839789,,3
2014-07-02,651.298347749854,8449628746.898273,267306685.69560042,8716935432.593874,0.9693347865471044,0.030665213452895634,,3
2014-07-03,646.413389130333,8388499950.529136,267102821.0875682,8655602771.616703,0.9691410490828616,0.030858950917138417,,3
2014-07-04,630.635502922268,8186367619.644586,245106161.39574125,8431473781.040327,0.9709296182659185,0.029070381734081496,,3
2014-07-05,630.468341905318,8186593458.815447,242522877.41816,8429116336.233607,0.9712279594035681,0.028772040596431903,,3
2014-07-06,634.67267445938,8243439551.879233,239392840.75943983,8482832392.638673,0.9717791381841774,0.028220861815822618,,3
2014-07-07,622.854978959673,8092281240.717175,252160352.86422932,8344441593.581404,0.9697810392659237,0.03021896073407626,,3
2014-07-08,624.894331092928,8121120346.3892145,260195026.42449605,8381315372.81371,0.9689553471202761,0.03104465287972391,,3
2014-07-09,621.939091759205,8085295133.413473,262271006.6051798,8347566140.018653,0.9685811406335747,0.0314188593664253,,3
2014-07-10,616.522849795441,8017179778.299044,261458972.85762763,8278638751.156672,0.9684176371603245,0.031582362839675526,,3
2014-07-11,634.494378141438,8253353630.980082,265493893.33061346,8518847524.310695,0.9688345292514089,0.031165470748591106,,3
2014-07-12,636.923957934541,8287456960.000429,289605427.9686617,8577062387.96909,0.9662348931523588,0.033765106847641224,,3
2014-07-13,629.87575043834,8198267373.456794,300093080.40049726,8498360453.857291,0.964688120487489,0.035311879512511024,,3
2014-07-14,619.197459088252,8061371837.189572,288598732.0967765,8349970569.286348,0.9654371557717428,0.03456284422825717,,3
2014-07-15,621.934601402689,8099479060.359117,289350010.62818974,8388829070.987307,0.9655076998017632,0.03449230019823679,,3
2014-07-16,616.351882232612,8028993953.251206,279230387.311534,8308224340.56274,0.9663910872088198,0.03360891279118017,,3
2014-07-17,624.259274985389,8134685025.076653,296149648.2006989,8430834673.277351,0.964873033373625,0.035126966626375045,,3
2014-07-18,630.750140268849,8221979325.367266,297577659.9980398,8519556985.365306,0.9650712284090344,0.034928771590965635,,3
2014-07-19,629.17336440678,8204209766.049146,301582138.05462426,8505791904.10377,0.96454390826219,0.03545609173780995,,3
2014-07-20,625.248676212741,8155455986.217747,289844577.7468012,8445300563.964548,0.9656797794759909,0.03432022052400907,,3
2014-07-21,621.305331385155,8106428368.504002,290462572.86879927,8396890941.372801,0.965408318996065,0.03459168100393495,,3
2014-07-22,619.823264465225,8089291599.24513,287944565.81004596,8377236165.055176,0.9656277368649127,0.034372263135087344,,3
2014-07-23,619.772816773817,8090895378.982157,284855626.2910261,8375751005.273183,0.9659904376202578,0.034009562379742175,,3
2014-07-24,602.87964552893,7872516830.5178385,265270835.1568867,8137787665.674726,0.9674025858064838,0.03259741419351625,,3
2014-07-25,601.578514319112,7857977844.637789,256122119.61528313,8114099964.253072,0.968434931693763,0.031565068306236954,,3
2014-07-26,594.702607247224,7770155179.104973,258144016.15555134,8028299195.260524,0.967845740439277,0.03215425956072304,,3
2014-07-27,591.575444184687,7731559647.227797,261868315.4155811,7993427962.643377,0.9672395477085175,0.0327604522914825,,3
2014-07-28,587.493004967855,7680407552.468035,258498004.4763823,7938905556.944417,0.9674390880931609,0.032560911906839074,,3
2014-07-29,584.11239333723,7638387993.689982,258226187.22721556,7896614180.917198,0.9672991257631353,0.03270087423686474,,3
2014-07-30,562.914625073057,7363607117.266952,245204692.89654884,7608811810.163501,0.9677735894888324,0.03222641051116759,,3
2014-07-31,581.975561952075,7615187932.454973,256280557.68120453,7871468490.136178,0.9674418365515466,0.032558163448453414,,3
2014-08-01,596.506759205143,7807670878.872717,263247072.5162968,8070917951.389013,0.9673832550272684,0.03261674497273159,,3
2014-08-02,589.757261542957,7721730033.748468,260203174.25136784,7981933207.999836,0.9674009832617265,0.03259901673827348,,3
2014-08-03,586.753736703682,7684663690.325994,255543578.04376242,7940207268.369756,0.9678165103999572,0.0321834896000428,,3
2014-08-04,587.60833547633,7697736644.3016205,252636754.79213402,7950373399.093755,0.9682232843527913,0.03177671564720874,,3
2014-08-05,581.881988603156,7624684694.6667,244490092.4244813,7869174787.091182,0.9689306567665075,0.03106934323349253,,3
2014-08-06,582.248371420222,7631872806.490932,243331036.2584516,7875203842.749384,0.9691016205907503,0.030898379409249666,,3
2014-08-07,586.046633547633,7684003054.893186,242820332.0350246,7926823386.92821,0.9693672584612584,0.030632741538741626,,3
2014-08-08,589.024412624196,7725373119.050059,238507407.5169103,7963880526.56697,0.9700513579126073,0.029948642087392674,,3
2014-08-09,588.978521332554,7727451082.260735,236022084.69841918,7963473166.959154,0.970361916245579,0.029638083754421007,,3
2014-08-10,589.373502045587,7735241242.426252,235659231.17428234,7970900473.600534,0.9704350553673602,0.02956494463263981,,3
2014-08-11,573.441483927528,7528750393.807314,207420762.87395084,7736171156.681265,0.9731881884884599,0.026811811511540107,,3
2014-08-12,568.307520163647,7463818388.651985,195942286.78241947,7659760675.434404,0.9744192677702288,0.025580732229771197,,3
2014-08-13,548.370175336061,7203960811.173462,176412746.80233422,7380373557.975796,0.9760970436771877,0.023902956322812252,,3
2014-08-14,505.107499707773,6637890303.918651,174953298.71482486,6812843602.633475,0.9743200770604513,0.025679922939548683,,3
2014-08-15,500.323060132671,6577079233.508922,734584115.080736,7311663348.589658,0.8995325577698501,0.10046744223014992,,4
2014-08-16,521.7479628872,6860784727.658821,730870007.9798838,7591654735.638705,0.9037271802484845,0.09627281975151547,,4
2014-08-17,497.764658971362,6547529019.656276,993272954.3352879,7540801973.991564,0.8682801964882364,0.1317198035117636,,4
2014-08-18,468.957918176505,6170930387.993115,603143542.7505447,6774073930.74366,0.9109629524394146,0.08903704756058539,,4
2014-08-19,486.794350672122,6407900293.38721,652443437.9587495,7060343731.34596,0.9075904144635222,0.09240958553647782,,4
2014-08-20,515.120353886616,6782945022.741427,693280011.9024069,7476225034.643834,0.9072687073101947,0.09273129268980529,,4
2014-08-21,519.307852133255,6840226845.525137,819952439.1726481,7660179284.697785,0.8929591059558343,0.10704089404416572,,4
2014-08-22,516.159368790181,6800781531.593973,803178488.9855477,7603960020.579521,0.8943736570403042,0.10562634295969575,,4
2014-08-23,497.12575949737,6552013007.6780815,750294350.3078698,7302307357.985951,0.8972524280989991,0.10274757190100092,,4
2014-08-24,508.430741963764,6702866072.334486,755311335.4266127,7458177407.761099,0.8987270891892939,0.10127291081070611,,4
2014-08-25,501.610286674459,6614667025.942611,660981953.0607469,7275648979.003358,0.9091514784497904,0.09084852155020962,,4
2014-08-26,511.852321741672,6751941118.805074,768600739.341877,7520541858.146951,0.8977998189705896,0.10220018102941042,,4
2014-08-27,510.162323787259,6731803470.867446,642306520.5546882,7374109991.422134,0.9128970789285967,0.08710292107140327,,4
2014-08-28,506.285151665693,6682832259.805304,630360994.5318158,7313193254.337119,0.9138049587082938,0.08619504129170619,,4
2014-08-29,508.866571887785,6719069017.947292,698815773.3349112,7417884791.282204,0.905793121220191,0.09420687877980904,,4
2014-08-30,501.275723261251,6621120334.482542,706556573.836198,7327676908.31874,0.9035770022782964,0.0964229977217036,,4
2014-08-31,478.511425482174,6322686205.265619,646673977.2753569,6969360182.540977,0.9072118587161921,0.09278814128380786,,4
2014-09-01,474.541489772063,6271843933.857899,612756268.1658145,6884600202.023713,0.9109960999644255,0.08900390003557446,,4
2014-09-02,474.430670660433,6272122810.292736,614027041.8873928,6886149852.180129,0.9108315887588484,0.0891684112411516,,4
2014-09-03,473.95920338983,6267892342.198352,618049049.0347562,6885941391.2331085,0.9102447996694205,0.08975520033057949,,4
2014-09-04,489.555201344243,6476075980.695105,675421877.0725591,7151497857.767664,0.9055551871082582,0.09444481289174178,,4
2014-09-05,478.749782875511,6334872080.810288,676922859.6639794,7011794940.474268,0.9034594044163258,0.09654059558367423,,4
2014-09-06,480.64249181765,6362067497.940154,683067909.1959302,7045135407.136085,0.9030440339721442,0.09695596602785583,,4
2014-09-07,478.36550087668,6333781569.223851,684256052.5828255,7018037621.806677,0.9025003726887011,0.09749962731129891,,4
2014-09-08,468.975495908825,6211141850.891306,658090920.5504102,6869232771.441716,0.9041973183255093,0.09580268167449069,,4
2014-09-09,473.51202717709,6272952283.811393,645788616.509566,6918740900.320959,0.9066609624766252,0.0933390375233748,,4
2014-09-10,477.778417592051,6331347487.483828,693082375.7456084,7024429863.229436,0.901332579406385,0.098667420593615,,4
2014-09-11,477.270682057276,6326647559.46915,667194094.9595679,6993841654.428718,0.9046026307248349,0.09539736927516507,,4
2014-09-12,473.997282291058,6285080622.479268,625099945.3560116,6910180567.835279,0.9095392748106098,0.09046072518939019,,4
2014-09-13,477.960973991818,6339800916.430825,640686909.8137726,6980487826.244597,0.9082174590427654,0.09178254095723459,,4
2014-09-14,475.648063997662,6311000675.694806,697851077.2237002,7008851752.918507,0.9004328951695814,0.09956710483041864,,4
2014-09-15,472.655629748685,6273163405.083723,693328108.088569,6966491513.172292,0.90047671675511,0.09952328324489002,,4
2014-09-16,464.177754529515,6162628008.039854,688395871.0829394,6851023879.122793,0.8995192713923102,0.10048072860768975,,4
2014-09-17,456.339891291642,6060691069.1306095,735918527.6064776,6796609596.737087,0.8917227012774461,0.10827729872255387,,4
2014-09-18,426.880106954997,5671343316.691176,737252832.4740001,6408596149.165176,0.8849587623695029,0.11504123763049712,,4
2014-09-19,393.893890707189,5234786700.077503,620499222.6451398,5855285922.722643,0.8940275110670233,0.10597248893297673,,4
2014-09-20,411.041342781999,5464482172.793501,694601806.1613742,6159083978.954875,0.8872231960897471,0.11277680391025291,,4
2014-09-21,400.404530683811,5324715500.714623,659329812.5892262,5984045313.30385,0.8898187132501502,0.11018128674984984,,4
2014-09-22,400.881622150789,5332743727.964326,659813517.457382,5992557245.421708,0.8898944990535589,0.11010550094644111,,4
2014-09-23,438.491800993571,5834698972.616527,656164912.8774829,6490863885.494009,0.898909463446938,0.101090536553062,,4
2014-09-24,423.700091759205,5639528633.478035,694889454.9589082,6334418088.436943,0.8902994015776473,0.10970059842235269,,4
2014-09-25,409.537749853887,5452786187.234508,684123570.3051877,6136909757.539696,0.8885231171169355,0.11147688288306445,,4
2014-09-26,405.298251899474,5397697184.168389,725863999.9353846,6123561184.103774,0.8814637466480022,0.1185362533519978,,4
2014-09-27,400.599334599649,5336459764.17459,639302839.4886092,5975762603.663199,0.8930173633241871,0.10698263667581287,,4
2014-09-28,375.549989772063,5003993225.188914,709686889.514161,5713680114.703075,0.8757916307411197,0.12420836925888035,,4
2014-09-29,373.0645578609,4972153983.458165,668544196.7468618,5640698180.205027,0.8814784667804081,0.11852153321959191,,4
2014-09-30,389.264040411455,5189547431.442713,660916425.2766322,5850463856.719345,0.8870317907327023,0.11296820926729767,,4
2014-10-01,382.909365867914,5106312655.53271,686806284.3968669,5793118939.929577,0.8814444703244405,0.11855552967555949,,4
2014-10-02,372.525699006429,4969125807.051179,675022304.8836014,5644148111.93478,0.8804031553572736,0.11959684464272635,,4
2014-10-03,357.665713617767,4772213722.0931835,674630438.9215657,5446844161.01475,0.8761428785221786,0.12385712147782135,,4
2014-10-04,328.826113091759,4388682580.260336,644969409.1834757,5033651989.443811,0.8718684941795627,0.1281315058204373,,4
2014-10-05,322.826261542957,4309969413.808049,769457790.8112694,5079427204.619319,0.8485148502351778,0.1514851497648222,,4
2014-10-06,326.803532729398,4364384310.694091,789835071.323779,5154219382.01787,0.8467595162752736,0.15324048372472643,,4
2014-10-07,333.570194915254,4455868952.722568,628713339.7231317,5084582292.4457,0.8763490679151307,0.12365093208486932,,4
2014-10-08,354.407334307423,4735489718.929568,668396475.8216574,5403886194.751225,0.8763118889382111,0.1236881110617889,,4
2014-10-09,361.716424897721,4834490053.511129,717018841.6798086,5551508895.190938,0.8708425303432487,0.12915746965675134,,4
2014-10-10,358.890390810053,4798109635.995668,625723270.7605469,5423832906.756215,0.8846344860695999,0.11536551393040007,,4
2014-10-11,361.908376972531,4839760837.727771,669114737.5959443,5508875575.323715,0.8785387819261782,0.12146121807382182,,4
2014-10-12,377.871243717124,5054628618.96669,660937411.1750826,5715566030.141772,0.8843618623790638,0.11563813762093622,,4
2014-10-13,391.994208942139,5245064708.897221,640229865.5058029,5885294574.403024,0.8912153236491573,0.10878467635084266,,4
2014-10-14,400.880592054354,5365291551.155063,662939233.5721908,6028230784.727253,0.8900275624397507,0.10997243756024933,,4
2014-10-15,394.625879894798,5283069667.50673,626988634.2115587,5910058301.718288,0.8939115991412018,0.10608840085879823,,4
2014-10-16,382.321476329632,5119758564.702795,618618279.0131845,5738376843.71598,0.8921962959454945,0.10780370405450546,,4
2014-10-17,382.200789596727,5119499232.526595,626420537.3036422,5745919769.830237,0.8909799366512648,0.10902006334873515,,4
2014-10-18,391.293177089421,5242894153.666234,653213108.918495,5896107262.584729,0.8892128179106191,0.11078718208938088,,4
2014-10-19,388.684497954413,5209233125.406047,651108276.4395851,5860341401.845632,0.8888958455160091,0.11110415448399091,,4
2014-10-20,381.190858562244,5110107339.437175,685523558.3456265,5795630897.782802,0.8817171813671082,0.1182828186328918,,4
2014-10-21,385.204633541204,5165387968.708736,675563853.974374,5840951822.68311,0.884340108516073,0.11565989148392697,,4
2014-10-22,380.778763296318,5107553013.098543,652406833.0537678,5759959846.152311,0.8867341352232551,0.11326586477674494,,4
2014-10-23,357.344793103448,4794571841.573631,639757414.9617431,5434329256.535375,0.882274815389155,0.11772518461084502,,4
2014-10-24,357.48843395675,4797920118.279345,652146238.638513,5450066356.917857,0.8803415966099691,0.11965840339003087,,4
2014-10-25,345.811246639392,4642538389.7121725,628031117.104534,5270569506.816707,0.8808418869550495,0.1191581130449505,,4
2014-10-26,353.081956165985,4741251517.256755,623342954.1176604,5364594471.374415,0.8838042731013814,0.11619572689861857,,4
2014-10-27,350.015711864407,4701468719.300908,630163562.2006311,5331632281.501539,0.8818066346422602,0.11819336535773983,,4
2014-10-28,354.653805084746,4764991907.390335,616956294.1598539,5381948201.550189,0.8853656202075395,0.1146343797924605,,4
2014-10-29,333.599350087668,4483405058.008984,616272282.7472148,5099677340.756199,0.8791546520361164,0.12084534796388358,,4
2014-10-30,344.609382232613,4632838862.435348,617636198.6855463,5250475061.1208935,0.8823656542511621,0.11763434574883791,,4
2014-10-31,337.182912624196,4534584097.182944,630278669.4855392,5164862766.668484,0.8779679736017282,0.12203202639827182,,4
2014-11-01,324.371315020456,4363577474.228034,598352831.2333596,4961930305.461393,0.8794112785955948,0.12058872140440524,,4
2014-11-02,324.248566627703,4363182675.130129,605003483.4332522,4968186158.563381,0.8782244738574375,0.12177552614256248,,4
2014-11-03,325.361865575687,4379538202.27434,598511852.8790047,4978050055.153344,0.8797698202613657,0.12023017973863426,,4
2014-11-04,329.657703974284,4438697512.256594,622591074.4133223,5061288586.669916,0.8769896116864268,0.12301038831357325,,4
2014-11-05,338.805765341905,4563041057.09463,622183450.379595,5185224507.474225,0.8800083873933037,0.11999161260669633,,4
2014-11-06,349.689911747516,4710975207.975009,664979107.1131173,5375954315.088126,0.8763049185059497,0.12369508149405029,,4
2014-11-07,342.133288135593,4610456396.269498,604431234.4631364,5214887630.732635,0.8840950606680242,0.11590493933197576,,4
2014-11-08,345.716332554062,4660062487.584746,623210816.245078,5283273303.829824,0.8820407765403098,0.11795922345969023,,4
2014-11-09,363.610051724138,4902623335.337055,630524677.4576163,5533148012.794672,0.8860459405749472,0.11395405942505277,,4
2014-11-10,365.502253945061,4929479477.777683,648684238.8910975,5578163716.668781,0.8837100752434557,0.11628992475654432,,4
2014-11-11,367.825466978375,4961998574.957066,645235704.5374004,5607234279.494466,0.8849279925939579,0.11507200740604207,,4
2014-11-12,422.591419637639,5702349216.989918,646898745.4159324,6349247962.40585,0.8981141153651195,0.10188588463488046,,4
2014-11-13,421.914471654004,5694744080.086427,686551319.7269176,6381295399.813344,0.8924119200394642,0.10758807996053577,,4
2014-11-14,398.388882817066,5378743834.818093,665429217.4620672,6044173052.280161,0.8899056642312657,0.11009433576873429,,4
2014-11-15,377.993840736411,5104708459.692982,684132718.8028934,5788841178.495875,0.8818187098750819,0.11818129012491807,,4
2014-11-16,390.205823495032,5271091380.888202,662531813.4647555,5933623194.352957,0.8883427895968709,0.11165721040312915,,4
2014-11-17,387.501031560491,5235948730.382426,696369235.6766433,5932317966.05907,0.8826143103486996,0.11738568965130036,,4
2014-11-18,373.864564582116,5053130942.788553,677039455.6459762,5730170398.434529,0.8818465405791525,0.11815345942084754,,4
2014-11-19,377.613398012858,5105131036.931972,697649190.2200733,5802780227.152045,0.8797732874742227,0.12022671252577732,,4
2014-11-20,356.181265341905,4816608899.340705,728912645.8126626,5545521545.153368,0.8685583240678756,0.1314416759321244,,4
2014-11-21,350.748858854471,4744260556.958859,805389214.8931699,5549649771.85203,0.8548756681947525,0.14512433180524753,,4
2014-11-22,352.455514611338,4768701889.690104,1074385741.1848872,5843087630.87499,0.8161270531854063,0.18387294681459365,,4
2014-11-23,367.773242255991,4977255417.379971,986563920.1124947,5963819337.492465,0.8345751498690933,0.1654248501309067,,4
2014-11-24,376.994223845704,5103432931.307469,986542108.5871156,6089975039.894585,0.8380055579662619,0.16199444203373814,,4
2014-11-25,376.755630040912,5101446341.234383,1124199867.4853597,6225646208.719742,0.8194243890841747,0.1805756109158253,,4
2014-11-26,367.530208065459,4977788630.808806,1338663058.608239,6316451689.417046,0.788067237045268,0.21193276295473196,,4
2014-11-27,369.530227352425,5006179265.651375,1681646324.7667212,6687825590.418097,0.7485511094703067,0.2514488905296933,,4
2014-11-28,377.896931911163,5120924701.3427725,1683381501.0255535,6804306202.368326,0.7526005663237744,0.24739943367622563,,4
2014-11-29,376.07633547633,5097729689.693371,1488616325.3721864,6586346015.0655575,0.7739844942905919,0.2260155057094081,,4
2014-11-30,378.690397136178,5134678161.082396,1249245574.0748982,6383923735.157293,0.8043138317591262,0.19568616824087381,,4
2014-12-01,379.111978959673,5141626519.7315445,1503407666.7968104,6645034186.528355,0.7737547129787975,0.2262452870212025,,4
2014-12-02,382.946796317943,5195071474.5043125,1430598543.7962618,6625670018.300574,0.7840824339508539,0.21591756604914614,,4
2014-12-03,375.916019286967,5100781830.036416,1445757884.6016982,6546539714.638114,0.7791569366990974,0.22084306330090264,,4
2014-12-04,368.845568088837,5006189589.777437,1462023090.0485346,6468212679.825972,0.7739679935682217,0.22603200643177834,,4
2014-12-05,378.428329631794,5137728351.695431,1546080743.285777,6683809094.981208,0.76868268956893,0.23131731043106996,,4
2014-12-06,375.13795119813,5094341409.984036,1606416932.604477,6700758342.588513,0.7602634134118146,0.23973658658818542,,4
2014-12-07,376.639793103448,5115922710.427437,1640279318.4322128,6756202028.85965,0.7572187285954993,0.24278127140450068,,4
2014-12-08,363.215676797195,4935062172.837815,1659102727.1708071,6594164900.008622,0.7483983563758563,0.2516016436241437,,4
2014-12-09,351.106837814144,4771784114.212252,1726494953.5392308,6498279067.751482,0.7343150493324954,0.26568495066750464,,4
2014-12-10,347.881393921683,4729191782.833354,1741768909.3525846,6470960692.185939,0.7308330258510345,0.2691669741489655,,4
2014-12-11,348.593006136762,4740155421.832262,1800780159.4742336,6540935581.306496,0.7246907361967103,0.2753092638032897,,4
2014-12-12,353.190612507306,4803918508.264444,1832264703.9457886,6636183212.210233,0.7238978121377788,0.2761021878622212,,4
2014-12-13,349.242945061368,4751499086.572427,1847127306.2202392,6598626392.7926655,0.7200739674793895,0.27992603252061055,,4
2014-12-14,356.07972150789,4845769566.826181,1852724872.4296842,6698494439.255865,0.7234117473365399,0.2765882526634601,,4
2014-12-15,347.095181472823,4724725483.753984,2201538231.7091265,6926263715.463111,0.6821463458294087,0.3178536541705913,,4
2014-12-16,328.613320280538,4474321674.239947,2387461556.3491473,6861783230.589094,0.652063978689082,0.34793602131091805,,4
2014-12-17,320.297613383986,4362121917.476236,2881835381.069547,7243957298.545784,0.6021738861370604,0.39782611386293965,,4
2014-12-18,313.511651179427,4270715212.2533617,2927712573.514392,7198427785.767754,0.5932844420134535,0.40671555798654646,,4
2014-12-19,318.242888661601,4336255009.048291,2249154565.0709496,6585409574.119241,0.6584639816617996,0.34153601833820035,,4
2014-12-20,330.065758328463,4498454597.075575,2637460935.305821,7135915532.381395,0.6303962787483209,0.36960372125167906,,4
2014-12-21,320.992670075979,4375857072.600248,2563545833.9705462,6939402906.570795,0.6305812087170827,0.3694187912829173,,4
2014-12-22,331.842584453536,4525126532.888657,2622369765.476228,7147496298.364885,0.6331065234582715,0.36689347654172855,,4
2014-12-23,336.084128579778,4584226091.329003,2394666395.331086,6978892486.6600895,0.6568701409416454,0.3431298590583546,,4
2014-12-24,323.032297779077,4407433219.58878,2354462199.0605817,6761895418.649363,0.6518044049354924,0.3481955950645076,,4
2014-12-25,318.996144360023,4353624220.145397,2554590737.9303765,6908214958.075773,0.6302097208275151,0.36979027917248486,,4
2014-12-26,329.210341905319,4494277461.787612,2634005214.4975142,7128282676.285126,0.6304853028260918,0.36951469717390817,,4
2014-12-27,315.968443892461,4314703858.034944,2509676820.133563,6824380678.168507,0.6322484136674659,0.36775158633253413,,4
2014-12-28,317.010480420807,4330272746.483408,2511370734.86772,6841643481.351128,0.632928733905357,0.367071266094643,,4
2014-12-29,313.065531560491,4277669438.88849,2474894986.9026017,6752564425.791092,0.6334881341598371,0.36651186584016293,,4
2014-12-30,310.442004091175,4243025008.2295938,2502145506.9310184,6745170515.160612,0.629046367129321,0.37095363287067895,,4
2014-12-31,320.662287258913,4383931184.775236,2575185321.7048955,6959116506.480131,0.6299551359275339,0.37004486407246606,,4
2015-01-01,314.77647194623,4304761773.784208,2516270955.484237,6821032729.268446,0.6311011755320947,0.36889882446790534,,4
2015-01-02,315.942731735827,4322014357.174627,2572319626.7866035,6894333983.961231,0.6268936734468087,0.3731063265531913,,4
2015-01-03,285.647309760374,3908737739.4016304,2201063897.720731,6109801637.122361,0.6397487138784748,0.36025128612152524,,4
2015-01-04,263.334574810053,3604547303.485488,1897602279.6509087,5502149583.136396,0.6551161957743039,0.3448838042256961,,4
2015-01-05,275.003851548802,3765349926.232124,2153883250.155566,5919233176.38769,0.6361212363203423,0.36387876367965766,,4
2015-01-06,287.549521040327,3938260925.363736,2193033884.4677315,6131294809.831468,0.6423212465740149,0.3576787534259851,,4
2015-01-07,297.535565166569,4076070558.8848286,2246508430.939525,6322578989.824354,0.644684797998556,0.35531520200144395,,4
2015-01-08,284.342391876096,3896376434.109535,2136624224.27933,6033000658.388865,0.6458438602508086,0.35415613974919136,,4
2015-01-09,292.501114552893,4009200101.349313,2185434219.179017,6194634320.52833,0.6472052899173191,0.35279471008268093,,4
2015-01-10,276.230532144944,3787200643.1621666,2047469727.7717726,5834670370.933939,0.649085621362353,0.35091437863764696,,4
2015-01-11,268.755515488019,3685757426.270803,1975786264.046722,5661543690.317525,0.6510163354518048,0.3489836645481952,,4
2015-01-12,268.617232028054,3684814575.287508,1888896776.7735264,5573711352.061034,0.6611061001436584,0.33889389985634155,,4
2015-01-13,224.108117767388,3074962783.802202,1530175862.8926742,4605138646.694877,0.6677242575550061,0.3322757424449939,,4
2015-01-14,175.637640561075,2410541394.676775,1478980955.913094,3889522350.589869,0.6197525499014557,0.3802474500985443,,4
2015-01-15,212.341011396844,2915078937.6187863,1758455565.8360817,4673534503.454868,0.6237418244080236,0.3762581755919764,,4
2015-01-16,207.595204850964,2850648523.4319754,1684480800.1058695,4535129323.537845,0.6285705037421492,0.3714294962578508,,4
2015-01-17,199.824836645237,2744637050.627337,1577854689.9313493,4322491740.558686,0.6349664071937798,0.36503359280622016,,4
2015-01-18,211.132518410286,2900758070.2695274,1645819758.503234,4546577828.772761,0.638009109161674,0.36199089083832603,,4
2015-01-19,216.894694915254,2980705663.4190784,1700480986.1786141,4681186649.5976925,0.6367414688912787,0.3632585311087213,,4
2015-01-20,211.919853886616,2912963378.745639,1723960679.3830829,4636924058.128721,0.6282102838495042,0.37178971615049583,,4
2015-01-21,227.904210403273,3133526729.5787454,1776768265.4411738,4910294995.019919,0.6381544760053737,0.36184552399462633,,4
2015-01-22,233.647382817066,3213279974.8754363,1775682420.1091685,4988962394.984605,0.6440778102688729,0.3559221897311271,,4
2015-01-23,233.132852425482,3206926509.857733,1732617832.7965617,4939544342.654295,0.6492352912322417,0.35076470876775834,,4
2015-01-24,249.08212390415,3427105944.2266946,1752726296.8017638,5179832241.028459,0.6616248914552184,0.3383751085447816,,4
2015-01-25,254.51794126242,3502692396.5058613,1756145725.3124623,5258838121.818323,0.6660582271915897,0.3339417728084103,,4
2015-01-26,273.952244886032,3771018340.3958287,1732967729.039741,5503986069.43557,0.6851431476792499,0.3148568523207501,,4
2015-01-27,264.753804500292,3645385810.763192,1654449069.490754,5299834880.253946,0.6878300726585128,0.3121699273414872,,4
2015-01-28,235.735840444185,3246805002.498614,1546548997.8672974,4793354000.3659115,0.6773555640269343,0.3226444359730657,,4
2015-01-29,233.957373465809,3223269286.8193126,1515236705.8260424,4738505992.645355,0.680229019826535,0.31977098017346495,,4
2015-01-30,228.896189947399,3154330219.336208,1528576159.1379924,4682906378.4742,0.6735838738599685,0.32641612614003146,,4
2015-01-31,217.332156049094,2995872651.2747865,1485481084.9912393,4481353736.266026,0.6685195651997384,0.33148043480026157,,4
2015-02-01,227.111301285798,3131555924.450037,1458109698.796615,4589665623.246652,0.6823058979697147,0.31769410203028525,,4
2015-02-02,240.092419929866,3311502260.803947,1468631656.365406,4780133917.1693535,0.6927634911879028,0.3072365088120972,,4
2015-02-03,227.775695791935,3142345617.194964,1404641929.1486344,4546987546.343598,0.6910829610082924,0.30891703899170764,,4
2015-02-04,226.781134132087,3129526308.6160164,1425701923.6591694,4555228232.275186,0.6870185529766357,0.3129814470233643,,4
2015-02-05,217.011151081239,2995565459.8899717,1633105737.066807,4628671196.956779,0.6471761186794759,0.3528238813205241,,4
2015-02-06,222.724969316189,3075423077.971155,1517471213.0091577,4592894290.980312,0.6696045855030409,0.3303954144969591,,4
2015-02-07,228.647127410871,3158106085.154654,1580538292.5931628,4738644377.747817,0.6664577109826585,0.3335422890173415,,4
2015-02-08,224.035988895383,3095155714.175765,1534627348.9439993,4629783063.119764,0.6685314780364902,0.33146852196350984,,4
2015-02-09,220.768493863238,3050902424.29268,1466730363.6398878,4517632787.932568,0.6753320970314817,0.32466790296851833,,4
2015-02-10,220.888154295734,3053351264.7799406,1447607408.8987174,4500958673.678658,0.6783779825919665,0.32162201740803353,,4
2015-02-11,219.495859731151,3034972495.474273,1438861861.6474025,4473834357.1216755,0.6783828486280568,0.32161715137194324,,4
2015-02-12,222.583227936879,3078323766.3727307,1495631188.062407,4573954954.435138,0.6730113866529954,0.3269886133470046,,4
2015-02-13,236.555363822326,3272421689.8762527,1551118991.0752623,4823540680.951515,0.6784273019193691,0.32157269808063094,,4
2015-02-14,257.627695791935,3564959250.338558,1575632713.3632588,5140591963.701817,0.6934919704794812,0.3065080295205188,,4
2015-02-15,234.445803039158,3244997129.4419994,1439125865.8708653,4684122995.312864,0.6927651414553126,0.30723485854468735,,4
2015-02-16,235.086126826417,3254782653.53027,1450977240.1729565,4705759893.703226,0.6916593126405561,0.30834068735944387,,4
2015-02-17,243.905794272355,3377800069.693703,1479530682.2864423,4857330751.980145,0.6954025250013508,0.3045974749986492,,4
2015-02-18,235.995232320281,3269233640.3151255,1453575748.7367096,4722809389.051835,0.6922222285518633,0.30777777144813667,,4
2015-02-19,241.872253945061,3351651583.6376176,1447521847.2653513,4799173430.902969,0.6983810091245235,0.3016189908754765,,4
2015-02-20,245.530775277615,3403317980.169206,1410635655.7102935,4813953635.879499,0.7069694138313874,0.29303058616861255,,4
2015-02-21,245.596002630041,3405093966.41488,1429854799.1122234,4834948765.527103,0.704266814716424,0.29573318528357595,,4
2015-02-22,236.690668322618,3282518444.0460014,1401558061.4343226,4684076505.480324,0.7007824146777891,0.2992175853222109,,4
2015-02-23,239.066017825833,3316309401.168135,1435742263.9515061,4752051665.119641,0.6978689700514107,0.3021310299485893,,4
2015-02-24,239.869262127411,3328225536.1133857,1386369642.9712248,4714595179.08461,0.705940894115027,0.29405910588497297,,4
2015-02-25,238.236111046172,3306512284.3025994,1398581341.9488142,4705093626.251413,0.7027516446972225,0.2972483553027775,,4
2015-02-26,237.044402396259,3290861309.890165,1394811614.1460547,4685672924.03622,0.7023241620235477,0.29767583797645225,,4
2015-02-27,255.116774400935,3542727502.119319,1410934242.5949013,4953661744.71422,0.7151734786695052,0.2848265213304948,,4
2015-02-28,254.948448568089,3541295080.490139,1338509755.6753793,4879804836.165518,0.7257042442035119,0.2742957557964881,,4
2015-03-01,260.651330800701,3621421761.2892585,1245969915.8153431,4867391677.104602,0.7440169194363014,0.25598308056369856,,4
2015-03-02,276.322613676213,3840245961.7741632,1272164600.5243828,5112410562.298546,0.7511614951455667,0.24883850485443326,,4
2015-03-03,282.705900935126,3930075596.1308026,969877434.7641916,4899953030.894995,0.8020639323175226,0.1979360676824774,,4
2015-03-04,273.447536528346,3802326215.650573,1135466150.086931,4937792365.737504,0.7700457884852072,0.22995421151479278,,4
2015-03-05,276.268809175921,3842468093.2194257,1219864735.8803842,5062332829.09981,0.7590311073842804,0.24096889261571963,,4
2015-03-06,273.31811484512,3802439815.859743,1146778286.6064508,4949218102.466194,0.7682910183257005,0.23170898167429954,,4
2015-03-07,276.403357393337,3846329553.170976,1127516656.0065582,4973846209.177534,0.7733109130060936,0.22668908699390644,,4
2015-03-08,275.338033898305,3832578713.5059977,1106549111.9306912,4939127825.436689,0.7759626494718515,0.22403735052814855,,4
2015-03-09,290.130059029807,4039521363.792741,1118829711.1175947,5158351074.910336,0.7831032252613704,0.21689677473862956,,4
2015-03-10,292.320383109293,4071128369.552176,1096219293.5885565,5167347663.140733,0.7878564855606657,0.21214351443933432,,4
2015-03-11,296.693329339568,4133172397.6432896,1123620788.3817701,5256793186.02506,0.7862535677894151,0.21374643221058487,,4
2015-03-12,295.800344827586,4121701164.266951,1151339598.9563065,5273040763.223257,0.7816554715475923,0.2183445284524077,,4
2015-03-13,285.911026300409,3984946334.609023,1133774698.8592057,5118721033.468229,0.7785042999127835,0.22149570008721653,,4
2015-03-14,283.608306253653,3953780496.6016464,1206616922.2268574,5160397418.828504,0.7661775200056627,0.23382247999433725,,4
2015-03-15,287.270142022209,4005857102.306764,1169444321.2394605,5175301423.546225,0.7740335826781404,0.22596641732185963,,4
2015-03-16,291.392118059614,4064348851.756613,1191710889.0918305,5256059740.848443,0.7732691506852123,0.2267308493147877,,4
2015-03-17,285.248396551724,3979568774.68936,1167661571.9158542,5147230346.605214,0.7731475971954569,0.2268524028045431,,4
2015-03-18,257.286160140269,3590445029.532207,1094161114.170611,4684606143.702818,0.7664347694114235,0.23356523058857648,,4
2015-03-19,262.092947983635,3658421733.575414,1093087095.3886905,4751508828.964105,0.769949476106309,0.23005052389369096,,4
2015-03-20,262.966492109877,3671509176.3995695,1096600461.5990427,4768109637.998612,0.7700135808833174,0.2299864191166826,,4
2015-03-21,261.18429748685,3647612342.244767,1071820577.0056257,4719432919.250393,0.7728920835734927,0.2271079164265073,,4
2015-03-22,268.899415838691,3756313691.7441807,1098515943.820176,4854829635.564357,0.773727189977393,0.22627281002260702,,4
2015-03-23,266.777992986558,3727646150.526438,1051055129.4523371,4778701279.978775,0.7800542306639001,0.21994576933609988,,4
2015-03-24,246.835082992402,3450054626.3373647,1004520083.5089719,4454574709.846336,0.7744969724520294,0.22550302754797058,,4
2015-03-25,246.719136762127,3449433239.2760797,959265681.5954401,4408698920.87152,0.7824152434056869,0.2175847565943131,,4
2015-03-26,249.532993571011,3489697647.733156,940372036.9111388,4430069684.644295,0.7877297415499585,0.21227025845004155,,4
2015-03-27,247.378898305085,3460630353.820043,950911145.4633825,4411541499.283425,0.7844492348949136,0.21555076510508642,,4
2015-03-28,253.23161396844,3543442060.8842163,966133880.2873563,4509575941.171573,0.785759483177401,0.21424051682259904,,4
2015-03-29,242.967614260666,3400748395.4846005,914353300.0648217,4315101695.549422,0.7881038815358902,0.21189611846410983,,4
2015-03-30,248.336934541204,3476782836.084996,896151157.9602468,4372933994.045243,0.7950686749032656,0.2049313250967344,,4
2015-03-31,244.712485680888,3426957264.2116175,845880370.111482,4272837634.3230996,0.802033111832604,0.19796688816739605,,4
2015-04-01,247.185819403857,3462409579.406614,849883067.765658,4312292647.172272,0.8029161892982942,0.19708381070170577,,4
2015-04-02,253.630070426651,3553728796.7408247,889896664.3570797,4443625461.097904,0.7997363476855205,0.2002636523144795,,4
2015-04-03,254.83316364699,3571516036.061579,960971759.2546221,4532487795.316201,0.7879813906509192,0.2120186093490808,,4
2015-04-04,253.945848626534,3560051556.9785414,941933406.63296,4501984963.611502,0.7907737555219777,0.2092262444780223,,4
2015-04-05,261.112136177674,3661481425.4431505,960639539.8847749,4622120965.327926,0.7921647773628485,0.20783522263715148,,4
2015-04-06,256.367386908241,3595755072.903167,969052083.6695505,4564807156.572718,0.7877123719729882,0.21228762802701184,,4
2015-04-07,254.831898012858,3575186989.673343,995564329.8256879,4570751319.499031,0.7821880342563015,0.21781196574369854,,4
2015-04-08,245.825210403273,3449595061.098264,987404151.2435343,4436999212.341799,0.77746127416543,0.22253872583457002,,4
2015-04-09,243.860636177674,3422837587.9593616,941066111.6480246,4363903699.607386,0.7843522276321793,0.21564777236782073,,4
2015-04-10,235.871900642899,3311603691.496089,929619181.8605517,4241222873.356641,0.7808134093352135,0.21918659066478652,,4
2015-04-11,237.40906779661,3334016203.77265,881745219.0610534,4215761422.833703,0.7908455601198676,0.20915443988013238,,4
2015-04-12,237.141042372881,3331011083.015563,880611145.5103288,4211622228.525892,0.790909274923608,0.20909072507639204,,4
2015-04-13,225.505635885447,3168453355.0185876,870546038.7769951,4038999393.795583,0.7844649246260683,0.21553507537393168,,4
2015-04-14,219.757236703682,3088504414.231545,837816235.9971001,3926320650.2286453,0.7866154319443291,0.21338456805567085,,4
2015-04-15,223.313907948568,3139171565.362344,856646937.2532834,3995818502.6156273,0.7856141522212458,0.21438584777875425,,4
2015-04-16,228.493815312683,3212774939.335911,862690025.0114182,4075464964.347329,0.7883210792981078,0.2116789207018922,,4
2015-04-17,222.785060198714,3133207820.358849,854675587.4107182,3987883407.7695675,0.7856819018967406,0.2143180981032594,,4
2015-04-18,223.398044126242,3142644115.6342034,855516275.8842661,3998160391.51847,0.7860225223332403,0.21397747766675967,,4
2015-04-19,223.284135300994,3141851112.238399,855831855.5884451,3997682967.826844,0.785918027398336,0.21408197260166395,,4
2015-04-20,224.894903565167,3165382222.462422,856497497.7028048,4021879720.165227,0.7870404991456039,0.21295950085439608,,4
2015-04-21,234.939356516657,3307655935.8249736,882968764.567308,4190624700.3922815,0.7892990120340163,0.2107009879659837,,4
2015-04-22,233.822418760958,3292819357.09004,869716568.7991847,4162535925.889225,0.7910608858917197,0.20893911410828025,,4
2015-04-23,235.933293687902,3323312673.176487,858157187.4705951,4181469860.6470823,0.7947714042980581,0.20522859570194185,,4
2015-04-24,231.458592343659,3261000380.5226417,845767815.3723729,4106768195.895015,0.7940551365383189,0.20594486346168106,,4
2015-04-25,226.445992986558,3191301062.82119,857054642.2835525,4048355705.1047425,0.7882956180943151,0.21170438190568486,,4
2015-04-26,220.503406779661,3108346068.4578934,837505938.804086,3945852007.261979,0.7877502913787104,0.21224970862128956,,4
2015-04-27,227.325990356517,3205299821.835456,840662438.2131917,4045962260.048648,0.7922218784603582,0.2077781215396418,,4
2015-04-28,225.549368790181,3181112157.843448,825787620.9715683,4006899778.8150167,0.79390859104148,0.20609140895851996,,4
2015-04-29,225.66928842782,3183519985.1888514,854115427.3837515,4037635412.5726027,0.7884614780412909,0.21153852195870915,,4
2015-04-30,236.327976037405,3334673947.4553585,889818618.1919907,4224492565.6473494,0.7893667453867,0.21063325461329996,,4
2015-05-01,232.746582700175,3285000343.4349766,875885941.1788384,4160886284.613815,0.7894953427548111,0.21050465724518885,,4
2015-05-02,235.540077147867,3325293514.790359,872537703.5292025,4197831218.3195615,0.7921455965829686,0.20785440341703143,,4
2015-05-03,240.464248977206,3395659327.7417884,873974406.5204,4269633734.2621884,0.7953045949803405,0.20469540501965955,,4
2015-05-04,238.976661309176,3375417433.7278066,877580834.9160728,4252998268.6438794,0.7936559623392698,0.20634403766073017,,4
2015-05-05,236.02338340152,3334612653.9885497,834460918.0921819,4169073572.0807314,0.799845000654255,0.200154999345745,,4
2015-05-06,229.481219300429,3243106562.193164,824229985.7724024,4067336547.965566,0.7973538761662906,0.2026461238337094,,4
2015-05-07,237.130687317358,3352047328.9478006,822165128.8682657,4174212457.8160663,0.80303706694929,0.19696293305071,,4
2015-05-08,244.383472822911,3455488162.0896983,813858143.403189,4269346305.4928875,0.8093717198916168,0.19062828010838317,,4
2015-05-09,242.705950029223,3432551362.7063966,819187541.8432947,4251738904.549691,0.807328822339796,0.19267117766020403,,4
2015-05-10,240.731483927528,3405403163.984579,800637143.575159,4206040307.559738,0.809645869979864,0.19035413002013601,,4
2015-05-11,242.24983722969,3427838774.99882,804735416.1929605,4232574191.19178,0.8098709249166479,0.19012907508335208,,4
2015-05-12,242.209092051432,3428170514.2198277,778688009.5573484,4206858523.777176,0.8149003573197906,0.1850996426802094,,4
2015-05-13,236.550265926359,3349034848.944277,740417071.0999209,4089451920.0441976,0.8189446689736559,0.18105533102634408,,4
2015-05-14,236.948916715371,3355591126.3026547,736147244.4949787,4091738370.797633,0.8200893659895767,0.1799106340104233,,4
2015-05-15,237.484502337814,3364048665.8897886,730044380.1841244,4094093046.073913,0.8216834908321855,0.1783165091678145,,4
2015-05-16,235.812134424313,3341137186.217037,724764658.7488055,4065901844.9658427,0.8217456578185315,0.17825434218146852,,4
2015-05-17,236.963682933957,3358466081.9732075,698687679.0755801,4057153761.0487876,0.8277887109472116,0.17221128905278837,,4
2015-05-18,232.88384961543,3301481333.929694,610424333.7577256,3911905667.68742,0.8439572971301768,0.15604270286982325,,4
2015-05-19,231.974446814728,3289343088.6451774,731130220.8365816,4020473309.481759,0.8181482217249628,0.18185177827503718,,4
2015-05-20,234.190306253653,3321612394.0908113,710997046.407959,4032609440.49877,0.8236880965293728,0.1763119034706272,,4
2015-05-21,235.553821741672,3341864436.7513223,720404257.4229486,4062268694.1742706,0.8226596240529127,0.1773403759470873,,4
2015-05-22,240.323203682057,3410358036.1838894,756549971.1042714,4166908007.288161,0.8184385232932855,0.18156147670671452,,4
2015-05-23,238.963281706604,3391728868.5088854,771385798.1896535,4163114666.698539,0.8147094519494984,0.1852905480505016,,4
2015-05-24,240.711758328463,3417424495.1609354,760300274.5962563,4177724769.7571917,0.8180109230507197,0.18198907694928035,,4
2015-05-25,237.003543249562,3365613792.1716657,773403639.015765,4139017431.1874304,0.8131431790578652,0.18685682094213485,,4
2015-05-26,236.796261250731,3363522711.3517814,760897524.1934836,4124420235.545265,0.8155140648288256,0.1844859351711744,,4
2015-05-27,237.203596434833,3370126970.7481446,771320775.1517967,4141447745.8999414,0.8137557630866141,0.18624423691338587,,4
2015-05-28,236.956881940386,3367403673.12386,885486930.7266477,4252890603.8505077,0.7917917451427177,0.20820825485728234,,4
2015-05-29,236.646526592636,3363904289.7064414,1023105910.8133035,4387010200.519745,0.7667874328871876,0.23321256711281235,,4
2015-05-30,232.788770017534,3309858187.054192,905569170.7553363,4215427357.8095284,0.7851773749397738,0.2148226250602262,,4
2015-05-31,229.45054792519,3263243345.059638,904932686.329363,4168176031.389001,0.7828948011037328,0.21710519889626723,,4
2015-06-01,223.282701928697,3176261135.317753,819721207.9146754,3995982343.232428,0.7948636561663116,0.2051363438336884,,4
2015-06-02,225.320800993571,3206098638.097028,905645944.2274817,4111744582.3245096,0.7797416823698983,0.22025831763010173,,4
2015-06-03,225.213063413209,3205365142.156569,883091213.6749045,4088456355.8314734,0.784003756719739,0.215996243280261,,4
2015-06-04,223.54007685564,3182342189.564728,847279888.377927,4029622077.9426546,0.7897371336593157,0.21026286634068425,,4
2015-06-05,224.731071887785,3200072653.7183056,871441186.6917337,4071513840.4100394,0.7859662963582186,0.21403370364178143,,4
2015-06-06,225.160513150205,3207189674.672468,874633709.6406696,4081823384.313138,0.7857247540395853,0.2142752459604147,,4
2015-06-07,223.411685856225,3183111561.3986707,865581006.1478617,4048692567.5465326,0.7862072776070534,0.21379272239294655,,4
2015-06-08,228.774291350088,3260414508.051764,886573799.9214365,4146988307.973201,0.7862126116399057,0.21378738836009425,,4
2015-06-09,229.370529514904,3269777768.24803,892868159.1735588,4162645927.421589,0.7855046586374893,0.2144953413625107,,4
2015-06-10,228.588487434249,3259595200.829957,881671940.2634034,4141267141.0933604,0.7871009258217938,0.2128990741782062,,4
2015-06-11,229.584411747516,3274571594.9491153,889004421.578224,4163576016.527339,0.78648055948797,0.21351944051202998,,4
2015-06-12,229.811218510228,3278622378.6497383,885355207.0312521,4163977585.68099,0.7873775281414109,0.21262247185858907,,4
2015-06-13,233.015344535359,3325260566.2108974,908098776.5270219,4233359342.7379193,0.7854897959265348,0.21451020407346522,,4
2015-06-14,232.507108708358,3318868030.2263055,912739186.6986512,4231607216.924957,0.7843043694962963,0.21569563050370366,,4
2015-06-15,236.7909628872,3380869346.470486,979889451.3414626,4360758797.811949,0.775293820003727,0.22470617999627296,,4
2015-06-16,251.432676797195,3590663484.050795,1066829455.5893183,4657492939.640114,0.770943408950878,0.22905659104912202,,4
2015-06-17,247.969317650497,3542183372.32402,1113183298.0641131,4655366670.388133,0.7608817141848672,0.23911828581513284,,4
2015-06-18,249.012479544126,3558055843.2596903,1167265916.3801656,4725321759.639856,0.7529764160506331,0.24702358394936685,,4
2015-06-19,244.803484219755,3498814572.862747,1268042137.3979876,4766856710.260735,0.7339877796895999,0.26601222031040006,,4
2015-06-20,245.582513150205,3510771420.444903,1228404026.9456048,4739175447.390508,0.7407979424728851,0.2592020575271149,,4
2015-06-21,244.300260081824,3493198059.1425056,1159294434.4390402,4652492493.581546,0.7508229328605319,0.24917706713946808,,4
2015-06-22,247.017892460549,3533001756.575591,1199891916.230636,4732893672.806227,0.7464781592020858,0.2535218407979142,,4
2015-06-23,244.184763296318,3493335248.1509166,1201112785.7945645,4694448033.945481,0.7441418507331774,0.2558581492668226,,4
2015-06-24,240.451545295149,3440865164.001367,1224139765.4031913,4665004929.404558,0.737590895630749,0.262409104369251,,4
2015-06-25,242.347857685564,3468922344.170873,1240875639.5798824,4709797983.750755,0.7365331498588645,0.26346685014113547,,4
2015-06-26,242.967997369959,3478734335.532736,1277204543.1581154,4755938878.690851,0.731450597718849,0.268549402281151,,4
2015-06-27,251.529326709527,3602123761.058016,1294930781.08431,4897054542.142326,0.7355694591635457,0.26443054083645434,,4
2015-06-28,249.058285797779,3567614187.0077357,1310175232.0538769,4877789419.061613,0.7313997961999089,0.2686002038000911,,4
2015-06-29,256.65022238457,3677262511.34254,1334170381.614045,5011432892.956585,0.7337746688199336,0.2662253311800664,,4
2015-06-30,263.854356864991,3781439208.194029,1258130520.6883686,5039569728.882398,0.7503496154685851,0.24965038453141486,,4
2015-07-01,258.042647574518,3699019359.3169966,1271957159.3632026,4970976518.680199,0.7441232814954216,0.2558767185045784,,4
2015-07-02,254.747113383986,3652758933.862812,1260350516.1305485,4913109449.9933605,0.7434719236445564,0.2565280763554436,,4
2015-07-03,256.087042833431,3673002617.3644543,1281893539.8399737,4954896157.204428,0.741287506504834,0.258712493495166,,4
2015-07-04,260.50923962595,3737419191.3775535,1240138969.072089,4977558160.449642,0.7508539470365401,0.24914605296345993,,4
2015-07-05,271.302458211572,3893228194.4129305,1194887854.5084403,5088116048.9213705,0.765161045263159,0.23483895473684102,,4
2015-07-06,269.137940093513,3863384906.069908,1180775478.8802848,5044160384.950193,0.7659123840702491,0.23408761592975091,,4
2015-07-07,266.469919053185,3825979032.67402,1171613323.2871552,4997592355.961175,0.7655644478706544,0.23443555212934564,,4
2015-07-08,270.576142898889,3886025324.2615986,1181685594.2144685,5067710918.476067,0.7668206388990677,0.2331793611009323,,4
2015-07-09,269.680304792519,3874055948.766721,1195857571.6204941,5069913520.387215,0.7641266331641176,0.23587336683588245,,4
2015-07-10,285.558780829924,4103255450.276876,1052507080.4634298,5155762530.740306,0.7958581152277581,0.20414188477224193,,4
2015-07-11,293.917453828171,4224450512.3152337,1051816438.713362,5276266951.028596,0.8006513983322407,0.19934860166775925,,4
2015-07-12,311.481879894798,4477953762.4413595,1102227682.3328378,5580181444.774198,0.8024745802190596,0.1975254197809404,,4
2015-07-13,292.649223845704,4208292844.131372,1062975172.8753414,5271268017.006714,0.7983454513324193,0.2016545486675807,,4
2015-07-14,287.740951490357,4138747805.314685,1045152890.0535789,5183900695.368263,0.7983848550595487,0.2016151449404513,,4
2015-07-15,285.922885447107,4113691144.216646,1036047289.0674387,5149738433.284085,0.7988155510246504,0.2011844489753496,,4
2015-07-16,278.532749269433,4008299274.556174,969202862.1594534,4977502136.715628,0.8052832855639965,0.19471671443600347,,4
2015-07-17,280.064724722385,4031374810.7913055,988707827.9423423,5020082638.733648,0.8030494915932795,0.19695050840672046,,4
2015-07-18,277.354635300994,3993397737.869242,991331722.7476265,4984729460.616869,0.8011262736363334,0.19887372636366663,,4
2015-07-19,275.281989479836,3964601513.393176,983109089.3541888,4947710602.747365,0.801300203611689,0.19869979638831103,,4
2015-07-20,279.114393045003,4020884200.643299,980578989.5577488,5001463190.201048,0.8039415762413455,0.19605842375865445,,4
2015-07-21,276.652412624196,3986295615.0528727,952049376.8456498,4938344991.898522,0.8072128661712556,0.19278713382874435,,4
2015-07-22,277.764369082408,4003387232.698967,950190529.749922,4953577762.448889,0.8081809602439393,0.19181903975606074,,4
2015-07-23,276.811628579778,3990624329.5583215,940825026.4733388,4931449356.03166,0.8092193676646776,0.1907806323353224,,4
2015-07-24,289.305976329632,4171970034.347817,988209223.4591414,5160179257.806958,0.80849323752386,0.19150676247613996,,4
2015-07-25,289.507639976622,4175992752.5274105,1011218751.9252014,5187211504.452612,0.8050554231194952,0.19494457688050482,,4
2015-07-26,293.314842781999,4231965548.687132,1048382090.5583748,5280347639.245506,0.8014558581775167,0.19854414182248326,,4
2015-07-27,294.426761835184,4249105128.489564,1073557504.8203895,5322662633.309954,0.7983044241613362,0.20169557583866382,,4
2015-07-28,295.410125268849,4264301217.254371,1079647308.2239873,5343948525.478358,0.7979682433173617,0.20203175668263829,,4
2015-07-29,289.85583635301,4185225454.907616,1064293242.2072177,5249518697.114834,0.797258891030875,0.202741108969125,,4
2015-07-30,288.236260666277,4162806009.563684,1058321763.3807088,5221127772.944393,0.7973001601560344,0.20269983984396556,,4
2015-07-31,284.597324371712,4111325610.108484,1037763951.6088798,5149089561.717363,0.7984568069422439,0.20154319305775614,,4
2015-08-01,281.66884628872,4070111946.409812,1010162967.664928,5080274914.074739,0.8011597827380752,0.1988402172619248,,4
2015-08-02,282.423006428989,4082075699.521997,1019183427.8449411,5101259127.366938,0.8002094380233922,0.19979056197660783,,4
2015-08-03,282.185052308591,4079743942.9708977,1012221935.0134302,5091965877.984328,0.8012119563899902,0.1987880436100098,,4
2015-08-04,285.286617475161,4125555384.437055,1030889886.7695979,5156445271.206653,0.8000774113659195,0.19992258863408052,,4
2015-08-05,282.338886908241,4083866764.8530912,1022083903.1672689,5105950668.02036,0.7998249553077755,0.20017504469222447,,4
2015-08-06,278.99574868498,4036507636.772834,977797141.3737117,5014304778.146545,0.804998462471773,0.19500153752822702,,4
2015-08-07,279.488715078901,4044597118.3642817,1007836680.7435465,5052433799.107828,0.800524515349115,0.19947548465088505,,4
2015-08-08,261.450275569842,3784607715.853803,1107549270.8900185,4892156986.743822,0.7736071688028159,0.22639283119718412,0.004589744636468906,5
2015-08-09,266.342020455874,3856363388.431896,1154204553.8761525,5010567942.308048,0.7696459628597544,0.2303540371402456,0.00450544753676526,5
2015-08-10,264.928825248393,3837007827.3308535,1130362977.700692,4967370805.031546,0.7724424002017877,0.22755759979821233,0.00452948069684342,5
2015-08-11,271.421736119229,3932144983.270839,1100977500.3013847,5033122483.572224,0.7812535848481929,0.21874641515180715,0.003647460274018426,5
2015-08-12,268.143868497954,3885502464.253271,1088397993.2108636,4973900457.464134,0.7811781714333371,0.21882182856666288,0.0048033915793596746,5
2015-08-13,264.691627995324,3836450981.8437095,1127250060.556965,4963701042.400675,0.7729012986624644,0.22709870133753562,0.007120739005894424,5
2015-08-14,266.355941554646,3861519172.3478336,1147393124.063942,5008912296.411776,0.7709296836988146,0.22907031630118535,0.006739268333947813,5
2015-08-15,261.936836645237,3798349935.904611,1114445040.3640726,4912794976.268683,0.7731545798781726,0.2268454201218274,0.006804016059144797,5
2015-08-16,258.930817389831,3755652917.488387,1098311841.0004253,4853964758.488812,0.7737289214801873,0.22627107851981265,0.005920785293245857,5
2015-08-17,258.009398305085,3743236411.3783593,1091659693.9274375,4834896105.305797,0.7742123780634181,0.22578762193658186,0.005024545650337459,5
2015-08-18,217.885883116937,3161886892.890434,944720535.9068035,4106607428.7972374,0.7699510965469866,0.23004890345301343,0.004975937650241749,5
2015-08-19,227.218251899474,3298201251.3114314,1007405680.3156947,4305606931.627126,0.7660246984192337,0.2339753015807663,0.0054573080711341855,5
2015-08-20,235.523883109293,3419645393.4232545,1064530763.3058306,4484176156.729085,0.7626028224363209,0.23739717756367906,0.006461340480251087,5
2015-08-21,232.80061783986,3381065750.1088943,1051795642.4272331,4432861392.536127,0.7627276042968084,0.23727239570319159,0.006167853046626019,5
2015-08-22,230.639173290473,3350585165.1281605,1033324025.0687327,4383909190.196894,0.7642916446856592,0.23570835531434076,0.0060700876612872845,5
2015-08-23,228.673073933372,3322788928.251413,1001414219.9726298,4324203148.224043,0.7684164722039222,0.23158352779607783,0.005903624667210915,5
2015-08-24,211.955917592051,3080697609.0501647,948436749.4711044,4029134358.521269,0.7646053308038132,0.2353946691961868,0.005841025879649374,5
2015-08-25,222.655039450614,3236956684.2576046,956002884.390074,4192959568.6476784,0.7719980675371965,0.22800193246280354,0.0057092352508013025,5
2015-08-26,226.116700175336,3288192392.142522,959603861.5563843,4247796253.698906,0.7740937172490846,0.2259062827509154,0.00521854422554814,5
2015-08-27,224.939877264757,3271849435.0457935,963598560.9422987,4235447995.9880924,0.7724919390215533,0.22750806097844667,0.005052283364867193,5
2015-08-28,232.17080829924,3377926168.673827,987378614.3251191,4365304782.998946,0.7738122162350383,0.22618778376496174,0.005577789944767311,5
2015-08-29,229.826200175336,3344733031.8844867,999894593.9101802,4344627625.794667,0.7698549380909735,0.2301450619090265,0.0051299634206219,5
2015-08-30,229.019572472238,3333852748.4216976,1017532313.098661,4351385061.520359,0.7661589818614813,0.23384101813851865,0.005763699520310701,5
2015-08-31,230.689466101695,3359066951.9227314,1000929593.4760814,4359996545.398813,0.7704288104236271,0.2295711895763729,0.0056635009048226345,5
2015-09-01,227.955570426651,3320136353.914489,1017305593.8513571,4337441947.765846,0.7654595482539295,0.23454045174607052,0.005966074869127209,5
2015-09-02,229.502180709527,3343580491.3405457,997997278.3504969,4341577769.691043,0.7701302772191232,0.2298697227808768,0.005700516076976262,5
2015-09-03,227.107121566335,3309516199.153644,972003283.760441,4281519482.914085,0.7729770265814891,0.22702297341851085,0.005431665865395113,5
2015-09-04,231.177563413209,3369734261.0245614,985233824.7363831,4354968085.760944,0.7737678427638275,0.22623215723617252,0.005336028210467403,5
2015-09-05,235.903006136762,3439481099.355,992383036.5606092,4431864135.915609,0.7760799956572707,0.2239200043427293,0.005777251821444283,5
2015-09-06,240.805472238457,3511826272.0757103,1026605166.982251,4538431439.057961,0.7737973613202048,0.22620263867979518,0.005564657594961415,5
2015-09-07,240.6336157218,3510234381.8466825,1009643008.4612265,4519877390.307909,0.7766215936241478,0.22337840637585216,0.005301046556499201,5
2015-09-08,244.174952659264,3562723704.108738,1016025469.201182,4578749173.30992,0.7780997755623486,0.22190022443765145,0.005174542980344357,5
2015-09-09,238.722463179427,3484056329.619461,983571223.9555247,4467627553.5749855,0.779844847816718,0.22015515218328197,0.005068647432188013,5
2015-09-10,238.750477206312,3485485743.3847775,985098518.1408551,4470584261.525633,0.7796488198156274,0.2203511801843726,0.004966272796076542,5
2015-09-11,240.845008116891,3517014443.8737726,970584445.2682064,4487598889.141979,0.7837185387453867,0.21628146125461334,0.0038519200194817044,5
2015-09-12,236.351832176505,3452198889.67502,971427682.0080109,4423626571.683031,0.780400161210168,0.21959983878983202,0.004850353768968832,5
2015-09-13,230.548837317358,3368309570.3646874,958402097.021281,4326711667.385968,0.7784918037766287,0.22150819622337126,0.0038411384342874996,5
2015-09-14,230.948793980129,3375030516.0714784,937966708.865326,4312997224.936805,0.7825255477925632,0.21747445220743677,0.004135115769784746,5
2015-09-15,230.398590005845,3367911560.96047,951068701.1215861,4318980262.082056,0.779793228167451,0.220206771832549,0.004123289122454696,5
2015-09-16,229.043285797779,3348913151.4073014,924065844.820601,4272978996.2279024,0.7837420109866332,0.2162579890133668,0.004088048233933778,5
2015-09-17,233.202697837522,3410568738.8057647,934651832.8387102,4345220571.644475,0.784901176493099,0.21509882350690102,0.0037521006751372737,5
2015-09-18,233.175130917592,3411022493.656878,936094437.9416772,4347116931.598556,0.7846631565998733,0.2153368434001267,0.003655020999221409,5
2015-09-19,232.241568088837,3398091544.278299,935380713.7963051,4333472258.074604,0.7841498322613234,0.2158501677386766,0.0038050444074607882,5
2015-09-20,231.362323787259,3385967055.005891,919254058.6270298,4305221113.63292,0.7864792459285963,0.2135207540714037,0.004067905199921013,5
2015-09-21,226.773447983635,3319557617.5923657,919437370.2943116,4238994987.8866773,0.7831001515874189,0.21689984841258114,0.004150221326034247,5
2015-09-22,230.626304792519,3376861757.3471384,907385454.2344731,4284247211.5816116,0.7882042259882818,0.21179577401171823,0.0034943108537640716,5
2015-09-23,230.132437755698,3370539512.0771394,850348358.5501004,4220887870.6272397,0.7985380364004468,0.20146196359955315,0.0039542448203935075,5
2015-09-24,234.319868497954,3432689103.0621896,853733082.4915794,4286422185.553769,0.8008285125602287,0.1991714874397713,0.0034141364329375486,5
2015-09-25,235.538221800117,3451503181.4239817,857223638.1743929,4308726819.598374,0.8010494343073028,0.1989505656926972,0.0028968971353576767,5
2015-09-26,234.591814436002,3438496949.835321,837953005.7094467,4276449955.5447674,0.8040540601619874,0.19594593983801256,0.003283661034175375,5
2015-09-27,233.243309760374,3419600261.1048646,831565668.5776066,4251165929.6824713,0.804391152372705,0.19560884762729502,0.003004458760418352,5
2015-09-28,240.017265341905,3519771869.26679,790258276.9130038,4310030146.179793,0.8166466938488931,0.1833533061511069,0.0025173525104458657,5
2015-09-29,237.336233781414,3481487862.484529,709097173.9906427,4190585036.4751716,0.8307880241497054,0.16921197585029457,0.002872001418155895,5
2015-09-30,236.739848042081,3473615410.713113,949460227.1326506,4423075637.845763,0.7853393645343402,0.21466063546565983,0.003014466384741014,6
2015-10-01,238.229813851549,3496364654.7323823,949182667.590393,4445547322.322775,0.7864868825433063,0.21351311745669366,0.002748281353394517,6
2015-10-02,237.937007305669,3492888180.8293414,986880210.397239,4479768391.226581,0.7797028497433041,0.22029715025669594,0.0027934704547499106,6
2015-10-03,239.735897720631,3520164729.941746,940012397.7908318,4460177127.732578,0.7892432585365267,0.21075674146347334,0.002834786139504028,6
2015-10-04,239.516924897721,3517865592.290263,899382217.5480386,4417247809.838302,0.7963930808806126,0.20360691911938744,0.0025448723519654695,6
2015-10-05,240.961213833431,3540000026.045972,882841268.2933328,4422841294.339305,0.8003904708443277,0.19960952915567232,0.0025222731506496002,6
2015-10-06,246.940498246639,3628719295.758303,947585909.0298672,4576305204.78817,0.7929364702252788,0.2070635297747212,0.002636829538384,6
2015-10-07,243.734486849795,3582418301.470667,908133699.5693251,4490552001.039992,0.7977679137533636,0.20223208624663636,0.002461695132908126,6
2015-10-08,243.029632963179,3572908937.268152,875715162.4032215,4448624099.671373,0.8031492113555039,0.19685078864449612,0.0026079076584239577,6
2015-10-09,244.448887492694,3594544173.051464,914673945.493838,4509218118.545302,0.7971546460056989,0.20284535399430115,0.002598460782426802,6
2015-10-10,245.955924313267,3617688500.22872,912154091.9150053,4529842592.143725,0.7986344837904549,0.20136551620954513,0.002582539327853728,6
2015-10-11,248.528165400351,3656429914.913464,926943280.8663846,4583373195.779849,0.7977595885668071,0.20224041143319293,0.002411436945323999,6
2015-10-12,246.093637346581,3621485952.20494,929988238.8084486,4551474191.013389,0.7956731819671405,0.20432681803285946,0.002560001171882198,6
2015-10-13,250.471300701344,3686765011.986784,937893989.7908269,4624659001.777611,0.7971971577946996,0.20280284220530043,0.002402029062707106,6
2015-10-14,253.142325540619,3727042598.5500207,920571028.719663,4647613627.269684,0.8019260845354592,0.19807391546454078,0.001908951026385899,6
2015-10-15,254.693015002922,3750930547.892338,918865607.174672,4669796155.06701,0.8032321804501793,0.1967678195498207,0.0021981835111052886,6
2015-10-16,262.737363237873,3870347619.255164,909298259.7375574,4779645878.992722,0.8097561445432468,0.19024385545675315,0.0019981931520134948,6
2015-10-17,271.930938924605,4006701466.0361586,899409090.6978483,4906110556.734007,0.8166757393056825,0.1833242606943175,0.001923245666963269,6
2015-10-18,263.481677381648,3883162961.001024,880883331.5114298,4764046292.512453,0.8150976549291945,0.1849023450708055,0.0019166418136488386,6
2015-10-19,264.362728229106,3897238283.402315,880246577.4723643,4777484860.87468,0.8157510482804113,0.18424895171958866,0.0018893727139703725,6
2015-10-20,270.832211864407,3993478146.273724,838664269.9919562,4832142416.26568,0.8264404900052422,0.17355950999475778,0.0016247502965427902,6
2015-10-21,268.040217708942,3953274547.7456384,836605493.2964406,4789880041.042079,0.8253389466692301,0.17466105333076987,0.001566929036209287,6
2015-10-22,275.414956458212,4063062212.072203,865265997.4209694,4928328209.493173,0.8244301189692979,0.17556988103070215,0.001983129459483545,6
2015-10-23,278.612778026885,4111275942.9719906,851150674.6603631,4962426617.632354,0.8284809549352168,0.17151904506478322,0.0020275810894268766,6
2015-10-24,283.61114289889,4186061085.708384,854149963.0030183,5040211048.711402,0.8305328973830585,0.16946710261694153,0.0019606422875924887,6
2015-10-25,286.04969345412,4223162195.8379135,834855132.049204,5058017327.887117,0.8349441929654386,0.16505580703456135,0.002182714655060219,6
2015-10-26,286.703382817066,4233988576.976577,845633873.7474016,5079622450.723978,0.8335242664291169,0.16647573357088308,0.002443359883804425,6
2015-10-27,295.562913793104,4365910872.377493,870195758.4258974,5236106630.8033905,0.8338086254190012,0.16619137458099875,0.002808200762904258,6
2015-10-28,304.442097019287,4498127762.504589,892523063.8053129,5390650826.309902,0.8344312973399767,0.16556870266002333,0.0032518498909737885,6
2015-10-29,314.879462302747,4653528359.828375,929614782.0698595,5583143141.898234,0.8334961582672594,0.16650384173274058,0.003745581603165012,6
2015-10-30,328.492321157218,4856113853.881978,954677119.2834786,5810790973.165457,0.8357061674232942,0.16429383257670582,0.003411566401065279,6
2015-10-31,314.119508182349,4644794429.499121,921219715.6287806,5566014145.127901,0.8344920275786306,0.1655079724213694,0.002831223621677413,6
2015-11-01,329.854227644652,4878720873.406128,967405459.9598225,5846126333.365951,0.8345219715081265,0.16547802849187354,0.003001325788877004,6
2015-11-02,364.616627995324,5394270070.549458,997042008.5269182,6391312079.076376,0.8440004186634862,0.15599958133651382,0.0027091468796444137,6
2015-11-03,400.923105201637,5932954782.927945,1037423028.518,6970377811.445945,0.8511668869921994,0.14883311300780055,0.0026123778845130365,6
2015-11-04,405.481681472823,6001984912.541993,907535922.6174747,6909520835.159468,0.8686542896000212,0.13134571039997878,0.0019704959225230797,6
2015-11-05,384.341222969024,5690464341.778327,884110875.3682766,6574575217.146604,0.8655257798157818,0.13447422018421817,0.0022802133823428875,6
2015-11-06,372.975417884278,5523536982.471544,876308054.9193187,6399845037.390863,0.8630735510313888,0.13692644896861117,0.002572965371399886,6
2015-11-07,386.504550847458,5725363853.894037,897010570.7842047,6622374424.678242,0.8645484967685458,0.13545150323145416,0.0023592223969169965,6
2015-11-08,372.400129748685,5517726529.270193,879387646.3429044,6397114175.613097,0.8625336953191672,0.13746630468083276,0.0026852837045863867,6
2015-11-09,380.495644360023,5639092372.258233,879884128.3994324,6518976500.657665,0.8650272587559312,0.13497274124406877,0.002622894676438655,6
2015-11-10,337.830502337814,5008011574.29464,857770276.2084323,5865781850.503072,0.8537671024818513,0.14623289751814872,0.002669725390521077,6
2015-11-11,308.922185856225,4580771119.302635,807234006.1625524,5388005125.465187,0.850179428681806,0.14982057131819404,0.002427949092285296,6
2015-11-12,337.522988603156,5006229106.120829,880405705.9982121,5886634812.1190405,0.8504398974800191,0.14956010251998086,0.0026072298175655925,6
2015-11-13,337.278958211572,5003958699.460659,862925651.3054894,5866884350.766149,0.8529158579386688,0.14708414206133125,0.002668367527362849,6
2015-11-14,333.047117475161,4942356322.479359,851941891.720393,5794298214.199752,0.8529689256185351,0.1470310743814649,0.0026422687776771745,6
2015-11-15,319.928021624781,4748951129.880329,823655030.3244107,5572606160.20474,0.8521957219574712,0.14780427804252882,0.002844389795487402,6
2015-11-16,331.132725014611,4916703779.861369,844641446.7699659,5761345226.631335,0.8533950989665258,0.14660490103347423,0.002761512730263753,6
2015-11-17,335.849786090006,4987994385.318497,844737833.1773554,5832732218.495852,0.8551728758439048,0.14482712415609522,0.0029753915895131817,6
2015-11-18,335.744504967855,4987714987.43995,846604451.2376308,5834319438.677581,0.8548923383205216,0.14510766167947842,0.0029687860635058067,6
2015-11-19,326.232145528931,4847511550.504216,827198228.2133883,5674709778.717605,0.8542307429860629,0.14576925701393706,0.002881383741249492,6
2015-11-20,321.940475452951,4785085356.666097,821886534.53319,5606971891.199286,0.853417040341646,0.146582959658354,0.002857671122916791,6
2015-11-21,325.905231151373,4845432243.699364,840062881.8661054,5685495125.565469,0.8522445515626831,0.14775544843731692,0.002945641579941714,6
2015-11-22,323.716966101695,4814289952.834088,835089841.808078,5649379794.642166,0.8521802618758131,0.14781973812418692,0.0029964447389985624,6
2015-11-23,323.012556341321,4805130309.641995,831537488.5222504,5636667798.164246,0.8524771162151749,0.14752288378482514,0.002848186492873838,6
2015-11-24,319.961356527177,4760988552.801358,829805478.4489907,5590794031.250349,0.851576453396297,0.14842354660370305,0.0028441396544758553,6
2015-11-25,328.960457334892,4896111301.831781,850474359.8829973,5746585661.714779,0.8520035356735262,0.14799646432647384,0.00264469476680692,6
2015-11-26,356.255292518995,5303923855.628612,854412643.1318449,6158336498.760456,0.8612591820366068,0.13874081796339321,0.0024107226966081107,6
2015-11-27,359.268824371712,5349983844.881412,833734873.2666266,6183718718.148038,0.8651725747453918,0.13482742525460822,0.002449419321420223,6
2015-11-28,356.567322618352,5311127725.817877,832679033.1363397,6143806758.954216,0.864468550882926,0.13553144911707404,0.0025452634846783216,6
2015-11-29,371.707612507306,5538029394.198577,839283817.7127513,6377313211.911328,0.8683953900609482,0.13160460993905176,0.00234054932082646,6
2015-11-30,377.389839859731,5624216681.366006,830892262.4031276,6455108943.769134,0.8712814501442062,0.12871854985579378,0.0023318062837279353,6
2015-12-01,362.532375803624,5404310416.077196,799565471.7025186,6203875887.779715,0.8711183966014716,0.1288816033985284,0.0023812863437682914,6
2015-12-02,359.22240414962,5356414170.9545,811433031.6468136,6167847202.601314,0.86844145047812,0.13155854952187995,0.0022827084016131165,6
2015-12-03,361.210068088837,5387334794.284119,828544669.0837064,6215879463.367825,0.8667051583019609,0.13329484169803907,0.0022978318527817655,6
2015-12-04,363.241631794272,5419024328.555151,884747571.5092998,6303771900.064451,0.8596479083419477,0.1403520916580523,0.0023125102589445145,6
2015-12-05,389.362958796026,5810419099.219202,941592000.1535953,6752011099.372797,0.8605464377508116,0.13945356224918837,0.0022342392370603664,6
2015-12-06,393.319129748685,5871020031.333293,957687850.7160705,6828707882.049363,0.8597556276739343,0.14024437232606568,0.0020975079460974484,6
2015-12-07,395.346588252484,5902736521.563241,983526086.9106002,6886262608.473841,0.8571756346177782,0.14282436538222176,0.0019981049630915,6
2015-12-08,413.798660432496,6180046220.944395,1180419318.6407335,7360465539.585129,0.839627084415741,0.16037291558425903,0.0019202817118100042,6
2015-12-09,417.632671244886,6239060888.933594,1320394256.2779465,7559455145.21154,0.8253320866498776,0.17466791335012244,0.001927794579863964,6
2015-12-10,415.729924313267,6212880482.65345,1244967815.5038872,7457848298.157337,0.8330660847832625,0.1669339152167375,0.0020295387718210355,6
2015-12-11,453.86148012858,6784553388.968775,1350373332.4126568,8134926721.381432,0.8340030121152285,0.16599698788477146,0.001982543451245789,6
2015-12-12,435.85572238457,6517159334.528693,1306782594.0986655,7823941928.627358,0.8329764451194068,0.16702355488059317,0.0022025637170663553,6
2015-12-13,434.403466393922,6496986520.352054,1305806462.0580592,7802792982.410112,0.8326488393320511,0.16735116066794886,0.002117708699786912,6
2015-12-14,442.991689655173,6627592526.37731,1153834695.66743,7781427222.04474,0.8517194002150887,0.14828059978491126,0.002234804902933103,6
2015-12-15,464.617871712449,6953267162.993503,1059874769.2804319,8013141932.273934,0.8677329344421502,0.13226706555784984,0.0021523063594482174,6
2015-12-16,454.142492402104,6798347864.165865,1099047702.1616871,7897395566.327552,0.860834158181497,0.139165841818503,0.0019093126375680737,6
2015-12-17,456.240134611338,6831516735.298596,1091640963.2929807,7923157698.591578,0.8622214772417023,0.13777852275829772,0.002060318522395596,6
2015-12-18,463.175769725307,6937324462.524803,1062552274.8380257,7999876737.362829,0.8671789191606597,0.1328210808393403,0.0019431068264511285,6
2015-12-19,461.399907948568,6912537068.061339,1048706453.7906574,7961243521.851996,0.8682735365508955,0.13172646344910455,0.0019365433956187834,6
2015-12-20,442.15399006429,6626025133.292232,1031470418.506245,7657495551.798476,0.8652992467930343,0.13470075320696573,0.0021711892724532787,6
2015-12-21,437.640129456458,6560011593.067867,1023378268.6979437,7583389861.765811,0.8650500254697907,0.1349499745302093,0.0020793339978447713,6
2015-12-22,435.268379018118,6526092469.887121,1006257887.3423316,7532350357.229453,0.8664085126660979,0.13359148733390214,0.0020217411657265597,6
2015-12-23,442.665727060199,6638740303.75793,1007636439.7353708,7646376743.4933,0.868220403788916,0.13177959621108404,0.00196746652555182,6
2015-12-24,455.878713033314,6838470695.339431,1024042198.8476616,7862512894.187093,0.8697563727234385,0.13024362727656147,0.0019084023340577069,6
2015-12-25,455.718825832846,6837917946.867379,1077482265.8584738,7915400212.725853,0.8638752006340539,0.13612479936594613,0.0019001297634600866,6
2015-12-26,418.221531560491,6277070712.492882,1011191788.0102762,7288262500.503158,0.8612574961535117,0.13874250384648834,0.0020395889155138424,6
2015-12-27,422.705894506137,6346542709.362943,1051936994.3276292,7398479703.690572,0.8578171412968947,0.14218285870310532,0.0020556372913020367,6
2015-12-28,421.052879602572,6323313675.840925,1035401328.7543752,7358715004.595301,0.8592959058602219,0.14070409413977814,0.0020008079242756923,6
2015-12-29,431.340021332554,6479519118.389768,1025529626.8276918,7505048745.21746,0.8633547013960164,0.13664529860398356,0.001993786705307733,6
2015-12-30,426.043646990064,6401715280.957624,1035056730.5897354,7436772011.547359,0.8608190853528167,0.1391809146471833,0.0021042809195140682,6
2015-12-31,429.677153419053,6457837561.22856,1016765734.7088566,7474603295.937417,0.8639706089470344,0.13602939105296563,0.0022082626279983308,6
2016-01-01,434.678006428989,6534464975.488938,1014698254.6222544,7549163230.111193,0.8655879832383345,0.13441201676166548,0.002117360405604869,6
2016-01-02,434.439877264757,6532460051.432983,1036156673.0979793,7568616724.530963,0.8630982766322876,0.13690172336771245,0.002186700737467191,6
2016-01-03,430.136180011689,6469306703.42351,1014471557.6779845,7483778261.101494,0.8644439316232935,0.13555606837670653,0.002225023080100369,6
2016-01-04,433.44897106955,6521092888.510424,1020631939.6245419,7541724828.134966,0.8646686317940163,0.13533136820598368,0.0021917228172346165,6
2016-01-05,432.669502630041,6511064277.770981,1021590720.8724588,7532654998.643439,0.8643784003042171,0.1356215996957829,0.0021785681548393784,6
2016-01-06,430.677869666862,6482611157.065961,1005022415.2246177,7487633572.290579,0.8657756946141307,0.13422430538586927,0.002205824972466879,6
2016-01-07,459.208940093513,6913751592.74705,1023795808.4919364,7937547401.238987,0.8710186211508948,0.1289813788491052,0.002046884111515041,6
2016-01-08,454.134423728814,6839314891.010367,1015795715.3591158,7855110606.369483,0.87068346121881,0.12931653878118998,0.002168961321875463,6
2016-01-09,449.845216247808,6776417115.362054,1031853098.7576805,7808270214.119735,0.8678512563651068,0.13214874363489315,0.0021560972764753774,6
2016-01-10,448.580216247808,6759323837.84895,1030411988.2296594,7789735826.078609,0.8677218314926639,0.1322781685073361,0.002229255691132782,6
2016-01-11,449.033059029807,6768055781.641483,1021939101.2812798,7789994882.922763,0.8688138931231424,0.1311861068768576,0.002384917349334056,6
2016-01-12,441.768157218001,6660432982.865688,1023549860.9576142,7683982843.823302,0.8667943588941788,0.13320564110582123,0.002665312066435244,6
2016-01-13,432.310645236704,6519443883.191552,1016970176.5542206,7536414059.745772,0.8650591423862762,0.13494085761372376,0.0026310478646141607,6
2016-01-14,429.823224722385,6483361597.024275,1011562716.3459935,7494924313.370268,0.8650336315549636,0.1349663684450364,0.0027125586264846596,6
2016-01-15,367.823199883109,5549288342.816035,930522134.7170126,6479810477.533048,0.8563967051284385,0.14360329487156154,0.0035095422141696716,6
2016-01-16,388.071204558738,5856144324.168158,930838219.1189137,6786982543.287071,0.8628494749791872,0.13715052502081282,0.0031225970537491527,6
2016-01-17,382.482086499123,5773246244.378153,957214450.4896451,6730460694.867798,0.8577787622740962,0.14222123772590378,0.0034274464747282374,6
2016-01-18,384.865166569258,5810881380.77361,963600437.0407037,6774481817.814314,0.8577602740763433,0.14223972592365675,0.003809760687971208,6
2016-01-19,378.161725014611,5710926949.146569,963691598.5724518,6674618547.719021,0.8556184759199785,0.14438152408002147,0.003577957548263623,6
2016-01-20,420.622924168323,6353766326.386117,1013542081.2059445,7367308407.592062,0.8624270866465312,0.13757291335346877,0.0034630103268371926,6
2016-01-21,409.298459672706,6184105216.642783,979388207.5943843,7163493424.237167,0.8632806440108266,0.1367193559891734,0.003654863497889083,6
2016-01-22,381.046459380479,5758921327.796659,958050821.6173034,6716972149.413963,0.8573686476129142,0.1426313523870858,0.003989014889342571,6
2016-01-23,386.370602571596,5841116434.328446,987212265.3488584,6828328699.677305,0.855424027054305,0.14457597294569502,0.005208083955018322,6
2016-01-24,403.446926651081,6100999519.862752,1009206095.5299543,7110205615.392706,0.8580623191339012,0.14193768086609881,0.005208577996526596,6
2016-01-25,391.986097311514,5929274269.037929,1042939320.9871756,6972213590.0251045,0.850414892269039,0.149585107730961,0.0064638047295336966,6
2016-01-26,391.142935125657,5918084970.456128,1094312127.0026898,7012397097.458818,0.8439460698255021,0.15605393017449787,0.006086232141499072,6
2016-01-27,394.62753037405,5972336901.073852,1260110660.8956456,7232447561.969498,0.8257698171886226,0.17423018281137737,0.006085003283878483,6
2016-01-28,378.900995616599,5735712764.941531,1179695765.870067,6915408530.811598,0.8294105459404266,0.17058945405957338,0.0067206297913461445,6
2016-01-29,378.99999482291,5738812666.135165,1252256040.6645963,6991068706.799762,0.820877737984951,0.179122262015049,0.006563682018941695,6
2016-01-30,377.262779076564,5714271472.877842,1189425531.5995803,6903697004.477423,0.8277117998040509,0.17228820019594915,0.006469416373314356,6
2016-01-31,366.341687609585,5550511097.358207,1141449522.8835444,6691960620.241751,0.8294297310371339,0.1705702689628661,0.006121803375135029,6
2016-02-01,371.22343509059,5625969536.424808,1174792157.6315842,6800761694.056392,0.8272557971472067,0.17274420285279335,0.005838525163444781,6
2016-02-02,372.927631209819,5653475162.744131,1212569614.4742286,6866044777.21836,0.8233961976919298,0.17660380230807016,0.006560334486514669,6
2016-02-03,368.098206604325,5581909720.258205,1229075972.1507564,6810985692.408962,0.8195450662125752,0.18045493378742483,0.00687316578730181,6
2016-02-04,389.723081239042,5911470181.268046,1235350963.2148757,7146821144.482922,0.82714679180568,0.17285320819432004,0.006543287074228687,6
2016-02-05,384.398413983051,5832510244.835424,1281865150.6098042,7114375395.445229,0.8198204228258069,0.18017957717419308,0.006671489544993479,6
2016-02-06,374.631555523086,5686190017.949058,1364122151.951727,7050312169.9007845,0.8065160635332658,0.19348393646673423,0.006804071793794534,6
2016-02-07,375.153917592051,5695769151.661701,1350431129.0262427,7046200280.687944,0.8083461901122123,0.19165380988778769,0.007725018891252586,6
2016-02-08,370.814350327294,5631255744.936521,1353865871.6052418,6985121616.541762,0.8061786256664315,0.1938213743335685,0.00858589261889139,6
2016-02-09,373.5116128609,5673860326.918467,1413149141.621134,7087009468.5396,0.8006000770996095,0.19939992290039055,0.01042397781216954,6
2016-02-10,379.082611630625,5760041302.285284,1454854764.607829,7214896066.893113,0.7983540232431483,0.2016459767568517,0.01154809719629382,6
2016-02-11,377.639165108124,5739921253.413235,1575485536.4855115,7315406789.8987465,0.7846345963069378,0.21536540369306223,0.015549076645525158,6
2016-02-12,382.294456458212,5812313598.536132,1600479414.5244963,7412793013.060628,0.7840922562245289,0.21590774377547106,0.014309398819516683,6
2016-02-13,389.598432472238,5924880939.0625105,1621494604.3905966,7546375543.453107,0.7851293518254162,0.2148706481745838,0.013395307037248566,6
2016-02-14,406.150669491525,6178287275.9265585,1645099806.6095896,7823387082.536148,0.7897202593641462,0.21027974063585375,0.012694412124214004,6
2016-02-15,399.26761864699,6075100823.409975,1636180249.2430794,7711281072.653054,0.7878199181397295,0.2121800818602705,0.012905347529220363,6
2016-02-16,407.035309468147,6194695258.165142,1603546874.9271734,7798242133.092316,0.7943707251506817,0.20562927484931826,0.010471737208771113,6
2016-02-17,415.324113383986,6322452452.613729,1454697993.5527468,7777150446.166475,0.8129523141384261,0.18704768586157394,0.009175918676305283,6
2016-02-18,421.289662981882,6415045581.96784,1534834154.524392,7949879736.492232,0.8069361794897271,0.19306382051027293,0.010365380685865061,6
2016-02-19,419.626528541204,6391241912.019307,1580186436.6640599,7971428348.683367,0.8017687210441956,0.1982312789558044,0.010927909155853946,6
2016-02-20,440.195760081823,6706178212.63841,1536330967.4657233,8242509180.104133,0.813608825432171,0.18639117456782905,0.009883078383679472,6
2016-02-21,438.718612681473,6685078456.754302,1563989759.2229948,8249068215.977297,0.810404070099243,0.18959592990075702,0.010540762283207203,6
2016-02-22,437.535295094097,6668436550.1579485,1627761649.8347025,8296198199.992651,0.8037942668924973,0.19620573310750267,0.012784588120464426,6
2016-02-23,420.032592609585,6403107527.81566,1610385136.953513,8013492664.769174,0.7990407922835604,0.2009592077164396,0.013355954503690634,6
2016-02-24,423.995112507306,6464764199.589457,1671631672.4556906,8136395872.045147,0.7945488765856334,0.20545112341436655,0.014703662437249994,6
2016-02-25,424.090870251315,6467867594.878764,1661430928.4641185,8129298523.342882,0.795624318175375,0.20437568182462496,0.0143183330997651,6
2016-02-26,431.762241963764,6586375896.899228,1642854777.286977,8229230674.186205,0.800363503912905,0.199636496087095,0.013608300740814571,6
2016-02-27,432.947845996493,6606052938.349629,1671678450.4288461,8277731388.778476,0.798051136003879,0.201948863996121,0.014576198833510396,6
2016-02-28,433.102262711864,6609859969.216783,1668487976.484673,8278347945.701456,0.7984515766396315,0.2015484233603685,0.01500531543679473,6
2016-02-29,437.775872589129,6682642624.205122,1674388224.4846644,8357030848.689787,0.7996431681537738,0.2003568318462262,0.01446688551674999,6
2016-03-01,432.807867153711,6608331737.858998,1765115329.6513655,8373447067.510364,0.7892008732580215,0.21079912674197854,0.01738964623976648,6
2016-03-02,423.079789392168,6461459062.390082,1821213065.1004622,8282672127.490544,0.7801176918429769,0.21988230815702314,0.02013518045826568,6
2016-03-03,419.268821332554,6404671328.368861,1889801603.8538558,8294472932.222717,0.7721613393284732,0.2278386606715268,0.022145482258355196,6
2016-03-04,407.990154295734,6233961495.2066345,1965056533.9292786,8199018029.135913,0.7603302582155227,0.2396697417844773,0.02445818370400675,6
2016-03-05,397.314453945061,6072330074.004093,1948877857.6637735,8021207931.667867,0.757034367608204,0.24296563239179603,0.027059187424751236,6
2016-03-06,403.705187463472,6171496150.647175,1993292890.5352147,8164789041.182389,0.7558671901403402,0.2441328098596598,0.027208980865318436,6
2016-03-07,413.22936616014,6318467554.398566,1938961263.9627936,8257428818.36136,0.7651858336760607,0.23481416632393926,0.022933713796389858,6
2016-03-08,411.425953243717,6292476529.245212,1954840467.3549285,8247316996.60014,0.7629725560250942,0.23702744397490583,0.02375360511570339,6
2016-03-09,412.540703506721,6311258537.536386,2133119415.9053905,8444377953.441776,0.7473917643589165,0.2526082356410835,0.02864468536369086,6
2016-03-10,416.340928696669,6371009645.926016,2114034319.6586416,8485043965.584658,0.7508516952613132,0.24914830473868677,0.026818528647359077,6
2016-03-11,419.511934248977,6421211644.9934,2188721417.897284,8609933062.890684,0.7457911226591526,0.2542088773408474,0.026513918887090933,6
2016-03-12,410.264163296318,6281138643.087117,2285800292.8157926,8566938935.90291,0.7331835431630888,0.26681645683691124,0.03237830648308594,6
2016-03-13,411.805882466394,6306111596.723382,2371089122.0559688,8677200718.77935,0.726744926284301,0.273255073715699,0.034822364363470554,6
2016-03-14,415.026957276446,6357014019.848284,2182700384.889424,8539714404.737707,0.7444059272428954,0.25559407275710455,0.02966406310087103,6
2016-03-15,415.266400292227,6362353042.38724,2241561318.397401,8603914360.784641,0.7394719165715894,0.2605280834284106,0.031407065471781986,6
2016-03-16,417.024118468732,6390867973.469016,2205936234.9860506,8596804208.455067,0.7434004332893281,0.25659956671067186,0.03046063857921168,6
2016-03-17,418.605363822326,6416576041.291531,2087301379.9807038,8503877421.272234,0.7545470993314918,0.24545290066850822,0.026397967072978385,6
2016-03-18,408.901587405026,6269222347.2202015,2038699748.137255,8307922095.357456,0.7546077437008588,0.2453922562991412,0.02652506172867913,6
2016-03-19,409.124429865576,6274029959.932988,2002228042.9747326,8276258002.907721,0.7580756856212936,0.24192431437870643,0.025668555315751417,6
2016-03-20,412.056953828171,6320504988.49434,1977831062.852774,8298336051.347114,0.7616593193364709,0.2383406806635291,0.024852321245168816,6
2016-03-21,411.601774050263,6314953342.505004,2122579656.602541,8437532999.107545,0.7484359875301169,0.25156401246988314,0.02875295071476755,6
2016-03-22,416.581653828171,6392897932.95473,2093416878.0427794,8486314810.997509,0.7533184987045382,0.24668150129546185,0.027115953947038213,6
2016-03-23,417.378299532437,6406678060.699835,2205891881.6786003,8612569942.378435,0.7438753012820905,0.25612469871790955,0.029721783760831375,6
2016-03-24,413.560239918177,6349591400.682366,2085157139.7418568,8434748540.424223,0.7527896498931094,0.24721035010689063,0.027004097264083114,6
2016-03-25,416.373243834015,6394300579.581249,2042842890.2995768,8437143469.880826,0.7578750559840329,0.24212494401596707,0.02559269185812262,6
2016-03-26,416.823096668615,6402803379.137973,2063172569.6805286,8465975948.818501,0.7562983190415912,0.24370168095840883,0.026395207901138876,6
2016-03-27,425.454959848042,6536896822.507703,1999292800.5423295,8536189623.050033,0.765786271295603,0.23421372870439705,0.024412548183475123,6
2016-03-28,422.917446814728,6499706636.847798,2047189350.664002,8546895987.511801,0.7604756915662446,0.23952430843375538,0.027562878673066966,6
2016-03-29,415.863828755114,6392933707.780907,2064691887.2333639,8457625595.014271,0.7558780695553029,0.2441219304446971,0.02810763935955528,6
2016-03-30,412.777697779076,6347008620.180961,2029787548.132714,8376796168.313675,0.7576892755477744,0.24231072445222557,0.028747333398701874,6
2016-03-31,415.956811221508,6397181203.121416,2029815695.1314118,8426996898.252828,0.759129412335223,0.24087058766477698,0.02735981643662539,6
2016-04-01,417.20066025716,6417906692.422299,2044379727.7386656,8462286420.160965,0.7584128418451974,0.24158715815480258,0.027887497969393073,6
2016-04-02,419.763056691993,6458783382.4675455,2064212675.6983888,8522996058.165935,0.7578066842210194,0.24219331577898062,0.027694972891040878,6
2016-04-03,420.073578901227,6465052566.962722,2065037042.0159209,8530089608.978642,0.7579114479826455,0.24208855201735446,0.027637396207259274,6
2016-04-04,419.540727878434,6458592931.288058,2035515204.9675653,8494108136.255624,0.7603615150271842,0.2396384849728158,0.026518155915620917,6
2016-04-05,422.50136440678,6505807453.958603,1960751209.9079099,8466558663.866512,0.7684122572402431,0.2315877427597569,0.02470156493444314,6
2016-04-06,421.907191233197,6498314176.299217,1959404403.9343138,8457718580.233531,0.7683294395117825,0.23167056048821755,0.02541808791677665,6
2016-04-07,421.467220046756,6493002234.767619,1874987333.6762905,8367989568.44391,0.7759333567112754,0.2240666432887246,0.02394567112512996,6
2016-04-08,418.643460549386,6451007327.9403925,1832261349.4466023,8283268677.386995,0.7787997201577433,0.22120027984225665,0.023204691765565756,6
2016-04-09,418.758635359439,6454478064.87699,1711425599.6211164,8165903664.498107,0.7904181006859448,0.20958189931405524,0.02175198219114307,6
2016-04-10,421.954488544711,6505561857.240203,1660822700.2555218,8166384557.495725,0.7966269297554579,0.2033730702445421,0.021025544614110596,6
2016-04-11,423.273044009351,6527509950.906425,1663282581.73829,8190792532.644715,0.7969326441721953,0.20306735582780466,0.020542902125321814,6
2016-04-12,427.427664582116,6593161960.587395,1554931166.1416843,8148093126.729079,0.8091662500713358,0.1908337499286642,0.017535046967327945,6
2016-04-13,424.87251811806,6555490264.285652,1591147209.5487564,8146637473.834409,0.8046866311825895,0.19531336881741046,0.018936090515305568,6
2016-04-14,425.8565949737,6572419903.533022,1676773330.642753,8249193234.175775,0.7967348705451571,0.20326512945484287,0.019856069801619077,6
2016-04-15,430.724418760959,6649043796.601011,1662803858.339758,8311847654.940769,0.7999477459922709,0.20005225400772908,0.0190622394640669,6
2016-04-16,432.216313033314,6673565144.849325,1711988945.5059605,8385554090.355286,0.795840688992154,0.204159311007846,0.01983731555809778,6
2016-04-17,429.339968731736,6630849314.945406,1770333479.127418,8401182794.0728245,0.7892756862311794,0.21072431376882061,0.021750834145184243,6
2016-04-18,429.656933664524,6637183962.781343,1797684614.3634162,8434868577.14476,0.7868746148298684,0.21312538517013158,0.0209168939684142,6
2016-04-19,437.568726183518,6761043337.303436,1785782341.5644813,8546825678.867918,0.791058995624558,0.20894100437544205,0.019991256517859837,6
2016-04-20,442.661653302163,6841562099.940251,1790480789.2463691,8632042889.18662,0.7925773988577711,0.20742260114222888,0.0192135170279137,6
2016-04-21,452.164702805377,6990143508.851015,1743028884.769767,8733172393.620783,0.8004128618778924,0.1995871381221076,0.018028424410007734,6
2016-04-22,448.134421332554,6929440315.019797,1744793712.1067119,8674234027.126509,0.7988532812637631,0.2011467187362369,0.017643677301029472,6
2016-04-23,453.914722969024,7020454409.392548,1791423645.5715017,8811878054.96405,0.7967035364768434,0.20329646352315656,0.01853316700034225,6
2016-04-24,463.382871420222,7168422322.656764,1762465694.7319996,8930888017.388763,0.8026550449070221,0.1973449550929779,0.017281284310284646,6
2016-04-25,465.31600666277,7199804841.369286,1717918921.0541666,8917723762.423452,0.807359033894619,0.19264096610538095,0.016160305781419228,6
2016-04-26,469.60876452367,7267999182.169207,1689218941.892114,8957218124.061321,0.8114125481264711,0.18858745187352888,0.01582686915943162,6
2016-04-27,445.741113091759,6900043951.22367,1667653565.617387,8567697516.841057,0.8053556906812629,0.1946443093187371,0.017483074494243456,6
2016-04-28,451.060061776739,6983903264.735502,1646451835.9625432,8630355100.698046,0.8092254818310577,0.1907745181689423,0.016082152818800054,6
2016-04-29,457.009965225015,7077832660.236305,1676518581.5358348,8754351241.77214,0.8084931098564812,0.19150689014351885,0.016301265710570164,6
2016-04-30,449.900484511981,6969368412.86222,1774734978.9472406,8744103391.80946,0.7970363684617886,0.2029636315382114,0.019597924869492127,6
2016-05-01,455.010731151374,7050293955.87122,1769823720.0104685,8820117675.881687,0.799342391445639,0.200657608554361,0.019295696194272554,6
2016-05-02,444.933061192285,6895888977.656668,1854251163.3021686,8750140140.958836,0.7880889753270878,0.21191102467291223,0.022635433645186567,6
2016-05-03,451.628850379895,7001369978.82311,1788042065.489108,8789412044.312218,0.7965686377570407,0.20343136224295932,0.020730620412938636,6
2016-05-04,448.367967562829,6952690123.641801,1769000301.3944316,8721690425.036232,0.7971723123402328,0.20282768765976722,0.02091443799534577,6
2016-05-05,449.336072472238,6969443375.667429,1796368362.629992,8765811738.29742,0.7950710765573777,0.20492892344262226,0.021737671485231272,6
2016-05-06,461.693862361192,7162989182.068793,1789878507.6431744,8952867689.711967,0.8000776321423825,0.19992236785761752,0.020308127057181255,6
2016-05-07,461.361842489772,7159568138.094168,1799495348.4820075,8959063486.576176,0.7991424716234812,0.20085752837651882,0.020351820988890337,6
2016-05-08,461.378872296902,7161770203.628641,1797392818.4216201,8959163022.05026,0.7993793824269206,0.20062061757307936,0.020595993814062706,6
2016-05-09,463.462231677382,7196090525.87272,1793243475.6258101,8989334001.49853,0.8005143122586307,0.19948568774136932,0.02018625829354563,6
2016-05-10,451.079668322618,7005610568.348992,1756098182.9305172,8761708751.27951,0.7995712671145263,0.2004287328854737,0.020821307744577067,6
2016-05-11,453.896305260082,7050864288.9579315,1800134529.8440878,8850998818.80202,0.7966179222597913,0.20338207774020867,0.021881524332378513,6
2016-05-12,455.607255932203,7079025579.234456,1816823592.6099536,8895849171.84441,0.7957672665628991,0.2042327334371009,0.022138826659087157,6
2016-05-13,457.241902688486,7106161522.326545,1852528864.5050015,8958690386.831547,0.7932143221259159,0.20678567787408408,0.023186822996651122,6
2016-05-14,458.119524839275,7121450195.375673,1832358480.4675686,8953808675.843243,0.7953542959421116,0.2046457040578884,0.022334122821435633,6
2016-05-15,460.85772063121,7165616823.04019,1805108598.7831352,8970725421.823324,0.798777856427107,0.20122214357289303,0.021656810129756263,6
2016-05-16,455.224077323203,7079627144.895795,1879392257.4909236,8959019402.386719,0.7902234415308614,0.20977655846913856,0.024414738785857502,6
2016-05-17,453.545777030976,7055125032.8823,1954500081.6820314,9009625114.564331,0.7830653266002686,0.21693467339973138,0.026868577119361248,6
2016-05-18,454.486184102864,7071491931.675455,2063488865.9637613,9134980797.639217,0.7741113077657441,0.2258886922342559,0.029411123257383452,6
2016-05-19,437.724187142022,6811999978.674024,2146305751.787993,8958305730.462017,0.7604116429639537,0.2395883570360463,0.03311570923225072,6
2016-05-20,442.396799240211,6886364549.898186,2076141897.313933,8962506447.212118,0.7683525351371169,0.23164746486288312,0.030866677816766223,6
2016-05-21,444.078207188778,6914102782.413871,2102394272.52054,9016497054.93441,0.766828042008845,0.23317195799115498,0.03154168778847894,6
2016-05-22,440.558668848627,6861331685.040703,2117958651.6305068,8979290336.67121,0.7641285032313953,0.23587149676860475,0.032288777329887816,6
2016-05-23,444.205057276447,6920120048.621805,2036314818.7609737,8956434867.382778,0.7726422567782242,0.22735774322177582,0.03002679349232416,6
2016-05-24,445.674454938632,6944649150.4519615,1981421943.2464027,8926071093.698364,0.7780185792330011,0.2219814207669989,0.02861608460765451,6
2016-05-25,450.54952717709,7022168560.478537,1945420721.7416275,8967589282.220163,0.7830609029342179,0.21693909706578207,0.0277949500803189,6
2016-05-26,454.43372238457,7084240509.987028,1954214831.5870864,9038455341.574114,0.78378884911913,0.21621115088086995,0.02756607048542959,6
2016-05-27,471.820117299825,7356919396.270896,1834582756.173349,9191502152.444244,0.8004044686335097,0.19959553136649033,0.023753193656346577,6
2016-05-28,530.910597895967,8280061035.238693,1885581923.23461,10165642958.473303,0.8145142485392001,0.18548575146079993,0.022365603278483547,6
2016-05-29,527.54971244886,8229583541.719103,1960668593.6577022,10190252135.376804,0.8075937113615685,0.19240628863843146,0.02347079084759296,6
2016-05-30,533.493149035652,8324219565.025169,1983236115.961037,10307455680.986206,0.8075920792345058,0.19240792076549418,0.023769489027611057,6
2016-05-31,530.943692811221,8286125543.8396,2094746594.3598943,10380872138.199493,0.7982109242390479,0.20178907576095206,0.02645617968003675,6
2016-06-01,537.613678842782,8392142056.815208,2104065428.116867,10496207484.932076,0.7995404119881037,0.20045958801189634,0.0258795855818262,6
2016-06-02,538.771243191116,8412070380.875514,2094827059.3795812,10506897440.255095,0.800623631163119,0.19937636883688103,0.02566570264266772,6
2016-06-03,570.175988252484,8904430485.98866,2116085895.002604,11020516380.991264,0.8079866839404609,0.19201331605953909,0.024361905411758956,6
2016-06-04,574.26620163647,8970015733.465609,2100712081.000944,11070727814.466553,0.8102462533442597,0.1897537466557403,0.023898337260674037,6
2016-06-05,575.137638047925,8986071871.279703,2112924140.333367,11098996011.61307,0.8096292549233662,0.19037074507663376,0.02422496799383006,6
2016-06-06,585.857149035652,9156045666.777384,2120289229.3383706,11276334896.115755,0.8119700018781169,0.18802999812188315,0.02388217152474528,6
2016-06-07,578.469240677966,9042608670.669744,2169130534.8412004,11211739205.510944,0.8065304146768772,0.19346958532312275,0.025129115502309878,6
2016-06-08,583.097585330216,9117057925.561045,2158239761.2756,11275297686.836645,0.8085868931163352,0.19141310688366475,0.024873487050471963,6
2016-06-09,577.101699707773,9025689433.957924,2165730750.0429745,11191420184.000898,0.8064829383192069,0.19351706168079308,0.025089521448567444,6
2016-06-10,579.814993571011,9070211832.259975,2125812610.7134633,11196024442.973438,0.810127905531002,0.189872094468998,0.02405849989006861,6
2016-06-11,605.44955698422,9473581895.175615,2164299688.574052,11637881583.749668,0.8140297550719083,0.18597024492809167,0.02350250374305381,6
2016-06-12,670.39237434249,10492201176.714144,2290430470.188962,12782631646.903107,0.8208169856209637,0.17918301437903628,0.023529742609693673,6
2016-06-13,704.321778141438,11026059609.860653,2467651117.5865874,13493710727.44724,0.8171258323652073,0.1828741676347927,0.025092258626807366,6
2016-06-14,684.948319403857,10725031133.659044,2708410361.1296062,13433441494.78865,0.7983829860590599,0.20161701394094012,0.027356069129412314,6
2016-06-15,695.001468439509,10885085966.449415,2611585206.083169,13496671172.532585,0.8065015311776972,0.19349846882230282,0.026488187505669128,6
2016-06-16,767.420031268264,12022161320.349192,2833326660.8399725,14855487981.189163,0.8092740767299138,0.1907259232700862,0.02701110933930247,6
2016-06-17,750.014633927528,11752287633.59202,2388980958.433733,14141268592.025753,0.8310631791704404,0.16893682082955963,0.02060562144715103,6
2016-06-18,758.28878012858,11884933872.638653,2057422695.777409,13942356568.416061,0.8524336480937422,0.14756635190625778,0.014848678341181518,6
2016-06-19,766.767132670952,12021211098.17071,2180173538.478518,14201384636.649227,0.846481621739039,0.15351837826096104,0.016065442622738502,6
2016-06-20,722.497452367037,11330122758.994787,2058428293.0883174,13388551052.083105,0.8462545883359014,0.1537454116640986,0.016184345146758865,6
2016-06-21,669.604204675628,10503151148.649952,2097345533.4600103,12600496682.109962,0.8335505665869666,0.16644943341303342,0.019490227127239863,6
2016-06-22,594.832974634716,9332237048.747288,2143345360.092991,11475582408.840279,0.8132255702820057,0.1867744297179943,0.022235073582427597,6
2016-06-23,627.677855639977,9849731876.213673,2147568117.4205713,11997299993.634243,0.8209957141556794,0.1790042858443206,0.021982951998802503,6
2016-06-24,664.126985680889,10423845685.070345,2255950058.5142193,12679795743.584564,0.8220830915469886,0.17791690845301145,0.02165942148988501,6
2016-06-25,668.872684102864,10501041019.00779,2240417042.0525556,12741458061.060345,0.8241632134002325,0.17583678659976754,0.021452445645496438,6
2016-06-26,630.4342421391,9899873513.681553,2221341207.3000445,12121214720.981598,0.8167393897036619,0.1832606102963381,0.021970311147171205,6
2016-06-27,652.244807714787,10244767519.42704,2328493773.5150795,12573261292.94212,0.8148059028390544,0.1851940971609456,0.02157044294303385,6
2016-06-28,647.218768381064,10168218550.195312,2162232515.7223945,12330451065.917707,0.8246428695784724,0.17535713042152756,0.01883141204363905,6
2016-06-29,638.586345645821,10034928538.061169,2158981063.11291,12193909601.174078,0.8229459514030648,0.1770540485969352,0.019906984603153162,6
2016-06-30,674.284814728229,10598433062.777256,2141790781.1751785,12740223843.952435,0.8318875078327725,0.16811249216722746,0.018474056986385514,6
2016-07-01,677.512385739334,10651789500.955149,2144075029.707774,12795864530.662922,0.8324400024265736,0.16755999757342643,0.018120002863088423,6
2016-07-02,702.739316773817,11051022772.079668,2124355233.047366,13175378005.127033,0.8387632421460167,0.16123675785398328,0.017234706324840934,6
2016-07-03,662.55008591467,10421572370.090048,2074671520.8270617,12496243890.91711,0.8339763901107087,0.16602360988929132,0.017822416683486456,6
2016-07-04,679.842453360608,10696138828.810429,2061773516.374305,12757912345.184734,0.8383925629374238,0.1616074370625762,0.016795897876940122,6
2016-07-05,668.165981297487,10514851946.741264,1964556351.0978112,12479408297.839075,0.8425761619292486,0.15742383807075144,0.015744119438105948,6
2016-07-06,677.651333138515,10666493627.992905,1967286253.5164187,12633779881.509323,0.8442836370454958,0.1557163629545042,0.015581830528349867,6
2016-07-07,640.053236119229,10076877246.439484,1900983976.0770595,11977861222.516542,0.8412918683259161,0.15870813167408393,0.015800648490768357,6
2016-07-08,665.051708357685,10472859283.711636,2032105101.5704205,12504964385.282057,0.83749613041984,0.16250386958016005,0.017065905750162032,6
2016-07-09,651.941914026885,10268410207.252647,1976623627.2855678,12245033834.538216,0.8385775283274167,0.16142247167258328,0.016800536672682036,6
2016-07-10,649.959340970193,10238451113.804316,1979383358.7995117,12217834472.603827,0.8379922920679682,0.16200770793203179,0.016864970962148836,6
2016-07-11,650.272594681473,10244547989.054478,1921588961.5620482,12166136950.616526,0.8420543045535361,0.15794569544646386,0.01624934511448073,6
2016-07-12,670.023127995324,10556900220.416677,1952143683.748985,12509043904.165663,0.8439414156105969,0.15605858438940312,0.0157507224651819,6
2016-07-13,658.333613383986,10373781515.222033,1961893141.7078443,12335674656.929876,0.8409577752112892,0.15904222478871077,0.015869268027410784,6
2016-07-14,660.905960198714,10415480467.018541,2039422046.5044498,12454902513.522991,0.836255478973831,0.163744521026169,0.017455387634631364,6
2016-07-15,666.758671127995,10508840826.728903,2082494099.1787086,12591334925.907612,0.8346089504065354,0.16539104959346462,0.01798777591868236,6
2016-07-16,665.275622150789,10486771967.510086,2079878520.0644336,12566650487.57452,0.8344922123742562,0.1655077876257438,0.01761475317723575,6
2016-07-17,681.089601987142,10737317029.688564,2024638170.3369262,12761955200.02549,0.8413536061987679,0.15864639380123213,0.016527471963652896,6
2016-07-18,675.118579193454,10644433355.51182,2012127893.254195,12656561248.766014,0.8410209650389538,0.15897903496104615,0.016415896922388325,6
2016-07-19,674.660360315605,10638288184.507572,2041741220.5954878,12680029405.10306,0.8389797724148974,0.1610202275851026,0.017305930214288213,6
2016-07-20,667.305364874343,10523563158.02516,2098403559.0051517,12621966717.030312,0.8337498738470083,0.16625012615299173,0.0187373138676424,6
2016-07-21,666.851739333723,10517518017.163048,2127788421.796205,12645306438.959253,0.8317329491327591,0.16826705086724092,0.01911308150001829,6
2016-07-22,650.562911630625,10261661310.934748,2271769381.1708803,12533430692.105629,0.8187432126942076,0.18125678730579242,0.02278777752006594,6
2016-07-23,657.377942957335,10370234739.627321,2289614907.5803123,12659849647.207634,0.819143594009007,0.18085640599099295,0.021972834278685818,6
2016-07-24,661.393979836353,10434613478.864668,2149291183.836732,12583904662.7014,0.8292031574104963,0.17079684258950367,0.019233060659314943,6
2016-07-25,655.119577849211,10336696888.097298,2261773438.3613067,12598470326.458605,0.8204723764272194,0.17952762357278063,0.021126364428131046,7
2016-07-26,654.626339158387,10329969987.225431,2216057840.209801,12546027827.435232,0.8233657799352397,0.17663422006476026,0.018274982571439245,7
2016-07-27,656.275146873174,10357038128.458858,2228700496.3790464,12585738624.837906,0.8229185777002618,0.17708142229973822,0.019902572804035904,7
2016-07-28,656.196453360608,10356911756.936108,2232062298.171763,12588974055.10787,0.8226970451761221,0.17730295482387792,0.01964076930017554,7
2016-07-29,657.557567504383,10379602821.876986,2254126257.998324,12633729079.875309,0.8215787085707738,0.17842129142922625,0.019584616553091926,7
2016-07-30,655.361730157803,10345916190.862837,2206316863.495481,12552233054.358318,0.8242291348526695,0.17577086514733054,0.019102062390026705,7
2016-07-31,624.804487142022,9864724773.474176,2144349235.3807757,12009074008.854952,0.8214392522021574,0.1785607477978426,0.01911976656281467,7
2016-08-01,606.50924792519,9577030363.562576,2094825190.8889549,11671855554.45153,0.8205233794133094,0.17947662058669056,0.018148164252130682,7
2016-08-02,526.981148334307,8322263415.354218,1829602275.8520908,10151865691.206308,0.8197767453289971,0.18022325467100286,0.015856557011299486,7
2016-08-03,570.347040911748,9008295636.527138,2057251995.121972,11065547631.649109,0.8140849360913757,0.18591506390862433,0.018483526229055528,7
2016-08-04,583.542158036236,9217820765.337202,2143048502.4294324,11360869267.766634,0.8113657985212674,0.18863420147873255,0.019296757887534946,7
2016-08-05,581.279805669199,9183311868.828962,2165780807.4333234,11349092676.262285,0.8091670524496412,0.19083294755035884,0.01921029013402606,7
2016-08-06,590.795402980713,9334869325.414349,2215851729.6247306,11550721055.03908,0.8081633415726847,0.19183665842731534,0.018602229185553567,7
2016-08-07,594.73232402104,9398174944.82988,2132153835.7378814,11530328780.56776,0.815082997517709,0.18491700248229104,0.018534894153892208,7
2016-08-08,591.629283869083,9350234098.001303,2124242889.0339665,11474476987.035269,0.8148723561488601,0.1851276438511399,0.019116506232580564,7
2016-08-09,587.932138223261,9292714922.542728,2221025842.091224,11513740764.633953,0.8070978070903408,0.19290219290965915,0.02093281357759494,7
2016-08-10,589.968758328463,9326018819.417814,2181896490.0782366,11507915309.496052,0.810400369537149,0.189599630462851,0.020500403137029125,7
2016-08-11,589.585884687317,9321071960.972263,2162993113.360595,11484065074.332859,0.8116526596322644,0.1883473403677356,0.019853529251365236,7
2016-08-12,587.19164956166,9284313888.685236,2158272973.633753,11442586862.318989,0.811382426054282,0.188617573945718,0.02009231005846245,7
2016-08-13,585.363581648159,9256602279.37682,2161961484.15682,11418563763.53364,0.8106625729006947,0.18933742709930534,0.01977765220512777,7
2016-08-14,571.387062536528,9036749863.28509,2119453050.021209,11156202913.3063,0.8100202132848192,0.1899797867151808,0.019707462023693834,7
2016-08-15,566.564441320865,8961511865.13138,2116588615.4804227,11078100480.611803,0.8089393918041505,0.19106060819584947,0.019696776685750907,7
2016-08-16,578.414924137931,9149930417.512432,2127061386.6615567,11276991804.173988,0.8113804263053326,0.18861957369466742,0.019293999928512665,7
2016-08-17,573.663744418469,9075653638.94603,2077537384.9739668,11153191023.919996,0.8137270866679931,0.1862729133320069,0.01882869267915313,7
2016-08-18,573.263191992987,9070420226.495249,2062749608.0998547,11133169834.595104,0.814720368165939,0.18527963183406104,0.0187644989281916,7
2016-08-19,573.958457919345,9082525897.222313,2074878515.669034,11157404412.891346,0.8140357345771474,0.1859642654228526,0.018723156185388796,7
2016-08-20,581.797070134424,9207694159.296356,2119622594.7339587,11327316754.030315,0.8128751370901862,0.18712486290981378,0.019414770643922788,7
2016-08-21,580.79219257744,9192974031.110725,2096765946.9491208,11289739978.059847,0.8142768610239106,0.18572313897608939,0.019217803612975003,7
2016-08-22,584.971897720631,9260287128.25507,2098015248.170539,11358302376.42561,0.8152879560131262,0.1847120439868738,0.018953291753337976,7
2016-08-23,582.627747399182,9224249077.87687,2113483166.9094265,11337732244.786295,0.8135885447567065,0.1864114552432935,0.018877922569159537,7
2016-08-24,578.701831677382,9163192930.241121,2101596406.9568214,11264789337.197943,0.8134366880686308,0.1865633119313692,0.019035861573699863,7
2016-08-25,576.033436586791,9121877486.946257,2114308336.8446023,11236185823.79086,0.8118304227073313,0.1881695772926687,0.01968446386922657,7
2016-08-26,578.874653419053,9167825212.519114,2113550668.3245776,11281375880.84369,0.8126513387508445,0.1873486612491555,0.01948516861347457,7
2016-08-27,570.200993746347,9031484019.237728,2095196877.4276893,11126680896.665417,0.8116961475856108,0.18830385241438918,0.019613771070826107,7
2016-08-28,575.105232554062,9110255563.839924,2126242816.5399346,11236498380.379858,0.8107735395350046,0.18922646046499536,0.019139304461390706,7
2016-08-29,573.429267562829,9084774574.86463,2137669523.328478,11222444098.193108,0.8095183629675947,0.19048163703240528,0.019109846880124844,7
2016-08-30,575.695698421976,9121861557.011093,2136939934.7644198,11258801491.775513,0.8101982758710649,0.18980172412893515,0.019543286818253944,7
2016-08-31,572.272758328463,9068583846.810713,2164930262.994582,11233514109.805294,0.807279339142424,0.192720660857576,0.020281457825943185,7
2016-09-01,572.221702045587,9068776165.730122,2225549053.236516,11294325218.966637,0.8029497991168932,0.19705020088310676,0.02117317660136067,7
2016-09-02,576.846767387493,9143179090.842133,2252569189.2848,11395748280.126932,0.8023324898099882,0.19766751019001183,0.02104871940385941,7
2016-09-03,600.374406779661,9517044202.16175,2241183812.5704546,11758228014.732204,0.8093944249284489,0.19060557507155107,0.019811741623026412,7
2016-09-04,610.538913325541,9679536501.882923,2284368986.2697663,11963905488.152689,0.8090615987787707,0.1909384012212293,0.019248087939752266,7
2016-09-05,607.526964172998,9632847972.86406,2279104427.5921454,11911952400.456205,0.8086707912378108,0.19132920876218917,0.019380303701416364,7
2016-09-06,612.995458270017,9720597611.282675,2251756580.544414,11972354191.82709,0.811920317051631,0.18807968294836896,0.019128831592752665,7
2016-09-07,615.659819111631,9764017563.17909,2239490883.5556407,12003508446.734732,0.8134303071894916,0.1865696928105084,0.018819485340779016,7
2016-09-08,630.550172004676,10001305153.766212,2244947171.0239263,12246252324.790138,0.8166829237644018,0.18331707623559823,0.018095315208938815,7
2016-09-09,622.977884044418,9882305092.323006,2258489004.259631,12140794096.582638,0.8139751826533862,0.1860248173466138,0.01871708917010515,7
2016-09-10,624.752640444185,9911668531.040775,2298959259.844348,12210627790.885124,0.8117247287186614,0.18827527128133859,0.01944975237076359,7
2016-09-11,608.246675920514,9651049157.894152,2219111814.685077,11870160972.57923,0.8130512450664017,0.1869487549335983,0.019174073477357185,7
2016-09-12,607.70737270602,9643730238.313738,2229694512.5846357,11873424750.898373,0.81221134092622,0.18778865907377995,0.019586605260592208,7
2016-09-13,608.694296317943,9660647196.728384,2240970930.2402806,11901618126.968664,0.8117087184000371,0.1882912815999629,0.01960901197620661,7
2016-09-14,609.41308766803,9673243560.642334,2253501174.9962835,11926744735.638618,0.8110547995328065,0.18894520046719354,0.01956297448421295,7
2016-09-15,607.070262594974,9637224394.641558,2551028833.193325,12188253227.834883,0.7906977492584892,0.20930225074151076,0.01972925044298317,7
2016-09-16,607.806438047925,9649967224.211348,2425853603.2069674,12075820827.418316,0.7991148065314919,0.20088519346850808,0.020741067062125598,7
2016-09-17,607.381449678551,9644457346.260689,2436760797.7269998,12081218143.987688,0.7983017301165386,0.2016982698834614,0.02109015599262623,7
2016-09-18,611.533460315605,9711494483.764973,2384343705.5108657,12095838189.275839,0.8028790011737406,0.19712099882625944,0.020347911332107154,7
2016-09-19,608.871306312098,9670230232.928843,2442106160.611982,12112336393.540825,0.7983786049804321,0.20162139501956788,0.021396620212349532,7
2016-09-20,608.371748626534,9663444447.739109,2574753851.1494546,12238198298.888563,0.78961332475032,0.21038667524968002,0.024190019809935896,7
2016-09-21,596.945756633548,9483191383.893663,2485021286.3981166,11968212670.29178,0.7923648789625383,0.20763512103746173,0.023068089125325583,7
2016-09-22,595.564716540035,9462301606.76385,2443648608.707987,11905950215.471836,0.794754004133794,0.20524599586620595,0.022158258746569473,7
2016-09-23,602.378784921099,9571587218.91759,2519572636.98972,12091159855.907309,0.7916186150033616,0.20838138499663839,0.022194551930637584,7
2016-09-24,602.687359731151,9577740940.488804,2508135348.1965084,12085876288.685312,0.79247385226468,0.20752614773531997,0.021505966982885382,7
2016-09-25,600.610054880187,9546117896.707888,2595057564.4265904,12141175461.134478,0.7862597758566529,0.21374022414334715,0.021787097645147444,7
2016-09-26,606.778810637055,9645324787.899805,2528888653.3133583,12174213441.213163,0.7922749863451257,0.20772501365487428,0.021197421024125872,7
2016-09-27,605.151613734658,9620722203.564297,2626386068.764028,12247108272.328325,0.7855505144264785,0.2144494855735215,0.02164431329885711,7
2016-09-28,604.686494389246,9614446389.372383,2801834391.1494393,12416280780.521822,0.7743418950749851,0.22565810492501492,0.022025200220065738,7
2016-09-29,605.202561952075,9623733604.422766,2741720400.88508,12365454005.307846,0.7782757996828744,0.22172420031712559,0.021700992116348673,7
2016-09-30,608.865840736412,9683066604.838776,2693183815.81993,12376250420.658707,0.7823909726871388,0.21760902731286125,0.02177770023086981,7
2016-10-01,615.408478842782,9788324852.837257,2606739081.230776,12395063934.068033,0.7896953904314998,0.21030460956850017,0.021509965079503,7
2016-10-02,611.748578316774,9731190837.240904,2643624760.7844787,12374815598.025383,0.7863705733759527,0.21362942662404727,0.02171475640912406,7
2016-10-03,612.590347399182,9745737268.449846,2635317471.6216397,12381054740.071486,0.7871491947214811,0.21285080527851885,0.022038431763020998,7
2016-10-04,610.007881355932,9705857423.9346,2564340233.5816326,12270197657.516233,0.7910106825369011,0.2089893174630989,0.02184567854195596,7
2016-10-05,612.147780946815,9741183302.076603,2484759472.918849,12225942774.995453,0.7967633647034003,0.20323663529659974,0.021373052764326567,7
2016-10-06,611.76086277031,9736257394.045555,2458476972.8446617,12194734366.890217,0.7983984809443948,0.2016015190556052,0.02104250641933211,7
2016-10-07,617.905705143191,9835157903.195013,2449580365.226323,12284738268.421337,0.8005997106569931,0.1994002893430069,0.02053783946273043,7
2016-10-08,619.301001753361,9858675006.110096,2406875386.3763757,12265550392.486471,0.80376947553444,0.19623052446556,0.019769875394688805,7
2016-10-09,617.101041320865,9824887958.640614,2421549657.6820564,12246437616.32267,0.8022649742277302,0.19773502577226976,0.01958477858511477,7
2016-10-10,618.0852,9841514816.562908,2431530149.531797,12273044966.094706,0.8018804496969498,0.19811955030305017,0.019047937424712807,7
2016-10-11,642.981387258913,10239043682.012732,2447326291.872911,12686369973.885643,0.8070901056085682,0.1929098943914318,0.018297229879211434,7
2016-10-12,636.59793220339,10138537354.268984,2446492457.149573,12585029811.418556,0.8056029668734007,0.19439703312659928,0.018577828789412023,7
2016-10-13,635.444095324372,10121177916.067327,2448391879.419305,12569569795.486633,0.8052127543538958,0.19478724564610417,0.018819231225216386,7
2016-10-14,639.586090298071,10188237763.530691,2458607463.5109534,12646845227.041645,0.8055951963218521,0.19440480367814794,0.018613572218858346,7
2016-10-15,637.283759322034,10152694136.809776,2438235370.545284,12590929507.35506,0.8063498513655425,0.1936501486344575,0.018762629806327445,7
2016-10-16,642.913042548217,10243420099.577934,2450979966.343923,12694400065.921858,0.8069243167368276,0.19307568326317237,0.018605629252548397,7
2016-10-17,639.137536469901,10184264279.6167,2428477342.304259,12612741621.920958,0.8074584087187228,0.19254159128127724,0.018726675270677604,7
2016-10-18,635.576508591467,10128752915.953718,2527479006.2512703,12656231922.204988,0.8002976698130126,0.19970233018698735,0.01974596762137834,7
2016-10-19,629.640708036236,10035141891.057276,2511742644.745691,12546884535.802967,0.7998114482062582,0.20018855179374184,0.019046585776431292,7
2016-10-20,628.598901110462,10019590594.072344,2598474375.4169374,12618064969.48928,0.7940671266394572,0.20593287336054278,0.01918945704305295,7
2016-10-21,630.90620338983,10057661337.450005,2557832481.9779286,12615493819.427933,0.7972467413016483,0.2027532586983517,0.019150086761084394,7
2016-10-22,654.508630976037,10435141081.461397,2527211711.8820696,12962352793.343468,0.8050344908696001,0.1949655091303999,0.01840137473371066,7
2016-10-23,651.961956750438,10395711779.677055,2539367304.405989,12935079084.083044,0.803683666106785,0.196316333893215,0.01834004934463389,7
2016-10-24,650.027167153711,10366022953.71365,2524072342.1179714,12890095295.831621,0.8041851294199351,0.19581487058006486,0.018347607245580506,7
2016-10-25,655.792505084746,10459102589.22524,2456259396.614348,12915361985.839588,0.8098187724581477,0.1901812275418523,0.017271688860112076,7
2016-10-26,675.109869316189,10768355905.425896,2461677933.815104,13230033839.241,0.8139326048801453,0.1860673951198547,0.01702544801378402,7
2016-10-27,686.523327060199,10951796742.256786,2411299228.075068,13363095970.331854,0.819555346049409,0.18044465395059095,0.01671596056071146,7
2016-10-28,690.390654938632,11014802220.446806,2325039061.4482603,13339841281.895065,0.8257071420629404,0.17429285793705962,0.016118933223365235,7
2016-10-29,715.445469316189,11415870485.88642,2217835087.4508653,13633705573.337284,0.8373270512905774,0.16267294870942262,0.014555043095284674,7
2016-10-30,699.333410987726,11160250070.845316,2351479926.719494,13511729997.56481,0.8259675165842348,0.17403248341576516,0.016067455765534436,7
2016-10-31,698.897727995325,11154581487.060925,2312908920.145188,13467490407.206112,0.8282598427612312,0.1717401572387688,0.015706135803814525,7
2016-11-01,730.578480011689,11661529206.407904,2284036970.6962037,13945566177.104107,0.8362176951663572,0.16378230483364276,0.01479266479155626,7
2016-11-02,740.367055523086,11819005784.7067,2306273941.799888,14125279726.506588,0.8367272021189015,0.1632727978810985,0.014633391429789346,7
2016-11-03,689.939206954997,11015326935.81564,2302807828.3509793,13318134764.166618,0.8270923166698353,0.1729076833301647,0.015753360347544865,7
2016-11-04,705.432016656926,11263702567.809874,2339801457.5108457,13603504025.320719,0.8280000907739885,0.1719999092260115,0.01581186821554846,7
2016-11-05,706.819325569842,11287152646.526196,2354486384.9538245,13641639031.48002,0.827404435821787,0.17259556417821298,0.015764315830772924,7
2016-11-06,715.896879777908,11433480682.430628,2320417928.7863684,13753898611.216995,0.8312901676551585,0.1687098323448415,0.015356839690624203,7
2016-11-07,706.181216773816,11279602080.23292,2336643746.4954414,13616245826.728361,0.8283929523430998,0.17160704765690016,0.015457344980112527,7
2016-11-08,711.835846580947,11371425389.707573,2327582196.8229175,13699007586.53049,0.8300911812683784,0.16990881873162156,0.015254653851841082,7
2016-11-09,721.50150993571,11527158053.369602,2292442863.5048327,13819600916.874435,0.8341165655004086,0.16588343449959142,0.014771232631965166,7
2016-11-10,713.407615604909,11399343106.154873,2271399890.654507,13670742996.80938,0.8338495653685664,0.16615043463143364,0.01474670478068304,7
2016-11-11,715.703310637055,11437483628.03898,2261342680.932109,13698826308.971088,0.8349243482668877,0.16507565173311234,0.014377542061678765,7
2016-11-12,703.847551139685,11249497647.672243,2224493333.7252717,13473990981.397514,0.8349046443034989,0.16509535569650113,0.01404907967740742,7
2016-11-13,703.626435300994,11247212520.857395,2255081714.138719,13502294234.996115,0.8329852930997568,0.16701470690024323,0.014379330040977223,7
2016-11-14,705.643584161309,11280973045.061352,2234666370.153004,13515639415.214355,0.8346606992461287,0.16533930075387127,0.014195875342659073,7
2016-11-15,712.3471528346,11389530640.510002,2238407092.668612,13627937733.178614,0.8357486557031311,0.16425134429686894,0.014377439047177365,7
2016-11-16,742.050117592051,11866029637.542957,2183934238.2629514,14049963875.805908,0.8445594410371621,0.15544055896283793,0.013506611407606579,7
2016-11-17,735.318080537697,11759839928.483047,2173212444.824703,13933052373.30775,0.844024669785349,0.15597533021465104,0.013516229538364571,7
2016-11-18,749.57872729398,11989295191.841568,2154759253.9481797,14144054445.789747,0.8476561821642602,0.1523438178357398,0.012698059039532713,7
2016-11-19,751.213819403858,12016781422.212252,2148481753.1240463,14165263175.336298,0.8483274382882732,0.15167256171172683,0.012913082290753823,7
2016-11-20,730.350813617767,11684215201.375418,2132291769.357181,13816506970.7326,0.8456707057815699,0.1543292942184301,0.013129186750817352,7
2016-11-21,736.506983927528,11783981824.937866,2118330108.3276932,13902311933.26556,0.8476274940099037,0.15237250599009633,0.012949725372906866,7
2016-11-22,747.997677966102,11969083798.737316,2138446901.932183,14107530700.669498,0.8484180578936682,0.1515819421063318,0.013173579707298303,7
2016-11-23,741.240317942724,11862317940.850012,2107450950.4889975,13969768891.339008,0.8491420318488178,0.15085796815118224,0.013207794897872622,7
2016-11-24,737.35497597896,11801632651.3492,2023229977.9206712,13824862629.26987,0.8536527969806291,0.14634720301937088,0.012506027009098473,7
2016-11-25,739.685200175336,11840334132.942488,2051325233.5551884,13891659366.497677,0.8523340387612482,0.14766596123875175,0.01272685065325792,7
2016-11-26,734.652925891292,11761186228.25124,2046636452.0626605,13807822680.3139,0.8517770325237017,0.14822296747629826,0.012675449784520919,7
2016-11-27,727.741115838691,11651843795.124857,2008001307.4146318,13659845102.53949,0.8529997015089632,0.1470002984910368,0.012249738702350963,7
2016-11-28,730.082483752192,11690828044.04396,1969215843.2841625,13660043887.328123,0.8558411774129858,0.14415882258701418,0.011891388497401002,7
2016-11-29,731.646435710111,11717234335.108929,1915787532.3391032,13633021867.448032,0.8594744766812495,0.14052552331875046,0.011164322286219809,7
2016-11-30,742.20445131502,11887637165.36728,1971944925.0838916,13859582090.45117,0.8577197413158294,0.1422802586841706,0.011596827954611805,7
2016-12-01,753.674910111046,12072731073.248068,1948116083.4339478,14020847156.682016,0.8610557506501652,0.13894424934983485,0.011220205218599968,7
2016-12-02,772.302382729398,12372495475.0148,1867117504.3527417,14239612979.36754,0.8688786340571125,0.13112136594288748,0.009932952505066072,7
2016-12-03,766.110468147283,12274946446.740051,1886801450.4524531,14161747897.192505,0.8667677560602175,0.1332322439397825,0.010303973269802586,7
2016-12-04,766.380139099942,12280685032.174324,1825457705.7876844,14106142737.96201,0.8705912920563982,0.12940870794360182,0.009752982026860483,7
2016-12-05,752.670726241964,12062431723.948215,1743721211.2692451,13806152935.21746,0.8736997033531861,0.12630029664681386,0.008946168446479821,7
2016-12-06,759.117325774401,12167169392.183828,1972263260.4521573,14139432652.635986,0.8605132674765085,0.13948673252349153,0.010244797694553102,7
2016-12-07,764.987650087668,12262923083.656824,2092144186.6632845,14355067270.320108,0.8542574446175597,0.1457425553824403,0.010922253891100867,7
2016-12-08,767.659224634717,12307255552.189903,2024286185.3094494,14331541737.499353,0.8587530760900077,0.14124692390999227,0.010765544397470453,7
2016-12-09,771.902321098773,12376584249.493677,2059950697.344975,14436534946.838652,0.8573098943111644,0.14269010568883556,0.011001943764106814,7
2016-12-10,775.474561309176,12435140630.466925,1980818575.5530024,14415959206.019928,0.862595436956714,0.13740456304328597,0.010473409718842091,7
2016-12-11,770.496150496786,12357110240.990784,2022937459.9365327,14380047700.927317,0.8593233136628552,0.1406766863371448,0.01068103810679341,7
2016-12-12,778.506599064874,12487098790.320066,2029933835.2264721,14517032625.54654,0.8601688177200711,0.13983118227992886,0.010945526923004554,7
2016-12-13,778.930694564582,12495634322.765184,2021676143.164108,14517310465.929293,0.8607403108234969,0.1392596891765031,0.010796931106031901,7
2016-12-14,776.963961484512,12465433894.538868,1992824517.9405072,14458258412.479376,0.8621670424550969,0.1378329575449031,0.01060524566650477,7
2016-12-15,776.176781998831,12454036745.728294,2042755057.077322,14496791802.805616,0.8590891636670963,0.1409108363329037,0.010065423481097128,7
2016-12-16,782.230215897136,12552466736.264204,2065524965.7384367,14617991702.00264,0.8586998126797771,0.14130018732022287,0.010045007261324549,7
2016-12-17,789.60293220339,12672198174.115372,2011037041.4720654,14683235215.587437,0.8630385598306572,0.13696144016934275,0.009874335288809944,7
2016-12-18,790.632966526008,12690122503.858097,2054532231.6060677,14744654735.464165,0.8606591833809129,0.13934081661908715,0.010001344026848777,7
2016-12-19,790.279031677382,12685933293.70491,2024319502.83418,14710252796.539091,0.8623871709865892,0.13761282901341076,0.009629402440554222,7
2016-12-20,799.777520748101,12839787154.972616,2019413276.5615995,14859200431.534216,0.8640967738562838,0.1359032261437162,0.009534639031460396,7
2016-12-21,828.4836792519,13302288135.98647,2030852109.855132,15333140245.841602,0.8675514553904959,0.13244854460950406,0.009523332648702887,7
2016-12-22,858.50143395675,13785965063.437328,2001707527.8582153,15787672591.295544,0.8732107271491146,0.12678927285088537,0.008833872344110871,7
2016-12-23,915.562438340152,14704000146.30472,1954235175.8780427,16658235322.182762,0.8826865428371212,0.11731345716287878,0.00782795287481138,7
2016-12-24,891.155272063121,14313545362.84699,2011574593.488785,16325119956.335775,0.8767804096466628,0.12321959035333718,0.008127271451924092,7
2016-12-25,896.003279310345,14393261024.898216,1992763873.0096846,16386024897.907902,0.8783863758644652,0.12161362413553478,0.008037189550892557,7
2016-12-26,903.201246639392,14510491264.44795,1994100554.3715446,16504591818.819494,0.8791790444585394,0.12082095554146055,0.008016299802942689,7
2016-12-27,925.950810461719,14877782797.919584,1985825667.837912,16863608465.757496,0.8822419488764672,0.11775805112353277,0.007725833386960681,7
2016-12-28,979.960973991818,15747603995.545294,2078278358.243832,17825882353.789127,0.8834123149139897,0.11658768508601025,0.007779509687072897,7
2016-12-29,973.462559438925,15645002161.928385,2177142158.1204605,17822144320.048843,0.8778406167617381,0.12215938323826192,0.008528930061644024,7
2016-12-30,961.182658153127,15449532066.495375,2166286736.149052,17615818802.64443,0.8770260547966208,0.12297394520337923,0.008550857381045657,7
2016-12-31,968.970597019287,15576503794.393776,2161330105.738835,17737833900.13261,0.8781514068793554,0.12184859312064455,0.008386559558005668,7
2017-01-01,997.257357977791,16033166928.507767,2147253669.8368666,18180420598.344635,0.8818919695382416,0.11810803046175844,0.008200342371556682,7
2017-01-02,1017.07788609001,16353848176.394016,2197832750.3008513,18551680926.694866,0.8815291854692107,0.11847081453078934,0.008237772742321051,7
2017-01-03,1032.60905318527,16605694521.70078,2336421390.499564,18942115912.200344,0.8766546777915815,0.12334532220841854,0.009391232568023829,7
2017-01-04,1134.49644535359,18246345823.22251,2533203668.772298,20779549491.99481,0.8780915019477108,0.1219084980522892,0.009756427564257045,7
2017-01-05,1000.49812893045,16092973484.822357,2363378158.8767614,18456351643.69912,0.871947706431807,0.12805229356819303,0.010219703181639913,7
2017-01-06,892.463955639977,14357044093.610928,2298186852.5813704,16655230946.192299,0.8620141107615935,0.1379858892384065,0.011345928261817663,7
2017-01-07,903.453283635301,14535387579.870792,2271290797.4177337,16806678377.288527,0.864857841244406,0.135142158755594,0.010985343430121546,7
2017-01-08,912.484997077732,14682600907.602928,2310665664.149587,16993266571.752516,0.8640246326747707,0.1359753673252293,0.011439746804032182,7
2017-01-09,903.508666803039,14539700661.885653,2313599336.423813,16853299998.309465,0.8627212868307164,0.13727871316928364,0.011471753338948423,7
2017-01-10,906.498947399182,14589634708.700304,2404609133.5808635,16994243842.281168,0.8585044938805533,0.14149550611944672,0.011724632712095515,7
2017-01-11,788.314655990649,12689026925.135504,2218265882.028949,14907292807.164452,0.8511959273408215,0.1488040726591785,0.01265032252408323,7
2017-01-12,807.109833547633,12993296880.857473,2234282816.1649547,15227579697.022429,0.8532739371180673,0.14672606288193268,0.012107725240435387,7
2017-01-13,826.746927410871,13310975741.1082,2250686673.009474,15561662414.117674,0.8553697790688718,0.1446302209311282,0.01186944241862509,7
2017-01-14,820.045157276447,13204837500.057323,2271181540.4803042,15476019040.537628,0.8532451055706762,0.14675489442932377,0.01192479199845943,7
2017-01-15,824.547065166569,13279051045.178684,2266374437.8744736,15545425483.053158,0.8542095589248965,0.14579044107510353,0.01197187876651648,7
2017-01-16,830.838035067212,13382120128.68228,2229714048.436965,15611834177.119244,0.8571779572380521,0.14282204276194788,0.011571010068954498,7
2017-01-17,906.026828112215,14594958398.362688,2325437683.3488755,16920396081.711563,0.8625660018761424,0.1374339981238576,0.011306110322216182,7
2017-01-18,881.259815371128,14197645178.668123,2311472920.2180243,16509118098.886147,0.8599881043691864,0.14001189563081362,0.011621723198904688,7
2017-01-19,902.263869959088,14537996019.982504,2315896961.115417,16853892981.097921,0.8625897907555984,0.13741020924440162,0.011564881339102101,7
2017-01-20,895.174516189363,14425881540.143623,2330674513.512384,16756556053.656008,0.8609096937312564,0.13909030626874364,0.011898052568701084,7
2017-01-21,924.46825949737,14900046542.109077,2380114426.4430757,17280160968.552155,0.8622631796790201,0.1377368203209799,0.011857804429419987,7
2017-01-22,922.467077381648,14869799008.144333,2355667434.941971,17225466443.086304,0.8632450713177957,0.1367549286822043,0.011603766904187351,7
2017-01-23,919.115744126242,14817362335.954388,2358739689.910926,17176102025.865314,0.8626731672670013,0.13732683273299873,0.011749130514606186,7
2017-01-24,887.743193804792,14313248721.796082,2290707628.539269,16603956350.33535,0.8620384455242799,0.13796155447572012,0.01187955399836046,7
2017-01-25,895.690033255406,14443045315.825674,2269410262.025286,16712455577.85096,0.8642084491142679,0.13579155088573214,0.01173770978409851,7
2017-01-26,916.6674685564,14783083522.672855,2284458218.6481123,17067541741.320969,0.8661518891664768,0.13384811083352322,0.01159184260216072,7
2017-01-27,920.454463471654,14846112302.752869,2288222832.5283732,17134335135.281242,0.866453946741318,0.13354605325868196,0.011444480849280823,7
2017-01-28,922.774948568089,14885292937.069485,2293442257.4810567,17178735194.55054,0.8664952785226828,0.13350472147731718,0.011447941449963106,7
2017-01-29,915.63202314436,14771981709.629528,2285545307.9620686,17057527017.591597,0.8660095742128995,0.13399042578710052,0.01146202295315718,7
2017-01-30,920.313260783168,14849161141.890284,2335305916.7505755,17184467058.640858,0.8641036752096241,0.13589632479037594,0.011495369291546875,7
2017-01-31,968.499105669199,15628390267.653969,2334282414.7711573,17962672682.425125,0.8700481573070669,0.12995184269293314,0.011054310877568304,7
2017-02-01,987.532590414962,15937898190.3776,2362363636.470568,18300261826.848167,0.87091093784217,0.12908906215783,0.010858183994124353,7
2017-02-02,1007.7043659848,16265430337.177128,2369056743.4022684,18634487080.579395,0.8728670806361359,0.12713291936386406,0.01074517778237494,7
2017-02-03,1015.30203945061,16389955943.816654,2368593881.1649666,18758549824.98162,0.8737325697740983,0.1262674302259017,0.010791967645134052,7
2017-02-04,1033.78597299825,16690201716.68176,2405519493.2051864,19095721209.886948,0.8740283508140184,0.12597164918598158,0.011023536034952267,7
2017-02-05,1014.56787574518,16381947061.863184,2378947542.3594394,18760894604.222622,0.8731964763650453,0.12680352363495473,0.011082974699297364,7
2017-02-06,1023.3174811806,16524823455.991669,2400473887.137289,18925297343.12896,0.8731605721371236,0.12683942786287639,0.011078341106053628,7
2017-02-07,1053.62445902981,17016217921.256577,2407929756.1299343,19424147677.386513,0.8760342128713717,0.12396578712862827,0.010902271876991897,7
2017-02-08,1052.36764535359,16997840733.154907,2389938337.650427,19387779070.805336,0.8767296486656759,0.12327035133432407,0.010833469915689868,7
2017-02-09,982.751939450614,15875484012.417988,2305290464.6767645,18180774477.094753,0.8732017457462491,0.1267982542537509,0.011182776010717984,7
2017-02-10,996.650153126827,16101828644.843328,2346996401.501313,18448825046.344643,0.8727834214045878,0.12721657859541224,0.011411595890747032,7
2017-02-11,1011.37532220923,16341484984.268703,2364613671.7423205,18706098656.011024,0.8735912968692445,0.12640870313075547,0.011354366408426688,7
2017-02-12,1006.29646487434,16261183420.522734,2351440210.6245937,18612623631.147327,0.8736642261067605,0.12633577389323947,0.011392008581879914,7
2017-02-13,999.953184979545,16160716998.968723,2335154665.855466,18495871664.82419,0.8737472497553869,0.12625275024461313,0.011389395380633913,7
2017-02-14,1012.2134635301,16360999468.01771,2509274979.4919314,18870274447.50964,0.8670249875553302,0.1329750124446698,0.012936101947047876,7
2017-02-15,1013.90384050263,16390083679.675186,2512952509.435151,18903036189.110336,0.8670609057563561,0.13293909424364392,0.012835799600444103,7
2017-02-16,1036.80686475745,16762275451.099981,2472222759.582311,19234498210.682293,0.8714693394907849,0.12853066050921513,0.012428044629836552,7
2017-02-17,1058.66992033898,17117738325.423428,2451006963.2525334,19568745288.67596,0.8747488953892777,0.1252511046107223,0.012066303530949254,7
2017-02-18,1060.66880488019,17152060499.02682,2410996999.8795433,19563057498.906364,0.8767576591739646,0.12324234082603536,0.012160511518604577,7
2017-02-19,1058.78640035067,17123393628.768436,2448243774.3496127,19571637403.11805,0.8749085871599291,0.12509141284007086,0.012147316353032208,7
2017-02-20,1088.68842922268,17609003081.472546,2424121607.4081726,20033124688.88072,0.8789943333825667,0.12100566661743328,0.011667565522489048,7
2017-02-21,1128.85529316189,18260629743.437252,2430592525.7027493,20691222269.14,0.8825302587693012,0.11746974123069875,0.01135020936529977,7
2017-02-22,1129.70179064874,18276271622.23027,2431425411.8386073,20707697034.06888,0.8825834950241759,0.11741650497582412,0.011272763043285174,7
2017-02-23,1188.86178550555,19235588833.46992,2481935879.870212,21717524713.340134,0.8857173682254098,0.1142826317745902,0.011147841457902954,7
2017-02-24,1185.48889158387,19183431396.255405,2429464228.29194,21612895624.547344,0.8875919140824139,0.11240808591758611,0.01111572617355953,7
2017-02-25,1151.60473687902,18637526262.688423,2467167242.5777426,21104693505.266167,0.8830986461868247,0.11690135381317535,0.011849056998106806,7
2017-02-26,1181.71086586791,19127391989.752533,2561205219.759586,21688597209.51212,0.8819100564679997,0.11808994353200031,0.012404901852543738,7
2017-02-27,1194.15245014611,19330923262.65187,2628598737.452278,21959522000.10415,0.8802979984063491,0.11970200159365085,0.013111259226826957,7
2017-02-28,1188.39994073641,19240074535.181675,2631330339.5037456,21871404874.68542,0.879690840411019,0.12030915958898103,0.013171790238927363,7
2017-03-01,1228.45965061368,19890848403.357536,2761860191.6753073,22652708595.032845,0.8780781476930792,0.12192185230692076,0.014054742739119016,7
2017-03-02,1262.93146738749,20451484173.712143,3041980133.925193,23493464307.637337,0.8705180260309121,0.1294819739690879,0.015206336767590173,7
2017-03-03,1289.36319111631,20881944223.053177,3136120759.480354,24018064982.53353,0.8694265852906548,0.13057341470934525,0.015243729091443562,7
2017-03-04,1268.94066440678,20553283951.317657,3014863698.9738207,23568147650.291477,0.8720788861429025,0.12792111385709748,0.014724269946147665,7
2017-03-05,1276.27368293396,20674403461.6224,3077265540.4970703,23751669002.11947,0.8704400292786805,0.12955997072131953,0.015123019053452445,7
2017-03-06,1282.25465663355,20773565472.502632,3130761092.1053157,23904326564.60795,0.8690295213444486,0.13097047865555145,0.015387765335685692,7
2017-03-07,1234.47646206897,20001880903.960194,3106801530.671129,23108682434.631325,0.8655569594043496,0.13444304059565038,0.015260807655896772,7
2017-03-08,1152.13938924606,18669841118.503216,2827366075.206835,21497207193.710052,0.8684775166499719,0.13152248335002814,0.014475522956113474,7
2017-03-09,1193.45552659264,19341556300.890316,2942248488.8714504,22283804789.761765,0.8679647162308989,0.13203528376910112,0.014913071423677766,7
2017-03-10,1098.53014903565,17805304675.138165,3013297164.504896,20818601839.64306,0.8552593883241989,0.1447406116758011,0.017460551284380937,7
2017-03-11,1176.822921391,19076489140.277233,3265858262.3640223,22342347402.641254,0.8538265382992863,0.14617346170071366,0.018223826081207664,7
2017-03-12,1231.74835663355,19969225806.410828,3480318711.8771515,23449544518.28798,0.8515826732087313,0.14841732679126873,0.01885094362263365,7
2017-03-13,1239.39629631794,20095461364.369675,4048118023.238575,24143579387.60825,0.8323314882914055,0.16766851170859454,0.02303122400144534,7
2017-03-14,1246.53656487434,20213663790.264263,4029838797.468103,24243502587.732365,0.8337765435136724,0.16622345648632764,0.022924514493562486,7
2017-03-15,1258.65138147282,20412350079.66159,4603337085.43825,25015687165.09984,0.8159819854215116,0.18401801457848843,0.02754787585842192,7
2017-03-16,1178.02075037989,19106964810.720158,5589294587.66279,24696259398.38295,0.7736784952935518,0.22632150470644818,0.03801001753268266,7
2017-03-17,1072.08253816482,17390758588.155197,5436763539.058049,22827522127.213245,0.761832952838243,0.23816704716175696,0.0411608656276471,7
2017-03-18,962.569056165985,15616177573.012672,4422674812.631973,20038852385.644646,0.7792950051470876,0.2207049948529124,0.033495430986968756,7
2017-03-19,1020.22025353594,16553582293.813684,5469037929.47673,22022620223.290413,0.7516627052537168,0.2483372947462832,0.042484255254333296,7
2017-03-20,1037.7563458796,16839878321.345238,5362129808.162857,22202008129.508095,0.7584844678515277,0.24151553214847232,0.04030526381157292,7
2017-03-21,1111.81826358854,18043669246.004883,5451945951.015497,23495615197.02038,0.7679590040397457,0.2320409959602543,0.03813475676260587,7
2017-03-22,1037.30257013442,16836417663.129028,5350672382.59359,22187090045.72262,0.7588384789728146,0.24116152102718535,0.03971749835084788,7
2017-03-23,1028.17285628288,16690135752.548922,5844952565.794631,22535088318.34355,0.740628814796486,0.259371185203514,0.04195887441013681,7
2017-03-24,935.063496201052,15180766238.53874,6811504656.244525,21992270894.783264,0.6902773393055892,0.3097226606944108,0.056667896802605054,7
2017-03-25,968.543329281122,15725921903.451391,6336244693.817925,22062166597.269318,0.7128004329999857,0.28719956700001426,0.051786336911008986,7
2017-03-26,962.95805458796,15637233759.264332,6412012918.719774,22049246677.984108,0.7091958282129389,0.2908041717870611,0.05231862647263527,7
2017-03-27,1042.91919777908,16937423477.86234,6206526721.671639,23143950199.53398,0.7318294125176344,0.26817058748236555,0.046830824158047735,7
2017-03-28,1045.16293161894,16975887612.950308,6409251146.073235,23385138759.023544,0.7259263153356266,0.27407368466437343,0.04804665483390713,7
2017-03-29,1039.68861578025,16888765398.051573,6736301978.605854,23625067376.657425,0.7148663378940622,0.2851336621059378,0.05093345690592348,7
2017-03-30,1037.98766142607,16863262866.30244,7300968716.06563,24164231582.368073,0.6978605054673895,0.30213949453261046,0.049940849499980136,7
2017-03-31,1081.74353109293,17575951028.326202,7803507778.98699,25379458807.313194,0.6925266280012882,0.30747337199871183,0.04625118179798293,7
2017-04-01,1089.52477182934,17704176776.530594,8073298304.141937,25777475080.67253,0.6868080260430492,0.31319197395695075,0.04652084234624997,7
2017-04-02,1105.56295575687,17966971908.710365,12036666167.980583,30003638076.69095,0.5988264444060349,0.40117355559396506,0.04413521814310129,7
2017-04-03,1144.6647710111,18604950334.22082,8565630876.243563,27170581210.464386,0.6847461300185722,0.3152538699814278,0.03854770740911666,7
2017-04-04,1141.92191870251,18562153298.20923,9123715803.817919,27685869102.027145,0.6704558643185277,0.32954413568147234,0.038735985213269444,7
2017-04-05,1135.81164377557,18465129660.738804,9213245065.859493,27678374726.598297,0.6671320062371375,0.33286799376286247,0.03992383169161638,7
2017-04-06,1194.59645938048,19423001888.39507,8593721962.821394,28016723851.21646,0.693264565533837,0.306735434466163,0.03618864119483921,7
2017-04-07,1191.73145108124,19378832835.411617,8887334883.482136,28266167718.893753,0.6855840179020222,0.31441598209797783,0.035604817896674246,7
2017-04-08,1184.41772033898,19261932036.87983,9074792339.136515,28336724376.016342,0.6797515401315318,0.32024845986846817,0.03767650478587379,7
2017-04-09,1213.63413980129,19739484515.005707,8763586352.425636,28503070867.431343,0.6925388708751649,0.30746112912483514,0.03618971474706599,7
2017-04-10,1211.64987621274,19709437323.626095,8796756608.060032,28506193931.686127,0.6914089397854697,0.3085910602145303,0.03630317638739836,7
2017-04-11,1229.78493290473,20007000413.811848,8694514062.868853,28701514476.680702,0.6970712444483395,0.30292875555166054,0.0357044604169119,7
2017-04-12,1216.11436785506,19786756714.344746,9163580478.039076,28950337192.38382,0.6834724094180912,0.3165275905819088,0.038118820546133,7
2017-04-13,1172.5583396844,19079940944.324066,9427461624.69091,28507402569.014977,0.6692977691717966,0.3307022308282034,0.04256785659883347,7
2017-04-14,1174.33323354763,19110862529.702183,9144691565.144936,28255554094.84712,0.6763577336176668,0.3236422663823332,0.04011618902858323,7
2017-04-15,1175.56218901227,19133066482.241875,9369226413.447906,28502292895.68978,0.6712816597690372,0.3287183402309628,0.04178719855605569,7
2017-04-16,1173.6913798948,19104759790.450478,9218035550.612352,28322795341.062828,0.6745365194498334,0.3254634805501666,0.041047529846004745,7
2017-04-17,1191.90120146113,19403226165.034466,9224559346.877226,28627785511.91169,0.6777760074023542,0.3222239925976458,0.04014517667622935,7
2017-04-18,1202.13145803624,19571960689.19398,9343495117.247723,28915455806.441704,0.6768684823855965,0.3231315176144035,0.04150231838397524,7
2017-04-19,1209.56090888369,19695082029.620502,8866919271.50336,28562001301.123863,0.6895553929144852,0.3104446070855148,0.03973912939286984,7
2017-04-20,1235.80307451783,20124510671.795033,9014010401.33939,29138521073.134422,0.6906496943096311,0.3093503056903689,0.03992880984890539,7
2017-04-21,1247.33607025132,20314924259.503906,9359164807.516012,29674089067.01992,0.6846014451740026,0.31539855482599743,0.03891826061737833,7
2017-04-22,1243.55039257744,20255522192.61148,9310606560.051336,29566128752.66282,0.6850921323538918,0.31490786764610823,0.039091826779082475,7
2017-04-23,1250.00148322618,20362991159.51824,9450236918.637781,29813228078.15602,0.6830186622574456,0.31698133774255444,0.03909658803912526,7
2017-04-24,1257.23944225599,20482848937.334652,9579080722.72466,30061929660.05931,0.6813550949308634,0.31864490506913656,0.039853393497448854,7
2017-04-25,1279.86471741672,20853825941.358646,9725034884.874931,30578860826.233578,0.6819686992220511,0.31803130077794894,0.03929706222012262,7
2017-04-26,1296.48545745178,21127120044.9545,10089852846.980568,31216972891.935066,0.6767831114852494,0.3232168885147506,0.041270672565713276,7
2017-04-27,1345.8899556692,21934673309.824898,11328918231.326044,33263591541.15094,0.6594198730070729,0.34058012699292706,0.04709446970362141,7
2017-04-28,1347.98515552309,21971111453.64577,13332059271.35888,35303170725.004654,0.6223551880025324,0.3776448119974676,0.05436980947740556,7
2017-04-29,1357.71525341905,22132640553.973972,14255323031.108917,36387963585.082886,0.6082407030616895,0.39175929693831046,0.05190951855451183,7
2017-04-30,1381.9563722969,22530412834.84568,14988575680.995945,37518988515.84163,0.6005069359834333,0.3994930640165667,0.058253667916016806,7
2017-05-01,1436.9414880187,23429544485.437233,15051831373.847116,38481375859.28435,0.6088541265029748,0.39114587349702523,0.054536430731773444,7
2017-05-02,1463.81906846873,23870678471.227383,14845128006.838116,38715806478.0655,0.6165615711699395,0.3834384288300605,0.05305150710737966,7
2017-05-03,1519.40894447691,24779696474.70419,16314545442.969404,41094241917.67359,0.6029968024315122,0.3970031975684878,0.05341225023301704,7
2017-05-04,1539.8300515488,25115973329.482094,19724255587.28385,44840228916.765945,0.5601214341724988,0.4398785658275012,0.061984891060591726,7
2017-05-05,1529.85044301578,24955664079.914165,21067644208.188374,46023308288.10254,0.5422396826341457,0.4577603173658543,0.059654163013863414,7
2017-05-06,1573.28550961426,25667501899.429752,23736115921.546894,49403617820.97665,0.5195470095417061,0.4804529904582939,0.06071384555508228,7
2017-05-07,1526.26777171245,24903613050.38768,27113379488.921043,52016992539.30872,0.478759186847803,0.5212408131521971,0.050211065570342786,7
2017-05-08,1685.08649631794,27498797785.21458,34445485991.79722,61944283777.011795,0.443927931820235,0.5560720681797651,0.05305171124436027,7
2017-05-09,1719.22801355932,28059281600.752792,29216416359.411377,57275697960.16417,0.48989855383810965,0.5101014461618903,0.05014854768427334,7
2017-05-10,1782.499,29095216204.956818,33143809604.19177,62239025809.14859,0.46747544368986693,0.5325245563101331,0.0493965905881067,7
2017-05-11,1835.48754821742,29963230354.11553,32867504608.92529,62830734963.04082,0.47688810853065655,0.5231118914693434,0.04807433161732344,7
2017-05-12,1704.66164108708,27830857573.16526,34970752771.54651,62801610344.71177,0.4431551582898028,0.5568448417101972,0.05014782470797683,7
2017-05-13,1779.84025669199,29061763163.496807,35829239633.130295,64891002796.627106,0.4478550478650852,0.5521449521349149,0.04960179689182621,7
2017-05-14,1794.59355055523,29306338267.74101,36617196607.72357,65923534875.464584,0.4445504677973244,0.5554495322026756,0.04986087331112666,7
2017-05-15,1736.88284611338,28367593222.56364,41292106419.50767,69659699642.0713,0.40723105853633196,0.5927689414636681,0.05230715590343271,7
2017-05-16,1757.02694856809,28699495338.474575,49331555742.64302,78031051081.1176,0.3677958317982909,0.6322041682017091,0.05023159886901674,7
2017-05-17,1808.74606469901,29547786219.069427,54054178833.68278,83601965052.7522,0.3534341112726836,0.6465658887273165,0.04800677002088099,7
2017-05-18,1894.24726455289,30947901332.491673,52134455089.968704,83082356422.46037,0.3724966727607795,0.6275033272392205,0.05059288495426207,7
2017-05-19,1967.54554769141,32149470136.858223,51305680100.39106,83455150237.24928,0.3852305105851773,0.6147694894148227,0.06333179761718663,7
2017-05-20,2048.11767799532,33470233811.201008,54390205754.35366,87860439565.55467,0.38094771636360986,0.6190522836363901,0.06084649290212892,7
2017-05-21,2045.22249316189,33426678945.80987,55856249775.08474,89282928720.8946,0.3743904845494515,0.6256095154505485,0.07223261195581339,7
2017-05-22,2078.94350002922,33981601940.85976,52305692420.205925,86287294361.06569,0.3938193008887858,0.6061806991112142,0.07390044884500739,7
2017-05-23,2257.28836382233,36901498030.8539,57222446068.34313,94123944099.19702,0.3920521859131135,0.6079478140868865,0.07490244259897044,7
2017-05-24,2415.00722665108,39484489321.17492,56316179452.217865,95800668773.39279,0.4121525436797488,0.5878474563202511,0.07945097091348623,7
2017-05-25,2319.60137866745,37929364613.17057,49222246479.71202,87151611092.8826,0.4352112845366337,0.5647887154633663,0.07789756363489507,7
2017-05-26,2279.4185836353,37276668052.73387,50307143102.96681,87583811155.70068,0.4256113950838002,0.5743886049161998,0.07221277686716272,7
2017-05-27,2044.30049982466,33435937257.82765,42215914316.96117,75651851574.78882,0.4419711687396461,0.5580288312603539,0.0761757136411338,7
2017-05-28,2225.7008666277,36407455222.71084,46818757548.13514,83226212770.84598,0.43745178364603315,0.5625482163539668,0.07782570292677318,7
2017-05-29,2284.71579748685,37377119026.09048,48772233289.80363,86149352315.8941,0.4338641907490533,0.5661358092509468,0.08486006908463935,7
2017-05-30,2167.26447790766,35460507433.233086,48151475682.65238,83611983115.88547,0.42410795811510815,0.5758920418848918,0.10523575177330687,7
2017-05-31,2299.43261025716,37627739544.79904,53064433116.48587,90692172661.28491,0.4148951165315035,0.5851048834684964,0.09963442747764807,7
2017-06-01,2399.88763194039,39276677605.51852,62073984189.35095,101350661794.86948,0.3875325223333348,0.6124674776666652,0.09208193030100878,7
2017-06-02,2479.4238943308,40582896889.35235,57959787991.349915,98542684880.70227,0.41183063906248146,0.5881693609375185,0.08932198916129154,7
2017-06-03,2549.55195151958,41736862989.52303,56543104783.74238,98279967773.26541,0.42467314484484897,0.575326855155151,0.08797914060887743,7
2017-06-04,2524.99383354763,41339921429.448494,60013480796.36466,101353402225.81316,0.40787897121937805,0.592121028780622,0.09721556418537591,7
2017-06-05,2685.31891671537,43970314462.95908,60271718929.87715,104242033392.83624,0.42180983075471,0.57819016924529,0.09237503417832316,7
2017-06-06,2871.34167735243,47021733324.255165,61643572576.30549,108665305900.56065,0.4327207560367486,0.5672792439632515,0.09208386366823558,7
2017-06-07,2706.76000885447,44332089813.91061,60585222236.6062,104917312050.51682,0.4225431337067144,0.5774568662932855,0.09494076881029305,7
2017-06-08,2802.56354681473,45906967852.94542,61892355180.96945,107799323033.91487,0.42585580837555514,0.5741441916244449,0.09219159666820011,7
2017-06-09,2804.87226691993,45950079689.465645,62805345545.26046,108755425234.7261,0.42250839064158774,0.5774916093584123,0.09926619134928871,7
2017-06-10,2916.3278597896,47781111553.67634,66789195655.32794,114570307209.00427,0.4170462026126185,0.5829537973873815,0.11828299276574093,7
2017-06-11,2974.21455920514,48734955097.06732,68755712854.2931,117490667951.36043,0.4147985192938297,0.5852014807061703,0.11566983589983378,7
2017-06-12,2665.43326995909,43680217096.06593,69441402304.71417,113121619400.7801,0.3861350052045375,0.6138649947954625,0.14601518105679814,7
2017-06-13,2707.13782402104,44368428524.5129,70890280484.10011,115258709008.613,0.3849464296984044,0.6150535703015956,0.14304832801720338,7
2017-06-14,2443.82445137347,40057150815.08547,65702121577.93022,105759272393.01569,0.3787578139364245,0.6212421860635755,0.13971815229096196,7
2017-06-15,2409.886764173,39505481201.24847,63787837215.26809,103293318416.51656,0.3824592123369284,0.6175407876630716,0.1419649017877593,7
2017-06-16,2476.35909538282,40599749113.94862,65780511944.60311,106380261058.55173,0.381647391254309,0.618352608745691,0.14239846432514425,7
2017-06-17,2652.75536335476,43496562773.6185,69795330771.59172,113291893545.21022,0.3839335844118518,0.6160664155881481,0.13873773444337822,7
2017-06-18,2508.21420742256,41131103916.58712,67998372129.59671,109129476046.18384,0.37690187295667343,0.6230981270433266,0.1397545959388804,7
2017-06-19,2589.64221338399,42471293996.764114,70800595248.01817,113271889244.78229,0.3749499922702181,0.6250500077297819,0.13811999194357097,7
2017-06-20,2733.22655628288,44830856447.15172,72865930371.63225,117696786818.78397,0.3809012774170049,0.6190987225829951,0.12779361911948536,7
2017-06-21,2639.26131420222,43294240942.067116,65521154725.508194,108815395667.57532,0.39786870852658107,0.6021312914734189,0.12135132558307726,7
2017-06-22,2686.64751431911,44076228598.23767,66751600743.88294,110827829342.1206,0.3977000078398748,0.6022999921601252,0.1191618779427569,7
2017-06-23,2685.87047101111,44068852430.013145,68906167138.14487,112975019568.15802,0.39007607698112706,0.6099239230188729,0.12137276901306032,7
2017-06-24,2562.18914874342,42044207205.81661,64760121386.50017,106804328592.31677,0.39365639726367013,0.6063436027363298,0.11894864513054763,7
2017-06-25,2497.72894137931,40990257366.11177,59359368844.01857,100349626210.13034,0.4084744399573437,0.5915255600426563,0.1105974073199748,7
2017-06-26,2426.36505119813,39823410570.62217,56004156994.79444,95827567565.41661,0.4155736348356829,0.5844263651643171,0.10510925145938838,7
2017-06-27,2530.34553600234,41534163466.451126,59595282402.08032,101129445868.53145,0.4107029669721087,0.5892970330278913,0.11108440222676372,7
2017-06-28,2562.79226420222,42071787287.172806,64520693484.51134,106592480771.68414,0.3946975150835311,0.6053024849164689,0.12399610488884968,7
2017-06-29,2540.44303161894,41708704320.70874,60592472806.92138,102301177127.63013,0.407705028346578,0.592294971653422,0.11572756670966836,7
2017-06-30,2452.71206428989,40273068762.93179,57716127290.956024,97989196053.88782,0.4109949911292687,0.5890050088707313,0.11287377857860002,7
2017-07-01,2412.3662131502,39615542859.29813,54983495163.56572,94599038022.86385,0.4187732104603787,0.5812267895396213,0.10828346070290482,7
2017-07-02,2518.8721873758,41370488523.31204,59343978808.06971,100714467331.38174,0.4107700672952014,0.5892299327047986,0.11375458354080314,7
2017-07-03,2551.92743173583,41918817680.22454,58492106481.83144,100410924162.05598,0.4174726806873184,0.5825273193126816,0.10830312973684256,7
2017-07-04,2599.74474991233,42709253031.52099,57916664489.845665,100625917521.36665,0.42443591157767296,0.575564088422327,0.10362741755846569,7
2017-07-05,2608.10489117475,42851453105.791214,57814141554.36977,100665594660.16098,0.42568121959100624,0.5743187804089938,0.10209032713811766,7
2017-07-06,2603.19547369959,42775411503.23489,57793444266.17425,100568855769.40915,0.42533457476450914,0.5746654252354908,0.10243411059965266,7
2017-07-07,2495.78092220923,41015005023.0548,52318838954.20366,93333843977.25845,0.43944407811006303,0.560555921889937,0.09622696436294556,7
2017-07-08,2553.4941581239,41968715692.8856,53084453525.68428,95053169218.56989,0.4415288415726643,0.5584711584273356,0.09563212372587507,7
2017-07-09,2506.17321355932,41195281327.55584,51758040168.63364,92953321496.18948,0.44318245614541696,0.556817543854583,0.09494984364439643,7
2017-07-10,2319.36689736996,38130359538.742516,43200126415.469986,81330485954.2125,0.46883230920579005,0.53116769079421,0.08781172380382438,7
2017-07-11,2319.16744061952,38132095672.12927,41427670316.61708,79559765988.74635,0.47928868565957095,0.520711314340429,0.08317293927952941,7
2017-07-12,2374.88626645237,39053487321.79894,46920403700.25414,85973891022.05309,0.4542482241705376,0.5457517758294623,0.09279396573402382,7
2017-07-13,2343.73834824664,38545879294.01801,44935506946.659805,83481386240.67783,0.4617302255006857,0.5382697744993143,0.08783475820584663,7
2017-07-14,2214.82523728814,36429580814.58528,42867214556.35458,79296795370.93987,0.4594079829351558,0.5405920170648442,0.0890575164145689,7
2017-07-15,1989.63319023963,32728766809.625706,38989920558.05055,71718687367.67625,0.45634921679250673,0.5436507832074933,0.08573169201231766,8
2017-07-16,1910.74954161309,31435051662.128307,34742387231.63746,66177438893.76576,0.47501160799816994,0.5249883920018301,0.08118330276278074,8
2017-07-17,2215.74629614261,36456861657.86568,41115187670.465126,77572049328.33081,0.4699741978397228,0.5300258021602773,0.08539861221164975,8
2017-07-18,2303.7611458796,37909768672.15024,45644245783.17876,83554014455.329,0.4537157061725403,0.5462842938274597,0.09931049463803526,8
2017-07-19,2257.06523588545,37145563305.32494,39929182506.4565,77074745811.78143,0.48194207991337906,0.5180579200866209,0.08491190369261868,8
2017-07-20,2823.89792635885,46479908648.67811,46323076093.27158,92802984741.94969,0.5008449758153933,0.49915502418460667,0.07936092239048421,8
2017-07-21,2666.1397182934,43888421935.82964,45231556119.06635,89119978054.896,0.49246446076092293,0.507535539239077,0.08109629885196074,8
2017-07-22,2829.75405496786,46587404300.74615,48751598305.50839,95339002606.25455,0.48865000710307266,0.5113499928969274,0.08198018990063707,8
2017-07-23,2753.24386493279,45333705063.658104,48097381662.059296,93431086725.7174,0.48521007998914517,0.5147899200108548,0.08301611270489602,8
2017-07-24,2755.1595242256,45371377698.71975,47275946173.38569,92647323872.10544,0.48972140589136126,0.5102785941086387,0.08192417210958342,8
2017-07-25,2558.69299894798,42140742567.94084,42775789220.25176,84916531788.1926,0.4962607596015879,0.5037392403984121,0.07983265150727678,8
2017-07-26,2522.32464628872,41546403805.856255,42647597862.95537,84194001668.81161,0.4934603770145598,0.5065396229854402,0.08026590393280113,8
2017-07-27,2665.14754649328,43904037844.165405,42512747623.786934,86416785467.95233,0.5080498841332998,0.49195011586670023,0.0761271114910679,8
2017-07-28,2793.83348486265,46029171038.01704,40236714749.47094,86265885787.48798,0.5335732731175771,0.4664267268824229,0.06853956224732982,8
2017-07-29,2706.4507654588,44594828238.11445,42291341256.82135,86886169494.93579,0.5132557747377007,0.4867442252622993,0.07611256431288731,8
2017-07-30,2749.3845277031,45307309969.06875,40569771366.54021,85877081335.60895,0.5275832534644149,0.4724167465355851,0.07156944151440207,8
2017-07-31,2862.61129088252,47178370615.22996,41250565791.1183,88428936406.34827,0.5335173364342652,0.46648266356573476,0.07013205748486658,8
2017-08-01,2727.38918199883,44954870203.73565,50590505734.73725,95545375938.4729,0.470508067629402,0.529491932370598,0.0827661619359198,9
2017-08-02,2690.14567197545,44346106068.054535,49483492023.77415,93829598091.82867,0.4726238518538054,0.5273761481461946,0.08088211222510804,9
2017-08-03,2789.74631244886,45992799938.31519,49931534285.39367,95924334223.70886,0.4794695768338991,0.5205304231661009,0.08030439803701749,9
2017-08-04,2860.27284324956,47161926533.84064,48214622638.23546,95376549172.0761,0.49448136825282085,0.5055186317471791,0.07743005872082796,9
2017-08-05,3237.42336329632,53387777581.820465,52245555175.63873,105633332757.4592,0.5054065434478165,0.49459345655218345,0.07689438117824741,9
2017-08-06,3230.11670894214,53272937538.04711,53553717994.84124,106826655532.88835,0.49868581275247503,0.501314187247525,0.08235960799819024,9
2017-08-07,3392.56241864407,55958573635.89146,55463499233.506256,111422072869.3977,0.5022216172686246,0.4977783827313754,0.0794815306459344,9
2017-08-08,3425.67661659848,56511797950.614174,60210239874.98347,116722037825.59764,0.4841570538294774,0.5158429461705226,0.08597485065841304,9
2017-08-09,3347.21543161894,55223234127.2744,58685534152.77703,113908768280.05142,0.4848023111926276,0.5151976888073724,0.08867933393760034,9
2017-08-10,3437.03215546464,56710810916.7101,58230392180.395676,114941203097.10577,0.4933897452665351,0.5066102547334649,0.08770281962904615,9
2017-08-11,3660.52053728813,60404943871.399925,59516454831.18099,119921398702.58092,0.5037044641316372,0.49629553586836284,0.08465050240005978,9
2017-08-12,3871.08240619521,63886112715.03264,58379692534.39046,122265805249.4231,0.522518234633997,0.47748176536600295,0.07988828157018599,9
2017-08-13,4063.80105271771,67074148204.91928,56041593552.720024,123115741757.63931,0.544805621501747,0.45519437849825295,0.07309489477621187,9
2017-08-14,4304.60393120982,71055660577.93753,56751437094.03976,127807097671.9773,0.5559602077836483,0.4440397922163517,0.06966951207687729,9
2017-08-15,4160.0305458796,68677106425.0005,54020304061.33812,122697410486.33862,0.5597274315145155,0.44027256848548446,0.06880682436302027,9
2017-08-16,4364.67857463472,72062692116.97246,55812662788.13288,127875354905.10535,0.5635385502581733,0.43646144974182666,0.06886681125764334,9
2017-08-17,4308.51686142607,71145078748.63457,57988162242.38718,129133240991.02174,0.5509431824264449,0.4490568175735551,0.06998365993206566,9
2017-08-18,4108.50716218586,67850038464.24486,61470033801.2913,129320072265.53616,0.5246674957382228,0.4753325042617772,0.07121100650576662,9
2017-08-19,4160.33245686733,68713761143.51765,61542693706.62538,130256454850.14304,0.5275267258161693,0.47247327418383067,0.07066896327652852,9
2017-08-20,4085.8103943308,67489563565.01475,62824224072.50558,130313787637.52032,0.5179004063080656,0.48209959369193445,0.07292230957484472,9
2017-08-21,3992.62603524255,65956080358.16499,67441688988.58333,133397769346.74832,0.4944316586488163,0.5055683413511838,0.08021488065953311,9
2017-08-22,4074.33046125073,67310327158.72248,73448909635.95514,140759236794.6776,0.4781947436736004,0.5218052563263996,0.07723161961118837,9
2017-08-23,4146.9153452367,68517713977.949295,74342831574.06447,142860545552.01376,0.4796125740189256,0.5203874259810743,0.07666215720221606,9
2017-08-24,4325.81642799532,71479081623.50026,70508114747.21379,141987196370.71405,0.5034192057491979,0.49658079425080215,0.07499270574932011,9
2017-08-25,4353.13177255991,71935931728.76527,71773384196.79803,143709315925.5633,0.5005655427796046,0.49943445722039537,0.07586028707523561,9
2017-08-26,4341.97871677382,71757325229.35551,71528919531.36426,143286244760.7198,0.5007970259056362,0.49920297409436376,0.07656247118696895,9
2017-08-27,4344.90344476914,71814078736.96461,72251451011.62347,144065529748.58807,0.4984820370444543,0.5015179629555457,0.07944006096673766,9
2017-08-28,4379.76392068966,72397327204.41,74574301054.43185,146971628258.84186,0.492593897625643,0.507406102374357,0.07929928535625533,9
2017-08-29,4600.45683097604,76053940775.73611,75816072585.73694,151870013361.47305,0.5007831308654495,0.49921686913455054,0.08113769728277363,9
2017-08-30,4586.63273670368,75835035216.64296,78847396108.37627,154682431325.01923,0.49026275684339443,0.5097372431566056,0.08396058388799187,9
2017-08-31,4740.35621770894,78386345981.646,83059869627.29147,161446215608.93747,0.48552606628771683,0.5144739337122832,0.08198307579870467,9
2017-09-01,4918.16624488603,81337302684.4743,84905615549.41821,166242918233.89252,0.48926777482357614,0.5107322251764239,0.07962337129985543,9
2017-09-02,4595.02001782583,76002486194.54488,76087776236.84474,152090262431.38962,0.49971960715651226,0.5002803928434878,0.0759737315369866,9
2017-09-03,4625.296314436,76512165470.08018,77216855224.84268,153729020694.92285,0.49770801325742864,0.5022919867425714,0.0762921907930588,9
2017-09-04,4374.75349649328,72377228115.37831,69061977468.00272,141439205583.38104,0.5117197018807532,0.4882802981192468,0.07160623104698036,9
2017-09-05,4454.05253769725,73700143235.54442,71320802490.61108,145020945726.15552,0.5082034382447976,0.49179656175520237,0.07222047719133522,9
2017-09-06,4607.51652980713,76248805470.28905,76512242894.95367,152761048365.24274,0.4991377467375231,0.5008622532624769,0.07345055604074098,9
2017-09-07,4635.11187580362,76715672194.46527,76165240403.77565,152880912598.2409,0.5018001978838789,0.49819980211612114,0.07257949928264626,9
2017-09-08,4345.45765634132,71931114925.08025,70495486286.69736,142426601211.7776,0.5050398894102943,0.4949601105897057,0.07134236183304081,9
2017-09-09,4335.593449737,71776989941.96732,69340107626.6838,141117097568.65112,0.508634256079771,0.491365743920229,0.07040177480619329,9
2017-09-10,4261.84352104033,70563390453.15257,68447757235.49302,139011147688.6456,0.507609581148118,0.49239041885188195,0.07070384070831925,9
2017-09-11,4212.54757334892,69756359191.37338,67813566580.993225,137569925772.3666,0.5070611094665953,0.49293889053340467,0.0707433012275976,9
2017-09-12,4164.31943424898,68967526611.78394,66302277645.28617,135269804257.0701,0.509851603545728,0.490148396454272,0.07058245069065021,9
2017-09-13,3887.11858679135,64385886678.335045,62765993042.67644,127151879721.01147,0.506369916194762,0.493630083805238,0.07125004766037855,9
2017-09-14,3247.4687390415,53797846714.26439,51123125859.671104,104920972573.93549,0.5127463594216517,0.4872536405783483,0.06938847639687422,9
2017-09-15,3699.22294389246,61289969016.14446,56940360665.00074,118230329681.1452,0.51839463851143,0.48160536148857,0.06998773843456825,9
2017-09-16,3711.23435067212,61496818023.18139,56720687797.71849,118217505820.89987,0.5202006047763297,0.4797993952236703,0.06876000583751442,9
2017-09-17,3711.85620397428,61515288495.00573,56845004062.28343,118360292557.28915,0.5197291014233586,0.4802708985766414,0.06993678382345486,9
2017-09-18,4080.42844301578,67629984373.80914,62880379657.16491,130510364030.97406,0.5181962741116751,0.4818037258883249,0.07268600196010913,9
2017-09-19,3925.73619023963,65073733640.120926,61225630431.861694,126299364071.98262,0.5152340561511698,0.4847659438488302,0.07251792446227838,9
2017-09-20,3895.777078609,64582823404.49912,59907311414.815125,124490134819.31424,0.5187786445748094,0.4812213554251906,0.07310067908990985,9
2017-09-21,3617.24346580947,59973348985.81828,54589197765.54443,114562546751.36272,0.5234987409626951,0.4765012590373049,0.07152320760080609,9
2017-09-22,3619.2137182934,60012303857.5266,55272651443.38913,115284955300.91574,0.5205562486525933,0.4794437513474067,0.07283143240605894,9
2017-09-23,3775.60059409702,62613280673.65517,58472430998.17636,121085711671.83153,0.5170988369242996,0.4829011630757004,0.0755108480469759,9
2017-09-24,3676.89694418469,60983077170.61433,57942201449.17834,118925278619.79266,0.51278481646933,0.48721518353066995,0.07743233246028776,9
2017-09-25,3918.73807130333,65000249826.28987,60581080516.868515,125581330343.15839,0.5175948498767521,0.4824051501232479,0.07517883915038653,9
2017-09-26,3890.09093687902,64531789180.50936,60760160334.76086,125291949515.27022,0.5150513614814846,0.48494863851851544,0.07425875851807005,9
2017-09-27,4207.78748538866,69809713133.19463,65816445668.92681,135626158802.12143,0.5147215975868417,0.48527840241315834,0.07376486854076937,9
2017-09-28,4187.76979631794,69486873129.74437,63983805836.66681,133470678966.41118,0.5206152667225977,0.4793847332774023,0.07222794337303846,9
2017-09-29,4155.01011981298,68952075464.79512,62099892785.06569,131051968249.86081,0.5261429979695734,0.4738570020304266,0.07015237664571462,10
2017-09-30,4334.54461250731,71938913742.75099,63526869187.05051,135465782929.8015,0.531048595349202,0.468951404650798,0.06959291039239343,10
2017-10-01,4382.08689801286,72735077239.78511,63879296552.08087,136614373791.86598,0.5324115993138326,0.46758840068616736,0.06912715845696565,10
2017-10-02,4386.8757150789,72822788727.59785,62887377375.00172,135710166102.59958,0.5366052582423514,0.4633947417576486,0.06756132392606168,10
2017-10-03,4306.56464202221,71499464247.8438,62050195470.32513,133549659718.16891,0.535377359992753,0.46462264000724696,0.06771687556748347,10
2017-10-04,4216.68482144944,70014303217.84541,62169211431.79799,132183514649.6434,0.5296750007247163,0.4703249992752837,0.06928502925418895,10
2017-10-05,4319.42091583869,71726893837.48569,65291002871.025116,137017896708.5108,0.5234855851719581,0.4765144148280419,0.06832033082125764,10
2017-10-06,4365.91571040327,72507648477.25464,66738293984.44258,139245942461.6972,0.5207164187006709,0.47928358129932913,0.0704011836755019,10
2017-10-07,4438.85593308007,73727781715.95787,67952877500.310295,141680659216.26816,0.520380001926842,0.479619998073158,0.07018464497570873,10
2017-10-08,4600.73979661017,76427080461.49495,70788672851.79727,147215753313.29224,0.5191501503161094,0.48084984968389055,0.06712207632363049,10
2017-10-09,4777.53465692577,79373595751.18408,65801154711.22041,145174750462.40448,0.5467451846713471,0.45325481532865286,0.06199220801848842,10
2017-10-10,4741.07791496201,78777388381.59265,67052483450.92781,145829871832.52045,0.54020062825033,0.45979937174967,0.06281393403520584,10
2017-10-11,4814.96711805962,80013491738.5039,68156667140.71088,148170158879.21478,0.5400108385098596,0.45998916149014035,0.06272882414216419,10
2017-10-12,5393.66898275862,89640478588.78908,66985045584.0457,156625524172.83478,0.5723235664314308,0.4276764335685692,0.05612549805067238,10
2017-10-13,5614.07751461134,93313118335.95172,71424534359.40279,164737652695.3545,0.5664346723970476,0.4335653276029524,0.05987073291081079,10
2017-10-14,5785.73831502046,96176536827.74107,71894271438.96721,168070808266.70828,0.572238200194292,0.42776179980570805,0.058633814291647816,10
2017-10-15,5689.86505961426,94596701288.40845,72440221365.55205,167036922653.9605,0.5663221028345826,0.4336778971654174,0.05892809465017294,10
2017-10-16,5756.14881180596,95711219683.11389,73305639189.67711,169016858872.79102,0.5662820876061249,0.43371791239387514,0.058092145634139704,10
2017-10-17,5590.41632437171,92966938475.27013,69986866600.11168,162953805075.3818,0.5705110011531426,0.42948899884685743,0.05646697704966716,10
2017-10-18,5583.8704257744,92868621710.0148,67313704266.24991,160182325976.2647,0.5797682181477111,0.42023178185228893,0.0561067674836294,10
2017-10-19,5708.31299094097,94950999937.29616,65749613869.825294,160700613807.12146,0.590856485783307,0.40914351421669304,0.054019670934707296,10
2017-10-20,6000.88313033314,99830983341.49812,64110515719.11966,163941499060.6178,0.6089427259938947,0.39105727400610535,0.05067668163936123,10
2017-10-21,6030.20789275278,100330364282.38658,64672570497.97798,165002934780.36456,0.608051998686789,0.39194800131321095,0.04974363977535718,10
2017-10-22,5996.59813880772,99784808761.18233,62944105024.27489,162728913785.4572,0.6131965514913915,0.3868034485086085,0.0491716263984467,10
2017-10-23,5888.25001665693,97994456562.60484,61099104901.83838,159093561464.44324,0.6159548862981875,0.3840451137018125,0.04844771767400242,10
2017-10-24,5517.77535330216,91840397164.74437,63964549764.621475,155804946929.36584,0.5894575170734483,0.4105424829265517,0.0538625308371698,10
2017-10-25,5736.01780157802,95486189643.46216,63747283590.194565,159233473233.65674,0.5996615391497943,0.40033846085020575,0.05194613839836741,10
2017-10-26,5900.31772910579,98234529051.36247,63495683305.70299,161730212357.06546,0.6073975147851893,0.39260248521481067,0.05018996260535251,10
2017-10-27,5771.94504617183,96104752753.63957,63896252252.68983,160001005006.3294,0.6006509318478206,0.3993490681521794,0.051468954998694055,10
2017-10-28,5762.38857685564,95951756985.02437,64048145219.75336,159999902204.7777,0.5996988477044155,0.4003011522955845,0.051204551779086636,10
2017-10-29,6174.72884482758,102829680333.08315,65692807233.67043,168522487566.75357,0.6101837316657885,0.38981626833421146,0.04928748524136725,10
2017-10-30,6119.25638398597,101917124316.81868,66038828372.373314,167955952689.192,0.6068086464635146,0.3931913535364854,0.05003170772095499,10
2017-10-31,6428.51463705435,107078955661.09212,65131398962.02329,172210354623.11542,0.6217916216213351,0.37820837837866494,0.047407341724717056,10
2017-11-01,6726.41183459965,112054108123.36008,64221694098.56719,176275802221.92728,0.6356749293489895,0.3643250706510105,0.04319095207870371,10
2017-11-02,7043.77793892461,117354261151.30888,65364605048.33771,182718866199.6466,0.6422667981262674,0.3577332018737326,0.04039126870236165,10
2017-11-03,7198.63211075394,119944947796.13876,69643886646.2307,189588834442.36945,0.6326582899722357,0.3673417100277643,0.042488547728966555,10
2017-11-04,7420.498078609,123653778148.13254,68069315044.833755,191723093192.9663,0.6449602710283676,0.3550397289716324,0.04043352034390945,10
2017-11-05,7371.13902980713,122844259916.039,67617255474.22455,190461515390.26355,0.6449820566864966,0.35501794331350345,0.040198485771692744,10
2017-11-06,6985.26384395091,116425041611.90804,68154706119.85869,184579747731.76672,0.6307573991329654,0.36924260086703464,0.042659420764213175,10
2017-11-07,7118.20254383402,118654642802.81985,68585642772.30616,187240285575.126,0.6337025306192043,0.36629746938079566,0.04102989014186643,10
2017-11-08,7451.21278667446,124219064692.37192,72438067065.04164,196657131757.41357,0.6316529870149961,0.36834701298500394,0.04158077007902166,10
2017-11-09,7117.73804967855,118673324665.81557,74895329892.02786,193568654557.84344,0.6130813118316779,0.3869186881683221,0.044880209783790335,10
2017-11-10,6620.56733635301,110393978633.4874,76197237213.10458,186591215846.59198,0.5916354536445543,0.4083645463554457,0.04526262163673428,10
2017-11-11,6346.72144915254,105834109880.54944,85016254617.40204,190850364497.95148,0.5545397314747357,0.4454602685252643,0.049812777929191664,10
2017-11-12,5829.09782758621,97208358771.0979,82572846287.20346,179781205058.30136,0.5407036777819691,0.45929632221803085,0.05269714582267525,10
2017-11-13,6519.44517212157,108732275280.58282,83714756068.40872,192447031348.99155,0.5649984544755234,0.43500154552447656,0.048399370191284444,10
2017-11-14,6592.37439713618,109959147530.69208,84916689681.04407,194875837211.73615,0.5642523419217923,0.4357476580782077,0.05069713259988092,10
2017-11-15,7257.37321215664,121064949584.29532,84123601097.19978,205188550681.49512,0.5900180550142827,0.4099819449857173,0.04557903860458837,10
2017-11-16,7833.7044333723,130693988524.30933,80702513905.2775,211396502429.58682,0.6182410163944961,0.38175898360550387,0.042082524723111886,10
2017-11-17,7729.03327001753,128963836441.85413,85222832603.4192,214186669045.27332,0.6021095384540232,0.39789046154597685,0.042990704947008636,10
2017-11-18,7796.15424108708,130097046001.08447,88699485379.94443,218796531381.0289,0.5946028722663962,0.4053971277336038,0.044564258942183924,10
2017-11-19,8018.32068848626,133820448817.2945,88944344879.11505,222764793696.40955,0.6007253058114245,0.39927469418857553,0.04438989898030491,10
2017-11-20,8269.87425745178,138036801223.38797,92556399622.61316,230593200846.00113,0.5986160941300874,0.40138390586991257,0.04468744289226369,10
2017-11-21,8091.99808357686,135085275817.58247,89613622036.82178,224698897854.40424,0.6011835265213995,0.3988164734786005,0.044636333672305205,10
2017-11-22,8249.59733021625,137731449923.46707,95531141159.53366,233262591083.00073,0.5904566578121339,0.40954334218786614,0.04616214489068177,10
2017-11-23,8071.66982144945,134776695432.14291,104433740794.25362,239210436226.39655,0.5634231413908123,0.4365768586091877,0.05141194206345088,10
2017-11-24,8232.42233313851,137476193155.39874,110625867709.47495,248102060864.8737,0.5541114518604252,0.4458885481395748,0.057510480670189185,10
2017-11-25,8760.1654421391,146306248215.9796,110985699256.09216,257291947472.07178,0.5686390485728695,0.4313609514271305,0.053286996440570396,10
2017-11-26,9319.90331472823,155672428867.92273,114272085668.41628,269944514536.339,0.5766830607219716,0.4233169392780284,0.05067412820759758,10
2017-11-27,9730.72857948568,162555212918.2686,114415926820.9865,276971139739.25507,0.5869030725414228,0.4130969274585772,0.04908658614179929,10
2017-11-28,9932.19418001169,165940133781.83997,118073518439.47794,284013652221.3179,0.5842681592381024,0.4157318407618976,0.04711187288977835,10
2017-11-29,9800.02755172414,163753179019.47836,104445322844.0869,268198501863.56525,0.6105670907243954,0.3894329092756046,0.04378015146053032,10
2017-11-30,9996.71497194623,167060587956.13336,106709814992.01248,273770402948.14584,0.6102215073547446,0.38977849264525544,0.04387027153064857,10
2017-12-01,10808.9583325541,180659157832.9406,118376279924.88202,299035437757.82263,0.6041396270205592,0.39586037297944077,0.04270404400857845,11
2017-12-02,10934.8599856809,182785463832.0054,118241584082.24379,301027047914.2492,0.6072061135319435,0.39279388646805646,0.042054228079057135,11
2017-12-03,11213.9426554646,187475238156.98575,120312790053.16728,307788028210.153,0.6091050364992769,0.39089496350072306,0.041411489877573766,11
2017-12-04,11562.1285669199,193322386457.61035,122216701367.48706,315539087825.0974,0.6126733387933494,0.3873266612066506,0.04038187481674252,11
2017-12-05,11736.7540672122,196268293423.8813,121896133767.65807,318164427191.53937,0.616876924791234,0.383123075208766,0.03902924631266102,11
2017-12-06,13992.1323372297,234016819443.28604,119078651506.3295,353095470949.61554,0.6627579187405628,0.3372420812594372,0.031034133200613784,11
2017-12-07,17032.2933763881,284895527864.3471,114084053784.62454,398979581648.9717,0.7140604205530561,0.2859395794469439,0.02534889503867862,11
2017-12-08,16298.4873386908,272653093293.3282,125219889036.95735,397872982330.2855,0.6852767224767004,0.31472327752329965,0.028403493898598434,11
2017-12-09,15050.0219541204,251800579159.8359,128562725952.2111,380363305112.047,0.6620001871254662,0.33799981287453384,0.032096975028699515,11
2017-12-10,15474.9995432496,258942565166.25024,118988049189.77477,377930614356.025,0.6851590089029318,0.3148409910970682,0.0287481583280544,11
2017-12-11,16873.4977849211,282379648924.78217,135369755463.98216,417749404388.76434,0.6759546416061316,0.3240453583938684,0.030007909432371294,11
2017-12-12,17433.9307381648,291792545813.21326,179939593727.45935,471732139540.6726,0.6185555771063909,0.38144442289360914,0.039228442881721406,11
2017-12-13,16515.15257218,276453308738.91064,187549770113.19147,464003078852.1021,0.5958005912866545,0.4041994087133455,0.042482079165080885,11
2017-12-14,16602.8928033314,277960419436.3015,236039436741.52646,513999856177.828,0.5407791774559093,0.4592208225440907,0.0420462389183903,11
2017-12-15,17702.0021721216,296398758942.56946,223948159630.4653,520346918573.0348,0.5696175923466482,0.4303824076533518,0.03894837902952015,11
2017-12-16,19640.5138834015,328898790191.6652,235980629678.28802,564879419869.9532,0.582246013259581,0.41775398674041897,0.03553002027642474,11
2017-12-17,19250.467650789,322411617616.1133,244469654764.19757,566881272380.3108,0.5687462848478313,0.4312537151521687,0.03788641595376992,11
2017-12-18,18982.0250242548,317958857882.7149,264120630861.92227,582079488744.6372,0.5462464560784513,0.45375354392154865,0.04149865481078196,11
2017-12-19,17653.3260894214,295733348356.47894,275111565207.7443,570844913564.2233,0.5180625093249732,0.4819374906750268,0.04666810217099815,11
2017-12-20,16453.6272603741,275663636517.5712,281588454497.4355,557252091015.0067,0.4946838979382989,0.5053161020617011,0.048456625284730034,11
2017-12-21,15633.8336504968,261954631857.0704,309194028834.64435,571148660691.7147,0.45864527028710655,0.5413547297128934,0.050771230318082596,11
2017-12-22,14305.7183436587,239728949025.90448,279615641812.4352,519344590838.33966,0.46159901008871146,0.5384009899112885,0.047696629381918564,11
2017-12-23,14910.8581049094,249895523156.7115,293545921344.22986,543441444500.94135,0.45983891307038255,0.5401610869296174,0.04863240297247696,11
2017-12-24,14026.3468661601,235098385262.4229,276679358864.0128,511777744126.4357,0.45937594582921404,0.540624054170786,0.04911405658660252,11
2017-12-25,14080.9422600818,236037231091.89944,281096846261.3714,517134077353.2709,0.4564333340783784,0.5435666659216216,0.05240378233403248,11
2017-12-26,15727.1454792519,263660263812.7842,291775059803.7237,555435323616.5079,0.4746912063425489,0.5253087936574511,0.04768844200977307,11
2017-12-27,15389.0005739334,258021387628.21832,301811828943.25226,559833216571.4706,0.46088974357111634,0.5391102564288837,0.04813319292117363,11
2017-12-28,14289.4522095266,239612301936.4987,298574609161.3603,538186911097.859,0.44522134781707795,0.5547786521829221,0.05013155870285501,11
2017-12-29,14571.7460821157,244375993508.8451,385531358018.06946,629907351526.9146,0.3879554555387713,0.6120445444612287,0.0512704748703933,11
2017-12-30,12948.7158828171,217180538389.026,380517023456.2054,597697561845.2314,0.3633619279264569,0.6366380720735432,0.055123831506817544,11
2017-12-31,13921.4806414378,233524465189.3348,393059389531.89233,626583854721.2272,0.37269467355368097,0.6273053264463191,0.053317278818995534,11
2018-01-01,13464.6536116306,225887722580.94855,410599890635.7093,636487613216.6578,0.35489727983764746,0.6451027201623525,0.05615233688455577,11
2018-01-02,14754.322204851,247555189825.1814,452848762785.38385,700403952610.5652,0.3534463060959133,0.6465536939040867,0.05855357472339486,11
2018-01-03,15010.2861595558,251879335164.3486,556688878207.4265,808568213371.7751,0.3115127839542412,0.6884872160457588,0.06286676457805047,11
2018-01-04,15070.3007986558,252918055361.86145,543212594140.8713,796130649502.7327,0.3176841081546545,0.6823158918453456,0.06319412971682253,11
2018-01-05,16997.2274079486,285287177348.30896,502407443862.4622,787694621210.7712,0.3621799231151178,0.6378200768848822,0.05639465915720239,11
2018-01-06,17103.589279661,287108308287.3724,536258799819.0196,823367108106.392,0.34870024010028033,0.6512997598997197,0.058827270587744875,11
2018-01-07,16231.6949994155,272505179860.49536,557139618666.797,829644798527.2924,0.328460059466679,0.671539940533321,0.06794666463163981,11
2018-01-08,14937.4150894214,250807207092.34375,511215086210.74146,762022293303.0852,0.32913368715918684,0.6708663128408132,0.07596354878763983,11
2018-01-09,14378.5862174167,241453646852.43872,480796933203.65,722250580056.0887,0.33430730762955957,0.6656926923704405,0.08960594982965224,11
2018-01-10,14669.0882656341,246362365863.32312,472330657852.688,718693023716.0111,0.3427922043677334,0.6572077956322666,0.08397026947136815,11
2018-01-11,13186.7549427236,221498893134.71695,443849100630.15906,665347993764.876,0.3329068325303936,0.6670931674696063,0.08558313858910051,11
2018-01-12,13789.4436639392,231652981446.49847,493509320448.98175,725162301895.4802,0.31944984018196704,0.680550159818033,0.0911734486948228,11
2018-01-13,14231.2250645821,239101104762.3596,504510721615.3769,743611826377.7365,0.32154021262284516,0.6784597873771548,0.09698002347995878,11
2018-01-14,13681.0654611338,229884291706.09933,478052014746.4543,707936306452.5536,0.3247245403446565,0.6752754596553435,0.09954744237981764,11
2018-01-15,13591.6961966686,228408095575.09323,444576385281.9747,672984480857.0679,0.33939578411111054,0.6606042158888894,0.09430179866875166,11
2018-01-16,11431.0401052016,192121046221.5878,335995330687.1616,528116376908.7494,0.3637854356006526,0.6362145643993474,0.09283381728857949,11
2018-01-17,11159.6085905903,187582403000.91153,347997701106.15955,535580104107.07104,0.3502415447520261,0.6497584552479738,0.09074000064491744,11
2018-01-18,11246.0397302747,189059547788.1338,379107392167.12305,568166939955.2568,0.33275351748382653,0.6672464825161735,0.09058894500365021,11
2018-01-19,11440.2555616598,192348146652.9038,377576006844.81354,569924153497.7173,0.3374977976848883,0.6625022023151117,0.09002721827492137,11
2018-01-20,12768.4045856224,214707089256.08,406142945408.3366,620850034664.4166,0.3458276190193562,0.6541723809806438,0.09021843917244717,11
2018-01-21,11422.3942589129,192099954357.02213,356036274113.4625,548136228470.4846,0.3504602403184633,0.6495397596815367,0.09099871789959163,11
2018-01-22,10737.3505774401,180601416229.53214,341441958310.0967,522043374539.6288,0.3459509784772156,0.6540490215227843,0.09239126808380912,11
2018-01-23,10849.3918793103,182509946645.00696,346074050716.63684,528583997361.6438,0.34528087788503037,0.6547191221149696,0.09080810972852456,11
2018-01-24,11225.8961747516,188868250111.49985,362576387876.3755,551444637987.8754,0.34249721023790697,0.6575027897620931,0.0932772032887655,11
2018-01-25,11130.4649473992,187284665737.68317,363016720673.57007,550301386411.2532,0.3403310810445986,0.6596689189554015,0.09376263947598865,11
2018-01-26,11035.5546098773,185709056259.20752,354516734520.1572,540225790779.36475,0.3437619221979232,0.6562380778020769,0.09428326961738433,11
2018-01-27,11320.9701852718,190534317916.2448,358185257788.5531,548719575704.7979,0.34723440961900204,0.6527655903809979,0.096526023648455,11
2018-01-28,11615.95871128,195521978595.36047,388541510712.0211,584063489307.3816,0.33476151510039165,0.6652384848996084,0.10458295603793032,11
2018-01-29,11132.5543138515,187405821048.53976,365548516360.6825,552954337409.2223,0.3389173542368784,0.6610826457631216,0.10437930656099563,11
2018-01-30,9959.54671537113,167680159360.35452,320375074600.3557,488055233960.7102,0.3435679974161556,0.6564320025838444,0.10562061892710656,11
2018-01-31,10050.0957971946,169219353157.635,331130815161.6591,500350168319.2941,0.33820185116765894,0.661798148832341,0.10907856791675846,11
2018-02-01,9039.86507510228,152227586137.8496,290477416663.18054,442705002801.03015,0.34385784026539895,0.6561421597346011,0.11274183844813511,11
2018-02-02,8786.0773798948,147972357159.3378,269115731652.319,417088088811.6568,0.35477483325148906,0.6452251667485109,0.10389402337674356,11
2018-02-03,9132.10032232613,153818002832.4506,286594311496.8401,440412314329.29065,0.3492590870595931,0.6507409129404069,0.10522155826254807,11
2018-02-04,8250.52689596727,138987436238.7948,251815880933.00436,390803317171.7992,0.3556454874657453,0.6443545125342547,0.1014083667485339,11
2018-02-05,6849.54255932203,115402453262.58664,205219365158.93698,320621818421.5236,0.3599332504279739,0.640066749572026,0.10114001355479568,11
2018-02-06,7738.64395967271,130398654837.18138,234541172657.35645,364939827494.53784,0.35731549426222353,0.6426845057377765,0.10196140626961625,11
2018-02-07,7624.59538953828,128490337875.27019,221383948456.18954,349874286331.4597,0.36724715960847304,0.632752840391527,0.0989608675950666,11
2018-02-08,8218.58085184103,138513689945.96112,242921074351.33508,381434764297.2962,0.363138609563132,0.6368613904368681,0.09836864151145186,11
2018-02-09,8660.45346785505,145975503391.69897,268359269992.9895,414334773384.6885,0.35231294298383264,0.6476870570161674,0.1008685489258622,11
2018-02-10,8530.29280479252,143796839806.93958,277161844657.3893,420958684464.32886,0.3415937124326618,0.6584062875673382,0.09972868094577743,11
2018-02-11,8096.72848129749,136503442480.99644,262023124557.99133,398526567038.9878,0.34252030798148103,0.657479692018519,0.10063117131521322,11
2018-02-12,8907.67017913501,150193661791.17108,281297863689.09344,431491525480.2645,0.3480802122915404,0.6519197877084596,0.0973961117709441,11
2018-02-13,8523.96693191116,143741453662.46915,272217293236.08893,415958746898.5581,0.3455666090308808,0.6544333909691191,0.09855631661440938,11
2018-02-14,9467.3010327294,159670278815.20184,307534756508.8346,467205035324.03644,0.34175633125285204,0.658243668747148,0.09722556389521034,11
2018-02-15,10106.7330835769,170471136968.4026,307272284647.25555,477743421615.65814,0.3568257128311557,0.6431742871688443,0.09200492463527715,11
2018-02-16,10189.3164833431,171884074815.1278,312076518541.149,483960593356.2768,0.3551613027480361,0.644838697251964,0.0921886623965866,11
2018-02-17,11085.5984143776,187024145183.5038,326390774057.7516,513414919241.2554,0.3642748548481906,0.6357251451518093,0.08797286080549466,11
2018-02-18,10452.0919772063,176357479895.8642,301591048024.44855,477948527920.31274,0.3689884361884003,0.6310115638115996,0.08757202937046904,11
2018-02-19,11139.3557305669,187976194475.8602,310564399842.4814,498540594318.34155,0.3770529353439744,0.6229470646560256,0.0841916001167561,11
2018-02-20,11245.9323179427,189794491196.21033,288622513052.6225,478417004248.8328,0.39671351459216736,0.6032864854078326,0.0787443064842782,11
2018-02-21,10458.8650888369,176533469479.5317,271550659342.476,448084128822.0077,0.3939739395448573,0.6060260604551426,0.0803784192469035,11
2018-02-22,9878.15894272355,166750223696.01343,256191629701.81677,422941853397.8302,0.39426276296936685,0.6057372370306331,0.08170316994990721,11
2018-02-23,10159.0656125073,171510918790.7929,270060234474.21,441571153265.0029,0.3884106050013257,0.6115893949986744,0.08423680156027331,11
2018-02-24,9686.60177995325,163552082148.23413,259085965631.1525,422638047779.3866,0.38697907821495264,0.6130209217850473,0.08609859940920842,11
2018-02-25,9603.22747749854,162164887219.03528,262347365608.68262,424512252827.7179,0.38200284241229554,0.6179971575877045,0.08771131601541135,11
2018-02-26,10312.3657130333,174157924575.1811,269128360784.91223,443286285360.0933,0.3928791174617729,0.607120882538227,0.08396356987844841,11
2018-02-27,10654.1072948568,179950653847.5196,270794698229.69855,450745352077.21814,0.39922908360171366,0.6007709163982864,0.0821329237320866,11
2018-02-28,10307.0249663939,174108312562.12915,258013471978.97278,432121784541.1019,0.4029149160971508,0.5970850839028492,0.08259644748910142,11
2018-03-01,10923.6308617767,184546671784.81293,265983591139.96545,450530262924.7784,0.40962103319488946,0.5903789668051105,0.07957997462591382,11
2018-03-02,11014.0584672706,186095856775.3983,260517393269.29907,446613250044.6974,0.4166823459822871,0.583317654017713,0.07766009779477132,11
2018-03-03,11425.6805654588,193076418415.27505,262668197618.63956,455744616033.9146,0.4236504648052872,0.5763495351947128,0.07477782742613047,11
2018-03-04,11462.5831975453,193721221886.4619,276303347697.1224,470024569583.5843,0.41215126702437743,0.5878487329756226,0.07512536289106109,11
2018-03-05,11540.6623205728,195062277838.50427,268269760366.41904,463332038204.92334,0.42099889874706176,0.5790011012529382,0.07379201725279429,11
2018-03-06,10677.0352308591,180485923073.3736,254374454172.49503,434860377245.86865,0.4150433852273633,0.5849566147726367,0.07608349839680202,11
2018-03-07,9903.0850490941,167422408355.89157,239154928166.95456,406577336522.8461,0.41178490121395117,0.5882150987860488,0.0759111154050749,11
2018-03-08,9330.47545295149,157760715442.68665,224429381377.49707,382190096820.1837,0.4127807516606359,0.5872192483393641,0.07495196064930164,11
2018-03-09,9278.13918439509,156892740604.1144,229877023885.10504,386769764489.2195,0.40564892866253904,0.5943510713374609,0.07817417828777154,11
2018-03-10,8786.56042314436,148595551650.91345,216280639340.61356,364876190991.527,0.40724924048103783,0.5927507595189622,0.07794638050990953,11
2018-03-11,9513.53539976622,160908118884.2804,228695266672.21017,389603385556.4906,0.41300492975554365,0.5869950702444564,0.07547716589910591,11
2018-03-12,9147.89018059615,154742152551.3773,219756772200.59445,374498924751.97174,0.41319785538466375,0.5868021446153362,0.07616392604157485,11
2018-03-13,9160.54293278784,154974273658.91028,218373915222.68814,373348188881.5984,0.41509314434643735,0.5849068556535626,0.0753123595002504,11
2018-03-14,8222.12723904149,139113345204.6385,193092079253.52167,332205424458.16016,0.418756994806866,0.581243005193134,0.07447374793648046,11
2018-03-15,8268.58912244302,139914335208.6044,191908178203.71967,331822513412.3241,0.4216541360312892,0.5783458639687108,0.07391421520791387,11
2018-03-16,8376.90449824664,141763494802.30853,191041904395.79156,332805399198.1001,0.4259651290029847,0.5740348709970153,0.07216082050317929,11
2018-03-17,7881.66192051432,133397116859.14584,174928541573.27527,308325658432.42114,0.4326500672612164,0.5673499327387836,0.06989198593476693,11
2018-03-18,8189.01671917008,138614553160.81683,177288306689.28442,315902859850.10126,0.43878853526869205,0.561211464731308,0.06572966531019739,11
2018-03-19,8537.0156233197,144521631437.1412,189882121890.33838,334403753327.4796,0.43217706140879353,0.5678229385912065,0.06444151410925503,11
2018-03-20,8895.54717913501,150605270576.6591,193620991021.31082,344226261597.9699,0.4375182470899172,0.5624817529100827,0.062462337163135616,11
2018-03-21,8879.5942565751,150352052268.78598,189680651213.45715,340032703482.24316,0.44216938761785163,0.5578306123821484,0.06277289512077795,11
2018-03-22,8710.66493512566,147507258760.04517,183750317260.63596,331257576020.68115,0.44529474776702455,0.5547052522329754,0.06189126195420255,11
2018-03-23,8771.74632349503,148556200040.7051,180736997695.71405,329293197736.4192,0.4511365587321243,0.5488634412678757,0.06128686807679494,11
2018-03-24,8610.9885163647,145850435654.0619,179237797813.16068,325088233467.22253,0.4486487686696524,0.5513512313303476,0.06097817944859913,11
2018-03-25,8440.61092255991,142978872725.61987,178945150914.899,321924023640.51886,0.4441385613559531,0.5558614386440469,0.06187026112937673,11
2018-03-26,8171.18435447107,138430269669.80035,168004267416.53793,306434537086.33826,0.45174499906581184,0.5482550009341882,0.05994450489395603,11
2018-03-27,7837.26531940386,132788146745.2988,158914208731.91962,291702355477.2184,0.4552179447713421,0.544782055228658,0.05748811301229712,11
2018-03-28,7933.64272969024,134434473959.64536,158215774304.72388,292650248264.36926,0.45936907539611,0.5406309246038901,0.056147988856343214,11
2018-03-29,7108.5708132671,120467251234.39308,138281753161.0952,258749004395.48828,0.4655757092315739,0.5344242907684261,0.05421011906833072,11
2018-03-30,6832.14906633548,115796633032.06471,137314181416.99425,253110814449.05896,0.45749381860319493,0.5425061813968051,0.05744416930785782,11
2018-03-31,6922.2812969024,117335340577.4604,139953599143.41382,257288939720.8742,0.4560450235628252,0.5439549764371747,0.05699167098539833,11
2018-04-01,6804.52487931035,115353102998.06737,135113131354.31639,250466234352.38376,0.46055350852512833,0.5394464914748717,0.05556098287591075,11
2018-04-02,7033.25960958504,119244423031.53572,139963464362.37656,259207887393.9123,0.460033929640122,0.539966070359878,0.05451209183631533,11
2018-04-03,7420.80051548802,125830051366.80844,152350802440.9292,278180853807.7377,0.4523318181120215,0.5476681818879785,0.055952848887256455,11
2018-04-04,6780.54360140269,114986059183.08643,136505901625.39316,251491960808.47958,0.4572156454362872,0.5427843545637128,0.055825889414891534,11
2018-04-05,6798.42261659848,115302512667.8604,136602794753.56142,251905307421.4218,0.4577216488534182,0.5422783511465818,0.056292586656496404,11
2018-04-06,6610.49234979544,112126583471.01808,131373706583.28065,243500290054.29874,0.4604782337056547,0.5395217662943452,0.05596205746877562,11
2018-04-07,6886.46947194623,116823177434.98444,136171581886.2541,252994759321.23853,0.4617612544560614,0.5382387455439386,0.05583517811674723,11
2018-04-08,7009.99610432496,118932810742.21152,140319427615.61148,259252238357.823,0.45875326475700107,0.5412467352429989,0.05697799897506797,11
2018-04-09,6736.89282378726,114311672118.16814,136661484350.44116,250973156468.6093,0.4554736997638461,0.5445263002361539,0.05880535841944222,11
2018-04-10,6816.71861542957,115680131308.85144,139604897306.7437,255285028615.59515,0.4531410711242337,0.5468589288757664,0.060652745495876896,11
2018-04-11,6944.78585710111,117867416604.65047,148624640540.2878,266492057144.9383,0.4422924190214996,0.5577075809785004,0.06188778682234083,11
2018-04-12,7904.33027527762,134168090914.6082,172298907753.67056,306466998668.27875,0.4377896853417237,0.5622103146582763,0.06244238150676083,11
2018-04-13,7919.06469462303,134434525998.67308,173849513177.85535,308284039176.52844,0.43607358447024136,0.5639264155297586,0.06267378326111833,11
2018-04-14,8006.41794330801,135931151075.12416,174410043661.50366,310341194736.6278,0.4380055029126334,0.5619944970873666,0.06285224610151093,11
2018-04-15,8342.27110140269,141650187328.7155,188304737848.18744,329954925176.90295,0.4293016303750301,0.5706983696249699,0.06368337153894399,11
2018-04-16,8046.98213354763,136650419244.81303,182165837591.1495,318816256835.9625,0.42861810310734083,0.5713818968926592,0.06350004881931909,11
2018-04-17,7887.73795791935,133962175227.62907,182202315966.89874,316164491194.52783,0.4237103753223369,0.5762896246776631,0.06365914335853627,11
2018-04-18,8162.83486177674,138650636284.6751,200048204377.39954,338698840662.07465,0.409362594845753,0.590637405154247,0.06431522904660619,11
2018-04-19,8272.96731589714,140539709293.91605,213542209135.0077,354081918428.9237,0.3969129796785349,0.6030870203214651,0.06848601048038438,11
2018-04-20,8839.5011320865,150179023464.4438,240870764790.40082,391049788254.8446,0.38404067199385133,0.6159593280061486,0.06972309087661543,11
2018-04-21,8863.54082904734,150605063050.8505,230835237545.23895,381440300596.0895,0.394832593240659,0.605167406759341,0.06830186070886486,11
2018-04-22,8800.95908708358,149559305824.3162,233125262748.49207,382684568572.8082,0.390816139731178,0.609183860268822,0.07057629688499303,11
2018-04-23,8930.78463354763,151782579435.7192,241792574929.27225,393575154364.99146,0.3856508159937351,0.6143491840062649,0.07195131847477508,11
2018-04-24,9652.21378872005,164062766307.80725,258478786683.63724,422541552991.44446,0.38827605272499477,0.6117239472750052,0.07304096613356953,11
2018-04-25,8855.50893658679,150534451808.20685,222923300821.03937,373457752629.2462,0.403082947799055,0.596917052200945,0.06939708107740568,11
2018-04-26,9264.72742694331,157507070083.4661,242523783060.42618,400030853143.8923,0.39373730512433835,0.6062626948756616,0.07143186532510101,11
2018-04-27,8981.33079018118,152705064058.8726,236042356722.14053,388747420781.0131,0.392813060346691,0.6071869396533089,0.0722509855205533,11
2018-04-28,9341.82468468732,158849307909.90692,252197908108.07272,411047216017.9796,0.38645027072257,0.61354972927743,0.07306233777583207,11
2018-04-29,9396.99762974869,159806033177.31946,257088043912.25427,416894077089.5737,0.3833252664392821,0.6166747335607179,0.07324744958862991,11
2018-04-30,9228.7264836353,156962282341.70627,244004364174.97226,400966646516.6785,0.39145969797060737,0.6085403020293927,0.07228119815222622,11
2018-05-01,9072.16875745178,154317464332.452,247533162515.32397,401850626847.776,0.3840169804958612,0.6159830195041388,0.07402107481718902,11
2018-05-02,9204.12764056108,156578190321.4114,254219541972.42667,410797732293.8381,0.3811564135154795,0.6188435864845205,0.07459825310773248,11
2018-05-03,9750.70014640561,165894741989.12933,266586566915.44373,432481308904.57306,0.3835882350830888,0.6164117649169112,0.07982786183955974,11
2018-05-04,9696.64290999416,164991759225.75504,267606919249.27145,432598678475.0265,0.38139681750155846,0.6186031824984415,0.08078994151783597,11
2018-05-05,9795.92577206312,166700806032.87646,275579800695.5435,442280606728.42,0.37691185979411074,0.6230881402058892,0.08282590242590654,11
2018-05-06,9595.08681940386,163299488641.55853,266268674386.32687,429568163027.8854,0.3801480246825414,0.6198519753174586,0.08179969545791209,11
2018-05-07,9339.5108471654,158967333946.10675,254807579267.5229,413774913213.62964,0.38418794583622523,0.6158120541637748,0.08007221409514832,11
2018-05-08,9212.36963471654,156819276398.11127,251040114176.47562,407859390574.5869,0.3844934799151893,0.6155065200848107,0.08159368992435446,11
2018-05-09,9293.04227352425,158211127488.7949,248459442997.554,406670570486.3489,0.38904002150828304,0.610959978491717,0.08052635160486922,11
2018-05-10,9037.53050905903,153878517153.77625,236915690670.56073,390794207824.337,0.3937584387712958,0.6062415612287042,0.0803253906782834,11
2018-05-11,8419.75858737581,143373321270.30786,215422487954.7176,358795809225.02545,0.39959586367517635,0.6004041363248236,0.08070688471991905,11
2018-05-12,8485.77526680304,144514968309.05743,223566044111.44257,368081012420.5,0.39261728650094524,0.6073827134990548,0.0808149660705322,11
2018-05-13,8695.83309380479,148108395237.23605,235568632665.4097,383677027902.64575,0.3860236200401789,0.613976379959821,0.08411232442892236,11
2018-05-14,8671.07417475161,147701005849.94635,232365624801.58994,380066630651.53625,0.3886187156098055,0.6113812843901945,0.08377529637549237,11
2018-05-15,8488.463421391,144605949351.0157,222287823430.6135,366893772781.62915,0.3941357419469843,0.6058642580530157,0.08322721505521478,11
2018-05-16,8327.75620134424,141886841023.80402,220375504985.52567,362262346009.3297,0.39166875218146424,0.6083312478185358,0.08470356118748229,11
2018-05-17,8050.51623933372,137176558811.93735,207476854188.35086,344653413000.2882,0.39801305786524344,0.6019869421347566,0.08298160231413905,11
2018-05-18,8233.08645528931,140302690393.97842,214316945918.29413,354619636312.2726,0.3956427564277068,0.6043572435722933,0.0842517186692487,11
2018-05-19,8229.48293571011,140257123405.43295,212861539836.30005,353118663241.73303,0.3971954416621069,0.6028045583378931,0.08430779747339257,11
2018-05-20,8511.44883021625,145078058846.0959,221508114252.85175,366586173098.94763,0.3957543123344615,0.6042456876655384,0.08383903911578858,11
2018-05-21,8398.62312653419,143171421543.0004,214743774562.57388,357915196105.5743,0.4000149283987627,0.5999850716012374,0.08309046798438231,11
2018-05-22,8007.52653214495,136519507769.17958,200235655032.4326,336755162801.6122,0.4053969258657079,0.594603074134292,0.08038285906345749,11
2018-05-23,7520.86767913501,128237740095.40971,182707160794.40988,310944900889.8196,0.4124130665221925,0.5875869334778074,0.07688341468994697,11
2018-05-24,7575.62448597312,129184935653.3735,192469196067.45773,321654131720.83124,0.40162684981610985,0.5983731501838901,0.07928198841911238,11
2018-05-25,7425.37567445938,126639121906.13664,184808795380.5495,311447917286.68616,0.40661412350870213,0.5933858764912978,0.07792121211186083,11
2018-05-26,7326.30318644068,124964285195.887,185707009457.02383,310671294652.9108,0.4022395610624406,0.5977604389375595,0.07975201088274261,11
2018-05-27,7338.19304441847,125182133039.21864,182671168771.72498,307853301810.9436,0.40662917143599286,0.5933708285640071,0.07772878681841772,11
2018-05-28,7110.82388164816,121317311761.56834,165798831358.8237,287116143120.392,0.4225374109692544,0.5774625890307457,0.07222750607391452,11
2018-05-29,7453.63372501461,127178919277.39346,182563268221.6623,309742187499.0558,0.41059605184644454,0.5894039481535555,0.07565481237239072,11
2018-05-30,7374.6690490941,125847610692.34056,181351561103.5072,307199171795.8478,0.4096612954932503,0.5903387045067496,0.07549659257439076,11
2018-05-31,7478.74186703682,127639489898.68208,187202595311.7117,314842085210.3938,0.40540796765904646,0.5945920323409535,0.07694741641444233,11
2018-06-01,7519.83573728814,128356441555.94876,188170018054.47937,316526459610.4281,0.4055156769956176,0.5944843230043824,0.07697343189658597,11
2018-06-02,7637.44825306838,130378486453.76411,194802882404.92694,325181368858.69104,0.4009408254579943,0.5990591745420057,0.0774881792292982,11
2018-06-03,7702.15793308007,131498835221.0268,202745835472.87198,334244670693.8988,0.39342088820154564,0.6065791117984544,0.08026748453530731,11
2018-06-04,7486.65319959088,127836651623.76183,194342087698.65024,322178739322.41205,0.39678798139387034,0.6032120186061296,0.0787912375442565,11
2018-06-05,7611.14985271771,129979115426.493,199841128335.4282,329820243761.9212,0.3940907748534612,0.6059092251465388,0.07977510916146545,11
2018-06-06,7650.77580713033,130669884421.28532,199875221420.3976,330545105841.6829,0.39531634900040136,0.6046836509995986,0.07913307879246652,11
2018-06-07,7665.9478962595,130942715943.34392,198984847188.51062,329927563131.85455,0.39688322703433254,0.6031167729656675,0.07854988608897431,11
2018-06-08,7622.60233021625,130216094923.58316,197579293182.7078,327795388106.29095,0.39724809941913913,0.6027519005808608,0.07873009171909898,11
2018-06-09,7556.17169783752,129094774239.7812,194450349694.5109,323545123934.2921,0.3990008338558633,0.6009991661441367,0.07886978315887798,11
2018-06-10,6744.73580099357,115242359003.23732,169046141677.86108,284288500681.0984,0.40537115897104414,0.5946288410289559,0.07728648425680891,11
2018-06-11,6849.45268731736,117043566259.5198,173630634326.2606,290674200585.7804,0.40266238291409445,0.5973376170859055,0.07728669035274151,11
2018-06-12,6526.69968001169,111540186918.58978,160435017633.5828,271975204552.17258,0.41011160227730686,0.5898883977226932,0.07505111455187082,11
2018-06-13,6306.51316803039,107788509788.87521,154571414607.9966,262359924396.87183,0.4108421285631397,0.5891578714368604,0.0752319011345064,11
2018-06-14,6629.77012419638,113326173419.85922,165831553070.5549,279157726490.4141,0.40595750239336714,0.5940424976066329,0.07809052492126055,11
2018-06-15,6399.67404646406,109405258626.73557,157659651331.7253,267064909958.46088,0.40965793163823877,0.5903420683617613,0.07601937892695722,11
2018-06-16,6495.31530917592,111053766097.57834,159332966466.70227,270386732564.2806,0.4107219501651283,0.5892780498348718,0.07656626060524915,11
2018-06-17,6450.69397282291,110303511512.67044,158169057120.80423,268472568633.47467,0.4108557983190435,0.5891442016809565,0.07686471303336403,11
2018-06-18,6703.81258971362,114645451013.78528,163025790889.71008,277671241903.49536,0.412881975921836,0.5871180240781639,0.07709800909795547,11
2018-06-19,6732.50880917592,115149244502.8952,166602285805.2549,281751530308.15015,0.40869075094980706,0.591309249050193,0.07977334966673882,11
2018-06-20,6753.20682583285,115516336692.91388,164910980093.361,280427316786.2749,0.4119296865110812,0.5880703134889188,0.07926144594123045,11
2018-06-21,6720.37323436587,114968985603.38635,162748529810.33133,277717515413.71765,0.41397815846118413,0.5860218415388159,0.0782116052082523,11
2018-06-22,6059.5758591467,103675812241.77995,144473155276.44247,248148967518.2224,0.41779666979338403,0.582203330206616,0.07640255579956867,11
2018-06-23,6174.22577936879,105649754025.73972,146610242872.7381,252259996898.4778,0.41881295221080383,0.5811870477891962,0.0769724427782775,11
2018-06-24,6146.48719491526,105188245647.2729,141431064782.1128,246619310429.38568,0.42652071917698176,0.5734792808230182,0.07392657852440829,11
2018-06-25,6243.53544097019,106861339065.99004,143542765106.70416,250404104172.6942,0.42675554148382416,0.5732444585161758,0.07354715842052244,11
2018-06-26,6096.12876621859,104349523004.1154,135238792689.7257,239588315693.8411,0.4355367777511273,0.5644632222488727,0.07094552922305514,11
2018-06-27,6139.18968322618,105095896985.98283,138996997493.65778,244092894479.64062,0.4305569697554171,0.569443030244583,0.07194356090157197,11
2018-06-28,5858.63577819988,100304632985.26031,130808962560.73059,231113595545.9909,0.4340057656422034,0.5659942343577966,0.07165344800618102,11
2018-06-29,6220.9137150789,106518869341.18803,136616545895.75839,243135415236.9464,0.43810511618548287,0.5618948838145171,0.07020454568276131,11
2018-06-30,6375.5412314436,109177747554.53374,140634113159.5029,249811860714.03662,0.43703988770777835,0.5629601122922216,0.07085255985601842,11
2018-07-01,6361.40253886616,108947319052.50592,141018885988.82166,249966205041.32758,0.4358481940968515,0.5641518059031485,0.07102182872319433,11
2018-07-02,6608.367157218,113188557636.7306,149527190550.0665,262715748186.79712,0.43084039848365263,0.5691596015163474,0.07202829946398918,11
2018-07-03,6498.3078591467,111312877114.31288,145622592287.43777,256935469401.75067,0.43323281668153535,0.5667671833184647,0.07105721985604097,11
2018-07-04,6579.33337638808,112711825499.79326,147596446106.51874,260308271606.312,0.4329936379058198,0.5670063620941802,0.07078667754942596,11
2018-07-05,6535.29840268849,111968645594.2585,144597648968.85547,256566294563.11395,0.43641213973534937,0.5635878602646507,0.07146707579333983,11
2018-07-06,6598.45909585038,113063968657.09964,145147259091.4187,258211227748.51834,0.4378739439139219,0.5621260560860781,0.0710033900089186,11
2018-07-07,6737.85608036236,115465661540.18742,147824861042.9643,263290522583.15173,0.4385484916333111,0.5614515083666889,0.07131845339781359,11
2018-07-08,6704.91998012858,114914482588.6505,148015646168.18088,262930128756.83136,0.43705330816206367,0.5629466918379363,0.07250378158284933,11
2018-07-09,6664.02409351257,114224903787.80823,145033262699.22076,259258166487.029,0.44058362880354257,0.5594163711964575,0.07078629307414255,11
2018-07-10,6309.08400409118,108152793264.32472,134554193396.58244,242706986660.90717,0.4456105477318956,0.5543894522681043,0.06865155685610877,11
2018-07-11,6377.97651139684,109344538488.59863,136913283242.81396,246257821731.4126,0.4440246312576339,0.5559753687423661,0.06998255239681835,11
2018-07-12,6159.46667621274,105609244489.61111,130849858403.99525,236459102893.60638,0.4466279504457457,0.5533720495542542,0.06881792925364041,11
2018-07-13,6208.98557188779,106469386228.2422,135367852554.11525,241837238782.35745,0.4402522405743303,0.5597477594256697,0.06947248912845848,11
2018-07-14,6255.11247866744,107270752475.55956,136456907276.45508,243727659752.01465,0.44012547687326187,0.5598745231267381,0.06937032504788229,11
2018-07-15,6347.60427381648,108867474201.12538,140698317791.9064,249565791993.0318,0.4362275507861474,0.5637724492138526,0.07069250829759327,11
2018-07-16,6710.80743746347,115106821467.19034,151436056586.85315,266542878054.0435,0.4318510489102305,0.5681489510897695,0.07113380770439928,11
2018-07-17,7320.59482787843,125580721821.32156,160170193702.60855,285750915523.9301,0.4394761836233027,0.5605238163766972,0.06822379485989645,11
2018-07-18,7376.03833927528,126547867223.51788,159959489706.64682,286507356930.1647,0.44169151040112226,0.5583084895988777,0.06494023202062049,11
2018-07-19,7467.0342980713,128125010853.07112,158530027561.1027,286655038414.1738,0.44696584285377033,0.5530341571462296,0.06272978375574288,11
2018-07-20,7327.25668293396,125740705992.6491,147020151980.14835,272760857972.79742,0.4609924859716832,0.5390075140283168,0.06108124654465088,11
2018-07-21,7410.56562039743,127183034589.34172,152920749467.0072,280103784056.34894,0.4540568240368938,0.5459431759631062,0.062341638033786215,11
2018-07-22,7399.48374693162,127009676954.65717,150799290009.69342,277808966964.3506,0.45718350398299235,0.5428164960170077,0.061779347525051126,11
2018-07-23,7716.15862741087,132461306959.85504,149513057209.13947,281974364168.9945,0.46976365156538685,0.5302363484346131,0.05818383148521643,11
2018-07-24,8397.61652162478,144176409303.4392,157880184805.24304,302056594108.68225,0.4773158809158904,0.5226841190841096,0.056925317617859614,11
2018-07-25,8202.72039538282,140848438885.07907,161023837691.01413,301872276576.0932,0.4665828889045904,0.5334171110954096,0.057626797658573044,11
2018-07-26,7913.93077819989,135905971504.21307,154214596411.55844,290120567915.7715,0.4684465237351584,0.5315534762648416,0.05855918527458197,11
2018-07-27,8173.7746113384,140385333661.0855,157490588571.8197,297875922232.9052,0.4712879530804107,0.5287120469195893,0.05741677684141261,11
2018-07-28,8190.36005669199,140685035244.0186,156689930212.59988,297374965456.61847,0.47308970688906876,0.5269102931109313,0.05705753900843364,11
2018-07-29,8229.60583869083,141376644218.03387,156219930310.84592,297596574528.87976,0.47506139626050775,0.5249386037394923,0.056736467425130374,11
2018-07-30,8171.83951928697,140397962724.8378,151976863438.1262,292374826162.964,0.4801985333941942,0.5198014666058057,0.05578862292959945,11
2018-07-31,7725.13303594389,132737425419.3308,144933790094.2084,277671215513.5392,0.47803811847706107,0.521961881522939,0.05589528641918191,11
2018-08-01,7596.6980119813,130544828991.5115,144855915119.5608,275400744111.07227,0.4740177061353955,0.5259822938646045,0.055158165559591084,11
2018-08-02,7542.69466189363,129631238285.9974,139653807011.3812,269285045297.3786,0.48139040971563124,0.5186095902843688,0.05448639071046645,11
2018-08-03,7411.34425014611,127389185324.80109,140837366537.38208,268226551862.18317,0.47493130132118544,0.5250686986788146,0.05629930030687376,11
2018-08-04,7002.2086528346,120372201905.84554,135801025003.51808,256173226909.36362,0.4698859570849467,0.5301140429150533,0.05804157511041581,11
2018-08-05,7031.58775102279,120891309546.94946,137632728492.46515,258524038039.4146,0.46762115609736205,0.532378843902638,0.05815897309859335,11
2018-08-06,6929.99089421391,119155942795.52562,133690946733.41911,252846889528.94473,0.4712573012763331,0.528742698723667,0.05849619336646867,11
2018-08-07,6722.57843278784,115602331537.64192,125531879722.6686,241134211260.31052,0.4794107436412093,0.5205892563587907,0.05631167205728101,11
2018-08-08,6267.3886735827,107787129090.23807,112272160918.91132,220059290009.14938,0.48980949218620407,0.5101905078137959,0.0565417612959735,11
2018-08-09,6558.09690794857,112798970602.05664,118964286142.08188,231763256744.13852,0.48669910919738324,0.5133008908026168,0.05565656484562875,11
2018-08-10,6135.75185856224,105548153481.91736,110955121184.36789,216503274666.28525,0.48751296554108764,0.5124870344589123,0.053887773075038545,11
2018-08-11,6313.74931180596,108623509949.61084,108200172944.71187,216823682894.3227,0.5009762240896566,0.4990237759103434,0.051142683491786176,11
2018-08-12,6314.69165575687,108651957013.71867,107413889509.16452,216065846522.88318,0.5028650236131212,0.49713497638687876,0.05035157025778251,11
2018-08-13,6265.84804383402,107823291676.77013,100334595710.70177,208157887387.4719,0.5179880187583972,0.4820119812416028,0.04538757017052877,11
2018-08-14,6184.82908562244,106439624172.66588,97068154896.99054,203507779069.65643,0.5230248428795139,0.4769751571204861,0.0446644746209961,11
2018-08-15,6270.21479865576,107921713369.36864,98895591550.18527,206817304919.5539,0.5218214859310112,0.4781785140689888,0.04483891661506752,11
2018-08-16,6290.7504552893,108287593315.59192,100581603269.14288,208869196584.7348,0.5184469279636522,0.4815530720363478,0.045426425676564394,11
2018-08-17,6563.07828872005,112987854531.1153,115682250520.45947,228670105051.57477,0.4941085521679004,0.5058914478320996,0.04798826113776201,11
2018-08-18,6399.28744681473,110180882411.00536,107209535641.82716,217390418052.83252,0.5068341254315452,0.49316587456845484,0.04616668637049229,11
2018-08-19,6490.71612711865,111766836577.27116,110411205783.49641,222178042360.76758,0.5030507758088297,0.49694922419117027,0.04622987839318486,11
2018-08-20,6272.95272881356,108028823193.54256,101405603803.05775,209434426996.6003,0.5158121553496845,0.4841878446503155,0.04329972144353502,11
2018-08-21,6473.07603945061,111487195428.2082,105570747884.39148,217057943312.59967,0.5136287284711255,0.4863712715288745,0.04340144037781198,11
2018-08-22,6365.00983167738,109638677665.2356,101081609295.47911,210720286960.71472,0.5203043297187417,0.47969567028125826,0.04243215956327236,11
2018-08-23,6516.40902542373,112258698492.89713,103531238651.68936,215789937144.5865,0.5202221196147809,0.47977788038521907,0.042233095962726584,11
2018-08-24,6697.73187872589,115394585122.42712,104941758107.841,220336343230.26813,0.5237201608716501,0.4762798391283499,0.042056763480917206,11
2018-08-25,6745.43893921683,116227908455.6044,104654249113.80237,220882157569.40677,0.5261987194193476,0.4738012805806524,0.04127587777719563,11
2018-08-26,6689.86933313852,115284878069.69078,102675652719.35437,217960530789.04517,0.5289254786283768,0.4710745213716232,0.040851313419017606,11
2018-08-27,6839.15895236704,117873365030.6772,107818022509.82347,225691387540.50067,0.522276752849174,0.47772324715082604,0.04155536620820588,11
2018-08-28,7092.97380829924,122261446474.46252,112846244210.95757,235107690685.4201,0.5200231694591878,0.4799768305408122,0.04181969325028542,11
2018-08-29,7033.42806808884,121247278332.5186,109598072455.64838,230845350788.167,0.5252316233294211,0.4747683766705789,0.04103260202129513,11
2018-08-30,6966.96374371713,120114930037.10117,106951078297.05017,227066008334.15134,0.5289868391940881,0.47101316080591193,0.04074720549355441,11
2018-08-31,7025.14078024547,121131550725.81134,107787042059.81462,228918592785.62598,0.5291468432153376,0.47085315678466244,0.04017225763439348,11
2018-09-01,7192.35254734074,124028288534.02948,112949712442.2312,236978000976.26068,0.5233746931068679,0.4766253068931321,0.04100748261737678,11
2018-09-02,7286.66779105786,125667820675.12167,112192964139.77586,237860784814.89752,0.5283250905478848,0.4716749094521152,0.0403185682385967,11
2018-09-03,7257.47021391,125177334900.4002,110489008577.03757,235666343477.43777,0.5311633942009392,0.46883660579906083,0.03977172895178216,11
2018-09-04,7358.81147895967,126936865991.23833,111043550327.99661,237980416319.23492,0.5333920662654903,0.4666079337345097,0.03877066431980634,11
2018-09-05,6790.89732846289,117151754999.24129,94812667363.78613,211964422363.0274,0.5526953707287618,0.44730462927123815,0.034487589460879126,11
2018-09-06,6488.07593687902,111939859791.32008,95979219085.17079,207919078876.49088,0.5383818570003148,0.4616181429996852,0.03531012329071678,11
2018-09-07,6408.65362244301,110581749752.2956,92367798873.16762,202949548625.4632,0.5448731002421229,0.4551268997578771,0.03359202315122725,11
2018-09-08,6187.79050233781,106782343851.2759,87014105190.43422,193796449041.7101,0.5510025822418114,0.4489974177581886,0.031780125056973585,11
2018-09-09,6249.24631034483,107855616025.27689,86782756377.4387,194638372402.71558,0.5541333638061807,0.4458666361938193,0.03129798730346244,11
2018-09-10,6295.3886025716,108662608384.24086,85624812568.244,194287420952.48486,0.5592879243109388,0.44071207568906123,0.031153297167825063,11
2018-09-11,6278.42463968439,108380864787.66785,84371788534.35757,192752653322.02542,0.5622794961302015,0.43772050386979855,0.02935508832165958,11
2018-09-12,6327.53636323787,109241940295.64648,84199141280.03078,193441081575.67725,0.5647297844171187,0.43527021558288126,0.028868857941936724,11
2018-09-13,6490.91231648159,112074557501.76231,90611273564.3216,202685831066.08392,0.5529471740193886,0.44705282598061136,0.032753787934772516,11
2018-09-14,6494.69547895967,112150595269.43169,89463656932.59729,201614252202.029,0.5562632306224581,0.4437367693775419,0.03259549349063169,11
2018-09-15,6524.16566744594,112670904653.23538,91353342463.5892,204024247116.8246,0.5522427174487738,0.44775728255122615,0.034151954729161584,11
2018-09-16,6497.40470134424,112220037901.27625,91408171582.27841,203628209483.55466,0.5511026109098077,0.4488973890901923,0.03386313466221318,11
2018-09-17,6258.59487492694,108105991224.44568,85568600916.19215,193674592140.63782,0.5581836524325501,0.4418163475674499,0.03144662193265585,11
2018-09-18,6340.34779018118,109529380192.13356,93701545146.72252,203230925338.85608,0.5389405180806528,0.4610594819193472,0.03304550474518541,11
2018-09-19,6383.95187580362,110295088597.76112,93866320446.73563,204161409044.49677,0.5402347540309267,0.4597652459690733,0.032751677126175875,11
2018-09-20,6498.60711104617,112288488870.2254,112558858746.39207,224847347616.6175,0.4993987701455396,0.5006012298544604,0.034415388516802745,11
2018-09-21,6741.14289888954,116491363596.52646,128574802974.38042,245066166570.90686,0.4753465777285137,0.5246534222714863,0.036601115362708755,11
2018-09-22,6705.47605113969,115888008971.5252,127215833446.91583,243103842418.44104,0.47670167537728036,0.5232983246227196,0.035817928903706046,11
2018-09-23,6703.13684950321,115860149884.85667,132772040564.24525,248632190449.10193,0.4659901426101729,0.5340098573898271,0.03649794207702843,11
2018-09-24,6576.5450032145,113684243861.49072,119163603785.0331,232847847646.5238,0.48823403355683936,0.5117659664431606,0.034638262393952034,11
2018-09-25,6416.44402162478,110930242226.68497,121125591431.825,232055833658.50995,0.47803255138126943,0.5219674486187306,0.03391644022141819,11
2018-09-26,6463.25040356517,111750680973.86244,119820243296.68663,231570924270.54907,0.48257647770711415,0.5174235222928858,0.03326983304198943,11
2018-09-27,6677.90048860316,115473953608.52664,126846610775.38612,242320564383.91278,0.47653385878376875,0.5234661412162313,0.034207867522495966,11
2018-09-28,6623.12615984804,114539547907.19228,124496099467.74254,239035647374.9348,0.4791735005429272,0.5208264994570728,0.033374273511901,11
2018-09-29,6584.49914757452,113884047547.05753,128691856521.06616,242575904068.1237,0.4694779886920465,0.5305220113079535,0.03513191352323551,11
2018-09-30,6604.485028346,114243175578.83426,130271556946.91722,244514732525.75146,0.46722409892746464,0.5327759010725354,0.03516033112083641,11
2018-10-01,6561.81383226184,113518016605.85883,128873885929.97977,242391902535.8386,0.468324293915201,0.531675706084799,0.03503880987172701,11
2018-10-02,6508.72093863238,112610666756.30328,121986911498.14284,234597578254.4461,0.48001632239427894,0.5199836776057211,0.03462132423775858,11
2018-10-03,6464.45684365868,111856548131.17673,120675879674.7504,232532427805.92712,0.48103634055088795,0.518963659449112,0.03387533730137101,11
2018-10-04,6545.28566773816,113267427334.0738,121200072015.377,234467499349.4508,0.48308370093229774,0.5169162990677023,0.033754814946645714,11
2018-10-05,6585.14957977791,113967980867.00935,121617413498.87335,235585394365.8827,0.4837650533207848,0.5162349466792152,0.03440062291245828,11
2018-10-06,6550.47831589714,113378166758.79816,117033688857.11073,230411855615.90887,0.49206741751950855,0.5079325824804914,0.0341456013215874,11
2018-10-07,6564.56826008182,113633692973.18517,117074922185.67285,230708615158.85803,0.49254204440931215,0.5074579555906878,0.03418064145481371,11
2018-10-08,6604.68527410871,114339270103.70224,119148864894.76778,233488134998.47003,0.48970055846500066,0.5102994415349993,0.03446483095520856,11
2018-10-09,6590.42862215079,114103170639.18616,117434852362.96346,231538023002.1496,0.492805324843457,0.507194675156543,0.034347729173631235,11
2018-10-10,6529.10243600234,113053154102.98314,114472189157.46474,227525343260.44788,0.49688158902620083,0.5031184109737992,0.03425239796037577,11
2018-10-11,6159.25164260666,106661330255.67244,96763267212.6202,203424597468.29263,0.5243285796463111,0.4756714203536889,0.030929597351188925,11
2018-10-12,6191.67722326125,107233068566.12044,101887056842.31613,209120125408.43658,0.512782155025402,0.48721784497459797,0.03137012429736416,11
2018-10-13,6197.68569637639,107348052161.21346,102061116842.6733,209409169003.88675,0.512623457090463,0.487376542909537,0.03172811755614557,11
2018-10-14,6182.87934424313,107100406864.61185,99513165580.58702,206613572445.19885,0.5183609459781188,0.48163905402188123,0.031066846199852793,11
2018-10-15,6442.71541408533,111614357755.55241,106620098702.06055,218234456457.61298,0.5114424164143435,0.4885575835856565,0.03179491597876326,11
2018-10-16,6461.93715926359,111958262043.08224,109878916471.57486,221837178514.6571,0.5046866480754713,0.49531335192452874,0.0318293045023484,11
2018-10-17,6442.73070017534,111636608391.73184,110837925447.3663,222474533839.09814,0.5017949985793502,0.49820500142064983,0.03159982837549772,11
2018-10-18,6396.47981209819,110846228676.42816,108920847623.49945,219767076299.9276,0.504380503861964,0.495619496138036,0.031127147053850283,11
2018-10-19,6383.07784015196,110625312452.34442,109514230070.07758,220139542522.422,0.5025235865613595,0.49747641343864046,0.03136189582530835,11
2018-10-20,6408.25274634717,111073074254.35512,110554488941.25493,221627563195.61005,0.5011699476942822,0.49883005230571775,0.031618695191691484,11
2018-10-21,6415.34050292227,111206991506.71556,109699719451.07413,220906710957.78967,0.5034115578678129,0.4965884421321871,0.03151785823790511,11
2018-10-22,6408.03363559322,111092745870.69737,109347640682.94664,220440386553.644,0.5039582247496333,0.49604177525036675,0.03136484283395147,11
2018-10-23,6395.98766686149,110896223452.83104,110107700906.8133,221003924359.64435,0.5017839559824615,0.4982160440175385,0.03144255729132679,11
2018-10-24,6413.80364114553,111214183524.86855,108895643202.40477,220109826727.27332,0.5052667805816243,0.49473321941837567,0.031268280001176534,11
2018-10-25,6402.3248591467,111026107522.98996,108819490509.63124,219845598032.62122,0.5050185608288397,0.49498143917116033,0.031217213901333123,11
2018-10-26,6404.10855230859,111068486835.02596,108875824840.14568,219944311675.17163,0.504984584457266,0.495015415542734,0.0313271800380525,11
2018-10-27,6409.40532758621,111171246478.54549,108072809941.68254,219244056420.22803,0.5070661813767123,0.49293381862328767,0.031425445602858516,11
2018-10-28,6406.63325306838,111134376406.18802,109133351134.43863,220267727540.62665,0.504542257038949,0.49545774296105105,0.031600232939678174,11
2018-10-29,6263.0417346581,108654957796.83511,104310145898.54099,212965103695.3761,0.5102007601783176,0.4897992398216824,0.031026673538074874,11
2018-10-30,6272.16772822911,108825354861.77647,105205144180.37874,214030499042.1552,0.508457230856348,0.491542769143652,0.03119478965316709,11
2018-10-31,6306.31693132671,109430710322.48328,106454029750.72104,215884740073.2043,0.5068941430754969,0.49310585692450315,0.031222333741755034,11
2018-11-01,6342.97750058445,110079075092.29424,107186293924.09718,217265369016.39142,0.5066572532504681,0.49334274674953194,0.031187121612408792,11
2018-11-02,6348.16858270018,110180510973.50604,109442214482.77426,219622725456.2803,0.5016808289970857,0.49831917100291434,0.031481579291034366,11
2018-11-03,6332.43413296318,109920163681.27742,109274870553.76569,219195034235.0431,0.5014719611002223,0.4985280388997777,0.031323606881139485,11
2018-11-04,6420.42200029223,111457353102.79344,114738127716.7017,226195480819.49515,0.4927479218372927,0.5072520781627072,0.03270650632542645,11
2018-11-05,6402.94683898305,111165512798.97427,117173227599.91435,228338740398.8886,0.48684473166829884,0.5131552683317011,0.03249684664948986,11
2018-11-06,6441.14521887785,111839004285.48557,127156004191.6565,238995008477.14206,0.46795539788933316,0.5320446021106668,0.0338588478116034,11
2018-11-07,6500.86980508475,112886579168.95436,124251993440.77306,237138572609.72742,0.47603634417897206,0.5239636558210279,0.03334677710822727,11
2018-11-08,6406.75293746347,111261944815.82117,118361871854.19429,229623816670.01544,0.4845400900887904,0.5154599099112096,0.032878293498183934,11
2018-11-09,6331.37876709527,109963021291.8608,117921124930.16231,227884146222.0231,0.4825391459427193,0.5174608540572807,0.032868489406088254,11
2018-11-10,6353.11273407364,110350898799.03008,119719446641.82144,230070345440.8515,0.4796398188022891,0.5203601811977109,0.03314357451177244,11
2018-11-11,6335.41420397428,110055044898.53024,119880874115.28603,229935919013.81628,0.47863354873197217,0.5213664512680278,0.03299930311133983,11
2018-11-12,6320.65605376972,109809736244.71677,120207137287.72134,230016873532.4381,0.47739861236410924,0.5226013876358908,0.03295376469785024,11
2018-11-13,6267.9379912332,108903259088.7863,117031218777.00594,225934477865.79224,0.4820125733686212,0.5179874266313789,0.032485930377649026,11
2018-11-14,5574.25834891876,96860221302.46277,104143259101.66281,201003480404.12558,0.48188330424787373,0.5181166957521263,0.031694567705887085,11
2018-11-15,5538.56060783168,96248717597.61153,106124288876.67989,202373006474.2914,0.47560057180767606,0.5243994281923239,0.032063547253614516,11
2018-11-16,5496.01623115137,95518040630.44853,103758470858.08842,199276511488.53696,0.47932413066124474,0.5206758693387552,0.031300348422185376,11
2018-11-17,5501.09234044418,95616231626.28333,106842690974.09132,202458922600.37463,0.47227472317935965,0.5277252768206404,0.03132574835010109,11
2018-11-18,5555.3763383986,96568300411.74496,109117003792.39377,205685304204.13873,0.46949538172111105,0.530504618278889,0.031480768696944716,11
2018-11-19,4792.20002367037,83309665038.67567,97654608206.69148,180964273245.36716,0.46036526185319,0.5396347381468101,0.030640911044913677,11
2018-11-20,4317.53067007598,75064932894.56099,85046847936.25833,160111780830.81934,0.4688282929903682,0.5311717070096318,0.029345406835603167,11
2018-11-21,4549.32200993571,79100846618.07188,90470726085.80994,169571572703.88184,0.4664746888690094,0.5335253111309906,0.029651635649491054,11
2018-11-22,4303.61554850964,74835214989.06079,84374792620.81418,159210007609.87497,0.47004089826083995,0.52995910173916,0.029041419999993302,11
2018-11-23,4289.89285330216,74603295134.03229,81362428892.26065,155965724026.29294,0.47833134876131855,0.5216686512386814,0.028314116701391567,11
2018-11-24,3806.31692489772,66200481496.8158,72437580817.85408,138638062314.6699,0.4775058190481565,0.5224941809518435,0.029216673634815702,11
2018-11-25,3946.85087434249,68650951140.12603,73976332882.89986,142627284023.02588,0.48133112546013956,0.5186688745398604,0.02896692270275401,11
2018-11-26,3700.28599269433,64367371529.51591,69222301089.86426,133589672619.38016,0.4818289488058674,0.5181710511941326,0.028640000629986003,11
2018-11-27,3776.55590531853,65700289252.32035,70809280236.10822,136509569488.42856,0.4812870592042233,0.5187129407957767,0.028846159224006147,11
2018-11-28,4208.47526914085,73220546017.23143,77564119713.78247,150784665731.01392,0.48559676583990447,0.5144032341600955,0.028714208335204452,11
2018-11-29,4239.03948831093,73757876886.60486,76191995415.07736,149949872301.68222,0.49188355918178,0.5081164408182199,0.027470861764255516,11
2018-11-30,3973.33405230859,69139707027.07187,72799105155.25989,141938812182.33176,0.48710924069349254,0.5128907593065075,0.028095158146400703,11
2018-12-01,4148.07372559906,72186769334.42615,75222566749.95094,147409336084.37708,0.48970283193668585,0.5102971680633142,0.028199600713893953,11
2018-12-02,4098.74676388077,71334198592.28998,74079426445.55382,145413625037.8438,0.4905606236948243,0.5094393763051757,0.028026578741350755,11
2018-12-03,3843.9766659848,66905681722.15498,69684825317.18584,136590507039.34082,0.4898267322697967,0.5101732677302033,0.027949205507798683,11
2018-12-04,3892.95164699006,67764822761.35066,69628330095.12643,137393152856.4771,0.4932183398698099,0.5067816601301901,0.027843416526739037,11
2018-12-05,3709.52085827002,64577860936.27737,65678967875.56843,130256828811.8458,0.4957733235587917,0.5042266764412082,0.02726300582810483,11
2018-12-06,3511.96898158971,61144670013.323586,59404176347.53727,120548846360.86086,0.5072190390797112,0.4927809609202888,0.025858091262211384,11
2018-12-07,3372.99569257744,58729900521.63702,58092812690.607796,116822713212.24481,0.5027267293042225,0.49727327069577754,0.027313677373989837,11
2018-12-08,3407.95119462303,59343948586.489395,58381050555.86351,117724999142.3529,0.5040896072951402,0.4959103927048598,0.026584636002168687,11
2018-12-09,3540.43957597896,61656683797.12883,59989129653.10233,121645813450.23117,0.5068541370094448,0.4931458629905552,0.02626622878689057,11
2018-12-10,3413.59258416131,59452937061.822815,57599185331.47351,117052122393.29633,0.5079184883300137,0.49208151166998626,0.026171426915871165,11
2018-12-11,3352.56420017534,58395272773.26061,56645426049.67509,115040698822.9357,0.5076053376826178,0.49239466231738216,0.025992652760606926,11
2018-12-12,3423.01291788428,59627489561.96774,57712636242.09951,117340125804.06726,0.5081594139547183,0.4918405860452817,0.02595790120660519,11
2018-12-13,3260.34158240795,56799160023.82104,55285664853.01276,112084824876.8338,0.5067515614735153,0.4932484385264847,0.02608011236272151,11
2018-12-14,3198.94747369959,55735437225.00023,53170601189.27424,108906038414.27448,0.5117754537446741,0.48822454625532585,0.025973085223356025,11
2018-12-15,3185.07404383402,55499651896.21166,52431063531.40615,107930715427.61781,0.5142155472269774,0.4857844527730226,0.026005734591940412,11
2018-12-16,3195.41455523086,55684427860.85024,53087564812.51561,108771992673.36584,0.5119371861474158,0.4880628138525842,0.026220507676833385,11
2018-12-17,3499.15648188194,60984540763.57043,60488001036.08767,121472541799.6581,0.5020438352574431,0.4979561647425569,0.026818949520526943,11
2018-12-18,3659.52737931035,63785396911.68198,64417201478.854904,128202598390.53688,0.4975359135653074,0.5024640864346925,0.027401818527202457,11
2018-12-19,3697.72530333139,64458072015.152504,65151587682.58368,129609659697.73618,0.49732459884144237,0.5026754011585577,0.027029997300720972,11
2018-12-20,4067.73770777323,70914924965.58305,71789974329.34338,142704899294.92645,0.4969340598392775,0.5030659401607225,0.02804604993347767,11
2018-12-21,3839.08510841613,66935427169.699104,68334269543.36893,135269696713.06802,0.49482943184001876,0.5051705681599812,0.02808269653429104,11
2018-12-22,3964.94611630625,69138519234.73888,70117534598.13896,139256053832.87784,0.4964848373321888,0.5035151626678112,0.02906226529113206,11
2018-12-23,3942.66699590883,68758702225.0924,73156878481.40738,141915580706.4998,0.4845042516317818,0.5154957483682182,0.03289494029697177,11
2018-12-24,4040.04578959673,70464629644.18283,79079815077.0634,149544444721.24622,0.4711952341361144,0.5288047658638856,0.0347452619983252,11
2018-12-25,3761.58401081239,65615302891.15366,72504974725.71269,138120277616.86636,0.47505915875122123,0.5249408412487788,0.03400690083441075,11
2018-12-26,3807.65745353594,66426458891.30886,72733480815.33327,139159939706.64212,0.4773389456142335,0.5226610543857665,0.034222997417249164,11
2018-12-27,3585.46053594389,62557922646.83627,64654312355.05244,127212235001.8887,0.49176026697359326,0.5082397330264068,0.03182782111466806,11
2018-12-28,3881.05488486265,67723456212.58877,73045218602.28731,140768674814.87607,0.4810974906288734,0.5189025093711266,0.03484158193346201,11
2018-12-29,3823.13832612507,66719421375.7622,72766620273.93925,139486041649.70145,0.47832328300861926,0.5216767169913807,0.03664497237941341,11
2018-12-30,3825.4074628872,66767437066.6105,72195267503.64447,138962704570.25497,0.4804701899915533,0.5195298100084467,0.036179601151128164,11
2018-12-31,3687.19994009351,64362351163.8135,68477296691.09177,132839647854.90527,0.4845116063098389,0.5154883936901611,0.035471485863082616,11
2019-01-01,3808.11783167738,66480140226.796745,71646932788.4196,138127073015.21634,0.48129695920996723,0.5187030407900328,0.03654158051583422,11
2019-01-02,3898.1974880187,68060061857.88494,75351295170.52496,143411357028.4099,0.4745793029794857,0.5254206970205143,0.039614814094159664,11
2019-01-03,3784.38863471654,66080363535.854095,71539606803.57245,137619970339.42654,0.4801655121191581,0.5198344878808419,0.03886019671506738,11
2019-01-04,3827.52459438925,66840702441.1711,72807391130.81503,139648093571.98615,0.47863669837150974,0.5213633016284902,0.04008919425298049,11
2019-01-05,3798.61395499708,66343570783.85974,72275787366.97418,138619358150.83392,0.47860249584816467,0.5213975041518353,0.04062054178059998,11
2019-01-06,4045.99377498539,70671241074.1243,75495211114.74898,146166452188.8733,0.48349836789364203,0.516501632106358,0.03854189893515125,11
2019-01-07,4001.01827819988,69892707335.84886,74522544935.58197,144415252271.43085,0.4839703995010469,0.5160296004989531,0.037576966996990334,11
2019-01-08,3992.6227893045,69754483224.10101,74750760346.46675,144505243570.56775,0.48271247119165667,0.5172875288083434,0.03733204226333348,11
2019-01-09,4004.25903565167,69965986980.18709,75462595934.68878,145428582914.87585,0.48110203357437986,0.5188979664256201,0.037367676489510275,11
2019-01-10,3627.90345002922,63397040767.49162,65830037683.08851,129227078450.58014,0.49058635022640656,0.5094136497735935,0.03498709534698799,11
2019-01-11,3624.16142109877,63338354100.47836,65232550160.876175,128570904261.35454,0.49263365194761577,0.5073663480523842,0.03448261810251005,11
2019-01-12,3617.02207831677,63219821366.34437,65377662422.53253,128597483788.87689,0.4916100961208123,0.5083899038791877,0.034373390027774536,11
2019-01-13,3508.6701081239,61332009010.65437,62230962314.772545,123562971325.42691,0.4963623677284735,0.5036376322715266,0.032872824126657416,11
2019-01-14,3666.94519374635,64105507741.0617,66681235610.822105,130786743351.8838,0.4901529474480821,0.5098470525519179,0.034994682791530805,11
2019-01-15,3581.29301548802,62614046151.325806,64356588433.71485,126970634585.04065,0.49313801065859075,0.5068619893414092,0.033599561827378915,11
2019-01-16,3606.98657568673,63069259783.033424,65207459666.099846,128276719449.13327,0.4916656744409717,0.5083343255590282,0.0339399416172752,11
2019-01-17,3640.12913062536,63654546163.778786,65545803265.89,129200349429.6688,0.49268091336261927,0.5073190866373807,0.033693241971934275,11
2019-01-18,3609.42673611923,63123882957.88896,64256968618.6116,127380851576.50056,0.4955523705223381,0.5044476294776619,0.033103647793389104,11
2019-01-19,3687.30196113384,64491943106.93511,65694385068.50689,130186328175.442,0.49538184240071914,0.5046181575992809,0.03349006740831842,11
2019-01-20,3538.31372296903,61893041071.17983,63181423376.16959,125074464447.34943,0.49484953898990264,0.5051504610100974,0.03321221376526752,11
2019-01-21,3535.623393045,61852610462.07103,63067490046.935165,124920100509.0062,0.4951373734894788,0.5048626265105212,0.03278597016363576,11
2019-01-22,3577.30834979544,62587665112.30323,63525141231.969315,126112806344.27255,0.4962831842901549,0.5037168157098451,0.03297890710519158,11
2019-01-23,3551.89382115722,62149501274.109985,62816634078.42982,124966135352.5398,0.4973307456358565,0.5026692543641436,0.03274687883234518,11
2019-01-24,3567.58893366452,62431351929.4994,62999571467.5228,125430923397.02219,0.4977349304197306,0.5022650695802694,0.03260643536594449,11
2019-01-25,3561.35049795441,62328325177.42315,62475210602.24231,124803535779.66547,0.4994115333996687,0.5005884666003313,0.03228195779056362,11
2019-01-26,3557.03991525424,62259553751.56424,62162667610.451805,124422221362.01605,0.5003893442025542,0.4996106557974458,0.032341509450518634,11
2019-01-27,3537.61413062536,61925598671.30048,60569080010.822,122494678682.12248,0.505537051384896,0.494462948615104,0.03160946127153577,11
2019-01-28,3435.05251402689,60136493366.521126,57317288009.17514,117453781375.69626,0.512001339268628,0.487998660731372,0.03076143823868185,11
2019-01-29,3395.82376329632,59455924094.6892,55969511138.42867,115425435233.11787,0.5151024466540638,0.4848975533459362,0.0306929579002799,11
2019-01-30,3437.89586616014,60198389711.43856,60052581979.33286,120250971690.77142,0.5006062642573926,0.49939373574260737,0.03131854198708433,11
2019-01-31,3410.13161601403,59718838093.358894,58187883267.79603,117906721361.15492,0.5064922288054872,0.49350777119451283,0.031007376848059456,11
2019-02-01,3445.04989129164,60337137182.804214,58317565426.48321,118654702609.28741,0.5085102895709543,0.49148971042904566,0.0309530924242809,11
2019-02-02,3461.93511747516,60639099131.68267,59031726555.84223,119670825687.5249,0.5067158079949974,0.4932841920050026,0.03136139994254269,11
2019-02-03,3413.02161630625,59788219917.066,57389298644.52114,117177518561.58714,0.5102362693031599,0.4897637306968401,0.03106388842375374,11
2019-02-04,3411.38796171829,59765870504.42587,56970471381.58019,116736341886.00607,0.5119731314074215,0.4880268685925785,0.031080216269181875,11
2019-02-05,3426.46501139684,60036309266.96764,57121691968.732574,117158001235.70023,0.5124388316098505,0.4875611683901495,0.030975243040889985,11
2019-02-06,3367.50636499123,59010177291.22384,55406102505.96131,114416279797.18515,0.5157498338158308,0.48425016618416916,0.030703642680985185,11
2019-02-07,3358.87359906487,58866207389.19751,55610348118.851036,114476555508.04855,0.5142206378236003,0.4857793621763997,0.030754075949295637,11
2019-02-08,3612.47961922852,63318160367.38653,61019526591.01566,124337686958.40219,0.5092435118933002,0.4907564881066998,0.03252654616264066,11
2019-02-09,3621.26812098188,63478991740.72384,61298296389.005806,124777288129.72964,0.5087383504819033,0.4912616495180967,0.03261397928182986,11
2019-02-10,3642.0223591467,63849176538.515076,61887890181.16403,125737066719.67911,0.5077991574343133,0.49220084256568675,0.033931111898687354,11
2019-02-11,3590.6184836353,62954510736.379906,60059551003.56692,123014061739.94682,0.5117667837801054,0.4882332162198946,0.0333442876137474,11
2019-02-12,3587.90246580947,62912631290.85425,60377100229.24392,123289731520.09818,0.5102828152448243,0.48971718475517567,0.033676696365110566,11
2019-02-13,3576.08537258913,62712261903.432846,60095013613.83359,122807275517.26643,0.5106559170805449,0.4893440829194551,0.03374925744681279,11
2019-02-14,3561.91638340152,62470064348.19538,59597478232.558014,122067542580.75339,0.5117663797226729,0.4882336202773271,0.03360014675424762,11
2019-02-15,3565.00692372881,62529926712.27091,60211604578.58772,122741531290.85864,0.5094439188973026,0.49055608110269744,0.03376151238938934,11
2019-02-16,3584.73600263004,62882694505.14064,60199455934.674675,123082150439.8153,0.5109001937359634,0.4890998062640366,0.03397875909811476,11
2019-02-17,3622.7574289889,63556858700.69298,61878745273.16023,125435603973.85321,0.506689143171354,0.49331085682864595,0.03665895182536576,11
2019-02-18,3866.12921712449,67834010393.17628,66292538932.609955,134126549325.78622,0.5057463323566991,0.4942536676433009,0.03735400134263562,11
2019-02-19,3895.43521098773,68355801176.12653,67416952479.10883,135772753655.23537,0.5034574267360066,0.4965425732639934,0.03674487906505188,11
2019-02-20,3931.61382904734,68997040402.63634,68943130584.0568,137940170986.6931,0.5001954101484504,0.49980458985154963,0.037438097911820796,11
2019-02-21,3892.26179427236,68312229780.10758,66545903016.11497,134858132796.22255,0.5065488329378757,0.49345116706212433,0.03689404542913347,11
2019-02-22,3948.30051052016,69303748259.26967,67840439316.858665,137144187576.12833,0.5053349287646578,0.4946650712353422,0.03724724189970294,11
2019-02-23,4110.15112127411,72152027336.08414,70905050477.98256,143057077814.0667,0.504358319340628,0.495641680659372,0.03832717954934147,11
2019-02-24,3754.18378988895,65909594991.648926,62719474852.24387,128629069843.89279,0.5124004633761119,0.4875995366238881,0.03606193421766644,11
2019-02-25,3822.01869666861,67107357151.37915,66297640731.11934,133404997882.49849,0.5030348054162596,0.49696519458374044,0.03608691790209258,11
2019-02-26,3796.17506838106,66661232142.14775,64622317045.43412,131283549187.58188,0.5077653106932704,0.49223468930672964,0.035753334260424534,11
2019-02-27,3799.3819924021,66724242474.867226,63874136906.99378,130598379381.86101,0.5109117187417002,0.48908828125829984,0.03526804074475245,11
2019-02-28,3792.94772296902,66618356465.697655,64376976459.16966,130995332924.86731,0.5085551903128241,0.49144480968717585,0.0355277040392343,11
2019-03-01,3810.63269257744,66936687246.14098,65118675993.55706,132055363239.69804,0.5068835191846165,0.4931164808153835,0.03539164633862839,11
2019-03-02,3809.64339099942,66925595316.40048,64599782713.50753,131525378029.90802,0.5088416875804914,0.4911583124195086,0.0347007013305173,11
2019-03-03,3782.38187025132,66453583651.36554,64148912700.10649,130602496351.47203,0.508823227027211,0.49117677297278906,0.03427622810162679,11
2019-03-04,3698.16185505552,64980234897.770874,61947163643.57893,126927398541.34981,0.5119480556958073,0.48805194430419274,0.033833143170306314,11
2019-03-05,3840.1280490941,67481868718.641136,65834109888.11848,133315978606.75961,0.5061798999930197,0.4938201000069803,0.03533935776005593,11
2019-03-06,3851.99842548218,67696627871.99121,66487002524.56443,134183630396.55563,0.5045073506501947,0.4954926493498053,0.035613281409549634,11
2019-03-07,3855.92316832262,67772447204.172585,66206927993.819756,133979375197.99234,0.5058423888305171,0.49415761116948287,0.035307353060457854,11
2019-03-08,3839.23355289304,67486113914.75439,65019358233.00093,132505472147.75531,0.5093081275881302,0.49069187241186984,0.034496838828409454,11
2019-03-09,3910.36116656926,68743141713.30267,66838166880.59871,135581308593.90138,0.507025211854275,0.49297478814572504,0.0348553381735817,11
2019-03-10,3903.9119509059,68636402814.046906,67877749069.883766,136514151883.93066,0.5027786633608806,0.4972213366391194,0.03463850229284961,11
2019-03-11,3851.56892168323,67722973399.3696,67164654799.47275,134887628198.84235,0.5020695693420965,0.49793043065790354,0.03429254681017853,11
2019-03-12,3858.91482378726,67859035802.774185,67882550741.52808,135741586544.30228,0.49991338343925196,0.500086616560748,0.034386912167678224,11
2019-03-13,3851.95746639392,67743190817.63356,68238894503.78429,135982085321.41785,0.49817731988379554,0.5018226801162045,0.034043395752140326,11
2019-03-14,3853.78326504968,67782767281.89608,67852729575.168106,135635496857.06418,0.4997420944557539,0.5002579055442461,0.034072824949483056,11
2019-03-15,3901.91420689655,68636787012.15806,69105673570.78885,137742460582.9469,0.4982979592616308,0.5017020407383692,0.03475292780243033,11
2019-03-16,3989.79607685564,70190805974.9429,70990676233.31856,141181482208.26147,0.49716722672880087,0.5028327732711991,0.03524713415123053,11
2019-03-17,3967.14349444769,69799528647.52408,70246267062.184,140045795709.70807,0.4984050273969455,0.5015949726030545,0.03482179369159003,11
2019-03-18,3969.44014582116,69847925359.80466,70776085492.46025,140624010852.2649,0.49669985187084914,0.5033001481291508,0.03452960901604769,11
2019-03-19,3996.16790356517,70326929804.44753,70658961671.3997,140985891475.84723,0.4988224642073173,0.5011775357926826,0.034515085571057924,11
2019-03-20,4030.65527586207,70941970703.64531,70731204010.35246,141673174713.99777,0.5007438482751527,0.4992561517248473,0.034407778132523895,11
2019-03-21,3976.27385008767,69991932308.15556,68825577246.37207,138817509554.52765,0.5042010372665753,0.4957989627334247,0.033847410741750496,11
2019-03-22,3983.88764582116,70133970901.15828,69774759498.87442,139908730400.0327,0.5012837347650028,0.49871626523499724,0.03411074307179429,11
2019-03-23,3981.77603302163,70104014183.65793,70009640354.5356,140113654538.19354,0.500336775988869,0.49966322401113095,0.03427491639100426,11
2019-03-24,3970.6669880187,69915870923.6467,69493660991.75223,139409531915.39893,0.5015142792823905,0.49848572071760955,0.034104960399439374,11
2019-03-25,3908.23883869082,68823860548.3261,68016087870.57145,136839948418.89755,0.5029515236123953,0.49704847638760474,0.034054509792200545,11
2019-03-26,3917.76340210403,68998149814.37549,67980928357.60836,136979078171.98386,0.503713054104109,0.49628694589589095,0.033989888156139104,11
2019-03-27,4027.00791788428,70929622723.5621,70935533066.8756,141865155790.43768,0.49997916915087237,0.5000208308491276,0.03457040816937387,11
2019-03-28,4010.93746201052,70653886033.99002,69976702320.97845,140630588354.96848,0.5024076686335915,0.49759233136640846,0.03424052686526075,11
2019-03-29,4089.46104003507,72044617181.57042,71165557919.53984,143210175101.11026,0.5030691229216427,0.49693087707835726,0.03481362852091583,11
2019-03-30,4091.89103834015,72094536468.24364,71372441078.69646,143466977546.9401,0.5025165909322614,0.4974834090677386,0.034729112737054486,11
2019-03-31,4094.31781472823,72144407426.98994,71336745708.18594,143481153135.1759,0.5028145219813054,0.4971854780186946,0.034505573711614175,11
2019-04-01,4138.41780771479,72928511837.76436,72313880748.14633,145242392585.9107,0.5021158804901071,0.49788411950989286,0.03414244171168272,11
2019-04-02,4903.71946206897,86424523990.81316,83906347978.86171,170330871969.67487,0.5073920129182448,0.49260798708175524,0.033743137583453535,11
2019-04-03,4960.22760274693,87429243678.5721,83087218691.0019,170516462369.574,0.5127319817900027,0.4872680182099973,0.03230488308151944,11
2019-04-04,4911.26970245471,86574903765.80412,81392087188.09607,167966990953.9002,0.5154280806850035,0.48457191931499655,0.032143569065269384,11
2019-04-05,5033.22548369375,88734657095.24022,87161289712.68756,175895946807.9278,0.504472437856316,0.495527562143684,0.03296871676547338,11
2019-04-06,5044.35684593805,88939665130.79738,86067344550.5637,175007009681.36108,0.5082063015231886,0.4917936984768114,0.03279085915382926,11
2019-04-07,5189.11195558153,91501063164.41447,89189388945.02301,180690452109.4375,0.5063967802183353,0.49360321978166466,0.03362110146190965,11
2019-04-08,5283.42302483928,93173850971.95099,88646826102.87045,181820677074.82144,0.5124491475389722,0.4875508524610278,0.03421635941680181,11
2019-04-09,5195.57790882525,91633263649.93097,86113710251.92435,177746973901.85532,0.5155264342251314,0.48447356577486855,0.03386685556521644,11
2019-04-10,5311.74160327294,93691843864.06364,87238524376.19302,180930368240.25665,0.517833710146716,0.482166289853284,0.033411805809664796,11
2019-04-11,5050.66600859147,89096740025.25392,80661874575.30649,169758614600.56042,0.524843703719527,0.47515629628047296,0.032777926893339304,11
2019-04-12,5082.86143202805,89674280265.74155,80482066912.72925,170156347178.4708,0.5270110798258114,0.4729889201741886,0.03244074613548505,11
2019-04-13,5074.79069257744,89540456117.10837,80646286458.24907,170186742575.35742,0.5261306184144192,0.4738693815855808,0.03234195638918648,11
2019-04-14,5156.80404061952,90995377478.97461,82227096706.01797,173222474184.99258,0.5253093047371918,0.47469069526280816,0.03258085778351382,11
2019-04-15,5042.89773845704,88994562169.30713,79781202308.32425,168775764477.63138,0.527294676725354,0.472705323274646,0.03183833610004201,11
2019-04-16,5205.96295745178,91881692216.0707,81786368297.76535,173668060513.83606,0.5290649987350468,0.47093500126495325,0.032013739151447215,11
2019-04-17,5226.35221519579,92250564153.54716,82603798941.86172,174854363095.40887,0.5275851429753049,0.4724148570246951,0.031831788757115495,11
2019-04-18,5278.5023395675,93180899416.67139,84178677515.40956,177359576932.08093,0.525378448846631,0.474621551153369,0.032877877267177585,11
2019-04-19,5289.95121911163,93393056304.89935,83901925237.56442,177294981542.46378,0.5267664966734034,0.47323350332659664,0.032826915838578836,11
2019-04-20,5313.97326212741,93825862417.04707,83288138722.13918,177114001139.18625,0.5297484208677177,0.4702515791322823,0.0325962064222524,11
2019-04-21,5295.73382817066,93514542764.35901,81199789371.75542,174714332136.11444,0.5352425391839335,0.4647574608160665,0.03209103905608629,11
2019-04-22,5383.79997533606,95078673811.43846,81874579774.89925,176953253586.3377,0.5373095542719049,0.46269044572809515,0.03186697415501117,11
2019-04-23,5544.86271186441,97931104712.61539,76361841332.4064,174292946045.0218,0.5618764668038757,0.4381235331961243,0.03082806888576811,10
2019-04-24,5431.94791963764,95947917278.75012,72377344113.39072,168325261392.14084,0.5700149608276798,0.4299850391723202,0.030402006176310593,10
2019-04-25,5127.67316738749,90582486405.83148,68323766088.28341,158906252494.1149,0.5700372703030436,0.42996272969695637,0.029651947283753463,10
2019-04-26,5150.16466066628,90989528956.62267,69100561875.20502,160090090831.8277,0.5683645282718082,0.43163547172819183,0.02970020137336218,10
2019-04-27,5181.80776364699,91557451148.37279,69457985521.27605,161015436669.64883,0.5686253010400414,0.4313746989599586,0.03005258793691461,10
2019-04-28,5148.66961542957,90982423047.7571,68286259614.51504,159268682662.27213,0.5712511808783183,0.4287488191216817,0.02976532941755163,10
2019-04-29,5148.80049327878,90995226478.38272,67297476200.93478,158292702679.3175,0.5748542095634592,0.42514579043654077,0.02962732950440298,10
2019-04-30,5266.61820251315,93086646312.97389,71695064051.68045,164781710364.65436,0.5649088488460122,0.4350911511539878,0.030368349348888397,10
2019-05-01,5315.17532904734,93956247055.4643,70939984621.64351,164896231677.1078,0.5697901407440595,0.43020985925594046,0.029768135562051143,10
2019-05-02,5393.12937638808,95346643375.08405,70501480141.77942,165848123516.86346,0.5749033594907643,0.4250966405092357,0.029517485750983927,10
2019-05-03,5658.43038836938,100047725220.71832,72750839685.84439,172798564906.5627,0.5789846997561414,0.4210153002438586,0.02910620804195687,10
2019-05-04,5774.71242869667,102113257161.60286,71878009719.15045,173991266880.7533,0.586887255850532,0.41311274414946797,0.0280597982586631,10
2019-05-05,5728.35170222092,101302705291.91556,71303192808.43811,172605898100.35367,0.5869017594811147,0.41309824051888533,0.02819058689644073,10
2019-05-06,5691.68837405026,100665077841.2352,72684896966.69968,173349974807.93488,0.5807043119144853,0.41929568808551465,0.03023155954892543,10
2019-05-07,5825.744893045,103045294021.27489,71589057271.13156,174634351292.40643,0.5900631419802204,0.40993685801977964,0.02918942005993644,10
2019-05-08,5931.8005949737,104932468929.86987,71505681630.16322,176438150560.03308,0.5947266427175941,0.4052733572824059,0.028584703996400906,10
2019-05-09,6150.14044476914,108806392500.68918,70746937058.44444,179553329559.1336,0.6059837083937515,0.3940162916062485,0.02768234583537543,10
2019-05-10,6357.46349357101,112484221628.55664,72094625685.2652,184578847313.82184,0.6094101424163215,0.3905898575836785,0.027089706791020105,10
2019-05-11,7325.08286031561,129616460917.03905,83364113717.2368,212980574634.27585,0.6085834876707077,0.3914165123292923,0.027249727867828203,10
2019-05-12,6942.62317451783,122862594419.89809,77667430490.78604,200530024910.68414,0.6126892692235039,0.38731073077649614,0.026961581960481824,10
2019-05-13,7798.90573600234,138032382814.8289,81148066311.97313,219180449126.802,0.6297659456613911,0.3702340543386089,0.02510931786155714,10
2019-05-14,7955.5576823495,140820072137.7831,94147313892.43742,234967386030.22052,0.5993175245166639,0.40068247548333613,0.027429228016703163,10
2019-05-15,8215.2068383986,145431381731.40323,107429309775.70065,252860691507.10388,0.5751442854348022,0.4248557145651978,0.030317122372421342,10
2019-05-16,7862.07160233782,139194281165.00555,103357567449.66713,242551848614.67267,0.5738743363945044,0.42612566360549564,0.03350013628908604,10
2019-05-17,7326.92068188194,129733515296.03603,96132941782.00735,225866457078.0434,0.5743815038955047,0.4256184961044953,0.03306488553738183,10
2019-05-18,7277.98756341321,128881004230.6199,93603092761.50977,222484096992.12967,0.5792818721563683,0.4207181278436317,0.032267337311975536,10
2019-05-19,8219.74278696669,145574664069.0613,104897518076.02853,250472182145.08984,0.5812009254773648,0.4187990745226352,0.03187131910143682,10
2019-05-20,7981.13937895967,141364972111.36505,100408246967.6512,241773219079.01624,0.5847007069263706,0.41529929307362945,0.031626739949320526,10
2019-05-21,7983.80847738165,141427517230.1168,100977331894.62222,242404849124.739,0.5834351818487743,0.4165648181512257,0.0321673751209625,10
2019-05-22,7667.90211484512,135847466322.59747,94775219834.71004,230622686157.3075,0.5890464142366986,0.41095358576330143,0.031892753801024694,10
2019-05-23,7897.4712936879,139930198596.70416,96499055011.2546,236429253607.95874,0.5918480748948818,0.4081519251051182,0.03112900012174066,10
2019-05-24,7987.10036762127,141533553660.64325,97808423193.90897,239341976854.55222,0.5913444666944194,0.4086555333055806,0.031155142738049087,10
2019-05-25,8061.59176072472,142867668845.3807,98453864388.84457,241321533234.22528,0.5920220501280927,0.4079779498719073,0.031245499454050717,10
2019-05-26,8731.52495587376,154758245306.18896,104767666868.7025,259525912174.89148,0.5963113432846705,0.4036886567153295,0.030727088443699684,10
2019-05-27,8816.78670835769,156287836455.38348,109445029533.94647,265732865989.32996,0.588138903607275,0.41186109639272495,0.030920145866124564,10
2019-05-28,8719.12584833431,154574557917.51135,110128545905.54874,264703103823.0601,0.5839544594869436,0.4160455405130564,0.03110673056642257,10
2019-05-29,8655.48850613676,153465206972.54276,109454753633.86105,262919960606.4038,0.5836955346356646,0.4163044653643354,0.03111641945319747,10
2019-05-30,8271.62196317942,146675645809.6508,103044513593.84886,249720159403.49963,0.5873600519878382,0.41263994801216175,0.03074296708497256,10
2019-05-31,8556.222185564,151734802083.5124,107922772630.1845,259657574713.6969,0.5843650132325926,0.4156349867674074,0.03115556337581646,10
2019-06-01,8554.80732963179,151725858432.60037,106475829811.49411,258201688244.09448,0.587625353902273,0.412374646097727,0.030993116986006385,10
2019-06-02,8744.35374547049,155101923701.62546,109685367538.45296,264787291240.07843,0.5857604531366916,0.41423954686330844,0.030873298285312614,10
2019-06-03,8173.40127054354,144986880726.59973,102869758100.80733,247856638827.40704,0.5849626679863119,0.4150373320136881,0.030716436194743978,10
2019-06-04,7649.93933196961,135715984982.11952,96719435362.58919,232435420344.7087,0.5838868481440938,0.41611315185590625,0.03130182221328749,10
2019-06-05,7798.54446639392,138367954899.15903,99066425392.24387,237434380291.4029,0.5827629289799574,0.4172370710200426,0.031587638090071646,10
2019-06-06,7776.71332612507,137995871311.0676,101813799470.17711,239809670781.2447,0.5754391424728987,0.42456085752710127,0.03182433810513176,10
2019-06-07,8023.950093045,142398874425.05167,103262529983.33325,245661404408.38492,0.5796550531329263,0.4203449468670737,0.031184878605106086,10
2019-06-08,7939.80515488019,140917883639.34723,101026003338.95523,241943886978.30246,0.5824403558994848,0.41755964410051516,0.030810135188583398,10
2019-06-09,7634.06575073057,135505562736.9976,95524259520.48996,231029822257.48755,0.5865284464703169,0.4134715535296831,0.030264289772777613,10
2019-06-10,7993.30253857393,141897744724.659,100842749810.10869,242740494534.7677,0.5845656077969924,0.4154343922030076,0.030869133760125952,10
2019-06-11,7922.48362711864,140654723194.9171,100463084834.0634,241117808028.98053,0.5833444005845121,0.4166555994154879,0.03102573920499629,10
2019-06-12,8146.75612507306,144649767681.24728,103423929963.83504,248073697645.08234,0.5830919160490642,0.4169080839509358,0.031872396338755556,10
2019-06-13,8232.77734137931,146192657169.59814,103222914338.02905,249415571507.6272,0.5861408583510493,0.41385914164895066,0.031014600519529936,10
2019-06-14,8698.00481502046,154472258474.2654,104806672623.28496,259278931097.55035,0.5957763626237228,0.4042236373762772,0.030439558125691518,10
2019-06-15,8850.58481601403,157198156055.2938,106753480874.69603,263951636929.9898,0.595556662893471,0.404443337106529,0.030399933224548117,10
2019-06-16,9019.51700672121,160213273127.52393,109217369416.40605,269430642543.93,0.594636421510228,0.405363578489772,0.02991828925001482,10
2019-06-17,9340.57218877849,165931690523.78326,111521599909.76154,277453290433.5448,0.59805270380647,0.40194729619353,0.029303782406663773,10
2019-06-18,9047.13274447691,160737284620.8722,106840255365.81078,267577539986.68298,0.6007129171935428,0.3992870828064572,0.029147605031047966,10
2019-06-19,9285.05567656341,164984922415.72528,108750597824.42082,273735520240.14612,0.6027165282422436,0.39728347175775636,0.02896448308707493,10
2019-06-20,9546.71977819988,169651581216.84033,108142027263.9909,277793608480.83124,0.6107108876428555,0.3892891123571445,0.02850586448694747,10
2019-06-21,10083.4863136762,179207044545.61115,112819554610.12915,292026599155.7403,0.6136668545389541,0.3863331454610459,0.029241165563230642,10
2019-06-22,10685.2952327878,189921423980.12433,118983233692.92352,308904657673.04785,0.6148221441877441,0.38517785581225594,0.028825574119859587,10
2019-06-23,10794.4276963764,191885576856.1899,117701364122.88231,309586940979.0722,0.6198115988011303,0.38018840119886965,0.028399236721504698,10
2019-06-24,11004.2069094681,195639033390.66055,118462069721.73395,314101103112.39453,0.6228536972716558,0.37714630272834415,0.028152755833448655,10
2019-06-25,11726.2638308007,208497571410.05035,118579878435.28961,327077449845.33997,0.6374562707048113,0.36254372929518874,0.026962715883663255,10
2019-06-26,12863.4606849795,228743908514.98795,119623535506.00522,348367444020.99316,0.656616777603373,0.343383222396627,0.02596774395770086,10
2019-06-27,11109.7978418469,197579198121.0736,105217112261.12242,302796310382.19604,0.6525152102140376,0.3474847897859624,0.02639247269933894,10
2019-06-28,12358.2079582116,219806390394.21695,110590317014.81985,330396707409.0368,0.6652802085042961,0.33471979149570386,0.025039729383121503,10
2019-06-29,11944.3515473407,212471408601.20145,114551783154.39005,327023191755.5915,0.649713579824629,0.35028642017537104,0.02666781757662773,10
2019-06-30,10842.6167109877,192893862979.7983,105103672624.39561,297997535604.1939,0.6473001952472643,0.35269980475273566,0.026899474923094868,10
2019-07-01,10569.5517282291,188054836533.4531,107158033499.4522,295212870032.9053,0.6370143568350931,0.3629856431649069,0.027802729984085315,10
2019-07-02,10766.0833162186,191572815076.09036,105020455501.74283,296593270577.8332,0.6459108620464032,0.35408913795359676,0.026989558391182996,10
2019-07-03,11952.0248935126,212701280671.49295,107926446381.59312,320627727053.08606,0.6633901647447857,0.33660983525521426,0.025272471660197564,10
2019-07-04,11177.0103787551,198932256881.84424,102668282453.89674,301600539335.74097,0.6595885316385106,0.3404114683614894,0.02536359842200953,10
2019-07-05,10998.3991004676,195779255924.42004,102587690334.72336,298366946259.14343,0.6561693859827826,0.3438306140172174,0.026172771179049464,10
2019-07-06,11208.225600526,199539253818.18237,103778864555.49623,303318118373.6786,0.6578547133552904,0.34214528664470956,0.025630652006949632,10
2019-07-07,11456.1836039158,203975542702.9202,107335047591.3185,311310590294.2387,0.6552155598373008,0.34478444016269916,0.026727800564023543,10
2019-07-08,12319.6228758036,219376353956.16104,108770341741.55368,328146695697.7147,0.6685313514729041,0.3314686485270959,0.025433107298178475,10
2019-07-09,12579.107616014,224021230975.77808,106386974141.81001,330408205117.5881,0.6780135223822659,0.32198647761773413,0.02451231545784788,10
2019-07-10,12106.7829313267,215629126479.1789,98784046600.72891,314413173079.90784,0.6858145425871738,0.3141854574128262,0.023848710218083918,10
2019-07-11,11294.678028346,201183259641.46625,90327016396.21266,291510276037.6789,0.6901412271842605,0.3098587728157395,0.02368696158896716,10
2019-07-12,11813.3237158971,210445706655.52036,95305621694.57591,305751328350.09625,0.6882904083888475,0.3117095916111525,0.02335266575845554,10
2019-07-13,11346.837148159,202155589033.93988,92374003144.03932,294529592177.9792,0.6863676669602039,0.3136323330397961,0.023679605676121138,10
2019-07-14,10283.0757891292,183222223011.25137,82408781988.24739,265631004999.49878,0.6897621872552004,0.31023781274479956,0.022399521412954353,10
2019-07-15,10926.3802741087,194704461534.6134,83594881468.83789,278299343003.4513,0.6996224261018065,0.30037757389819353,0.021102904364785163,10
2019-07-16,9471.14086475745,168791758444.18518,75264595228.50275,244056353672.68793,0.6916097692361552,0.30839023076384475,0.021011366411692402,10
2019-07-17,9674.88246113384,172438862979.07385,79257805588.76141,251696668567.83527,0.6851058615922822,0.31489413840771785,0.02180195114261978,10
2019-07-18,10679.8906896552,190367634570.60635,84965143992.63925,275332778563.2456,0.6914092668660508,0.30859073313394925,0.021277539337782446,10
2019-07-19,10532.2027291058,187750651266.9553,84032465217.56137,271783116484.51666,0.6908105760780447,0.30918942392195525,0.020986245614738174,10
2019-07-20,10862.6485479252,193665325162.4292,87669360702.28603,281334685864.7152,0.6883805477706244,0.3116194522293756,0.021235341702677022,10
2019-07-21,10589.7064907656,188818886061.12653,85675119807.19888,274494005868.3254,0.6878798153126259,0.3121201846873741,0.021310511988342527,10
2019-07-22,10318.5609251899,184004626629.3892,82778022913.68585,266782649543.07504,0.6897173670946678,0.3102826329053322,0.02103138479664403,10
2019-07-23,9866.64894038574,175963591454.6841,79883155924.14,255846747378.8241,0.6877695075565704,0.3122304924434296,0.02152315928473033,10
2019-07-24,9792.78753652835,174663348864.6462,81825994145.86842,256489343010.51465,0.6809770215579132,0.3190229784420868,0.02214368909152216,10
2019-07-25,9897.18678603156,176543962471.5269,81699712448.7032,258243674920.2301,0.6836332488145557,0.31636675118544433,0.022192030221573775,10
2019-07-26,9836.69678813559,175485365597.111,83469135592.64413,258954501189.75513,0.6776687209175788,0.3223312790824212,0.02230071339988265,10
2019-07-27,9446.67205207481,168545324729.98972,79323810127.76743,247869134857.75714,0.6799770565492618,0.32002294345073823,0.021874980301056664,10
2019-07-28,9529.78879193454,170049120676.19733,80102855000.47432,250151975676.67163,0.6797832406328485,0.32021675936715155,0.022133495837766293,10
2019-07-29,9504.15891595558,169611741059.69104,79779953193.2749,249391694252.96594,0.6801018035815116,0.3198981964184884,0.02218405130234582,10
2019-07-30,9589.10920601987,171144789262.24023,80811161030.56543,251955950292.80566,0.679264724898728,0.320735275101272,0.021902927198885192,10
2019-07-31,10059.0040189947,179552893039.96872,82663957096.13718,262216850136.1059,0.6847496373584316,0.31525036264156836,0.021680898038295624,10
2019-08-01,10400.3070143776,185663600899.71167,82145172305.93675,267808773205.64844,0.6932693006182509,0.30673069938174913,0.020898728721640662,10
2019-08-02,10529.6944544126,187995636118.57104,81629561976.37866,269625198094.9497,0.6972480222429639,0.3027519777570361,0.020671748162813103,10
2019-08-03,10810.4216686148,193031076581.09784,82660359029.3115,275691435610.4093,0.7001707403558152,0.29982925964418483,0.020520505423542376,10
2019-08-04,10986.5089291058,196198228092.13153,83208510770.66386,279406738862.7954,0.7021957626744143,0.2978042373255857,0.02027837262542879,10
2019-08-05,11790.0239375804,210568558007.91815,84783880849.46886,295352438857.387,0.7129399669849777,0.28706003301502225,0.01970309051577054,10
2019-08-06,11423.4970017534,204045416188.37363,81993292838.69246,286038709027.0661,0.7133489620422879,0.2866510379577121,0.019760084694688995,10
2019-08-07,11967.2735473407,213781188501.16107,82065785659.14009,295846974160.30115,0.72260731788092,0.27739268211907997,0.018888422319388448,10
2019-08-08,11938.2346108708,213283632611.2499,80619712284.59761,293903344895.84753,0.7256931107294224,0.27430688927057756,0.018474259261083294,10
2019-08-09,11858.3410984804,211878077389.7985,76753521634.31502,288631599024.1135,0.7340778975904758,0.2659221024095242,0.017693691397131537,10
2019-08-10,11303.7305618936,201989948339.88336,77236937203.9606,279226885543.844,0.7233900415659188,0.2766099584340812,0.01825276869265553,10
2019-08-11,11530.195242256,206058769073.2262,80004096498.477,286062865571.7032,0.7203268717224552,0.27967312827754476,0.01871518479299172,10
2019-08-12,11384.6962465809,203477450140.01297,78463373856.51987,281940823996.53284,0.7217026865982176,0.27829731340178243,0.018531236415336612,10
2019-08-13,10867.05475827,194247026152.71277,77839674819.89072,272086700972.6035,0.7139159152518505,0.2860840847481495,0.01919541522391335,10
2019-08-14,10024.3795917008,179203376208.94943,69837000367.83365,249040376576.78308,0.7195755912041765,0.28042440879582353,0.018592852798399798,10
2019-08-15,10310.0858696669,184331110834.93024,70759161030.57175,255090271865.50198,0.7226112916298119,0.27738870837018814,0.018236185308898447,10
2019-08-16,10373.3219028054,185480750975.0089,69694767509.0932,255175518484.1021,0.7268751801774617,0.27312481982253833,0.01788992365394827,10
2019-08-17,10207.1555616598,182525936050.27747,69834197527.9052,252360133578.18268,0.7232756357443036,0.27672436425569635,0.01817819522686297,10
2019-08-18,10331.3099760374,184762356323.27872,73698313615.70491,258460669938.98364,0.7148567569947748,0.2851432430052252,0.01884622206869898,10
2019-08-19,10884.6297744009,194679955535.78104,74757155067.9039,269437110603.68494,0.7225432127727045,0.2774567872272955,0.018628748911983316,10
2019-08-20,10771.3923793688,192675218123.9638,72589761654.31705,265264979778.28085,0.7263500002337644,0.2736499997662356,0.018262989138775165,10
2019-08-21,10096.8302238457,180626030877.0156,69590956422.11473,250216987299.1303,0.7218775704508029,0.2781224295491971,0.018470874570954067,10
2019-08-22,10119.7145248393,181053252826.25583,71429607761.66907,252482860587.9249,0.7170912607876037,0.28290873921239634,0.018932954358550098,10
2019-08-23,10414.1441725891,186340852608.8203,72681223261.38763,259022075870.20795,0.719401433189783,0.280598566810217,0.01868845884665074,10
2019-08-24,10147.0871548802,181582680924.55023,71458117891.80571,253040798816.35596,0.7176023857573008,0.28239761424269916,0.01883440521792102,10
2019-08-25,10100.3567783752,180766007715.36856,70380574928.04819,251146582643.41675,0.7197629599922687,0.2802370400077313,0.018447317553603904,10
2019-08-26,10362.6434723553,185477896690.726,70896933417.60179,256374830108.32782,0.7234637527106493,0.27653624728935067,0.018197075474035724,10
2019-08-27,10168.221571654,182015155352.97937,70403432368.62369,252418587721.60306,0.7210845960113171,0.27891540398868286,0.018379152321426933,10
2019-08-28,9724.79997808299,174096090423.8244,66021893648.98154,240117984072.80594,0.7250439449426532,0.27495605505734677,0.01780764621145323,10
2019-08-29,9482.31173495032,169774555309.59164,64550755737.90975,234325311047.5014,0.7245250397861445,0.27547496021385554,0.017794804375347507,10
2019-08-30,9577.67882349503,171501195666.0512,64572479256.15588,236073674922.2071,0.7264731898741598,0.27352681012584024,0.017579670304803195,10
2019-08-31,9605.02446142607,172010786445.15015,65229729079.07463,237240515524.2248,0.7250481059909264,0.2749518940090736,0.017925785672772934,10
2019-09-01,9762.93655689655,174856193400.15393,65282819456.501,240139012856.65494,0.7281457157672669,0.27185428423273306,0.017536883445002826,10
2019-09-02,10377.3383845704,185879583769.6674,67119578138.23147,252999161907.89886,0.7347043459271794,0.26529565407282063,0.017208670277973195,10
2019-09-03,10618.7815058445,190226097714.498,67646284761.68433,257872382476.1823,0.7376753411430854,0.2623246588569146,0.01687893039105081,10
2019-09-04,10577.2410839275,189499919032.44812,66200717474.088165,255700636506.5363,0.741100693457226,0.25889930654277404,0.0165194093517565,10
2019-09-05,10580.1846995909,189574477943.65216,65721603733.60377,255296081677.25592,0.7425671271496885,0.25743287285031147,0.016497021999019444,10
2019-09-06,10330.8497312098,185127327372.9537,64209116349.23172,249336443722.18542,0.7424800186017952,0.25751998139820476,0.016381102018992597,10
2019-09-07,10494.5069649328,188079718442.25552,66972587804.37633,255052306246.63184,0.7374162626092281,0.2625837373907719,0.016988648917475625,10
2019-09-08,10407.2656573933,186539229374.468,67849458780.97174,254388688155.43973,0.7332842931305439,0.2667157068694561,0.01744979385049496,10
2019-09-09,10332.4644424313,185217353459.46936,67260923207.545395,252478276667.01477,0.7335971866749803,0.2664028133250197,0.01755517695533004,10
2019-09-10,10085.9519243133,180821372958.31525,66831540783.90424,247652913742.21948,0.7301403008992302,0.2698596991007698,0.017806530014907517,10
2019-09-11,10142.1480603741,181852186603.98663,65934668249.460014,247786854853.44666,0.7339057058193945,0.2660942941806055,0.017556325798048857,10
2019-09-12,10403.3599707773,186556352212.0695,66208237777.850945,252764589989.92044,0.7380636354938358,0.2619363645061642,0.017383471175691504,10
2019-09-13,10345.3387469316,185535294724.80197,66187158113.444466,251722452838.24643,0.7370629541895675,0.26293704581043253,0.017545414793808115,10
2019-09-14,10363.4528963179,185880236553.63385,68021384271.543,253901620825.17685,0.7320955098652997,0.2679044901347003,0.018198177034585983,10
2019-09-15,10306.1696674459,184871734710.72015,67806539156.16171,252678273866.88187,0.7316487162965023,0.2683512837034977,0.018381572837339034,10
2019-09-16,10257.822761543,184025389806.38568,68975017213.19472,253000407019.58038,0.7273719120623527,0.27262808793764726,0.01924682656750916,10
2019-09-17,10195.6111811806,182928175635.3786,73918518664.27307,256846694299.65167,0.7122076308366437,0.28779236916335627,0.020527222839419868,10
2019-09-18,10161.3188664524,182335008771.54584,79582966277.81676,261917975049.3626,0.6961530942547257,0.3038469057452743,0.020737585972072602,10
2019-09-19,10268.3926291642,184275340089.0727,79066634118.10077,263341974207.17346,0.6997568110585427,0.3002431889414573,0.02157710647163383,10
2019-09-20,10170.1251161309,182531039220.80652,76425579085.22154,258956618306.02808,0.7048711109020437,0.2951288890979563,0.021356233837273916,10
2019-09-21,9986.4061081239,179254415005.12704,75486242721.3615,254740657726.48853,0.7036741468948785,0.2963258531051215,0.021579337699056882,10
2019-09-22,10047.0134748685,180363155234.70972,73357205491.1505,253720360725.86023,0.7108737931741651,0.2891262068258349,0.021006421699162035,10
2019-09-23,9692.74104792519,174017098072.72244,70075059058.39404,244092157131.1165,0.7129155648341764,0.2870844351658236,0.020760559270041078,10
2019-09-24,8613.67124850965,154661092904.12317,59767142150.29498,214428235054.41815,0.7212720510658164,0.2787279489341836,0.019554766290831384,10
2019-09-25,8424.15764640561,151274745517.82642,61389673354.76895,212664418872.59537,0.7113307732425764,0.28866922675742357,0.02016185260413539,10
2019-09-26,8091.69529924021,145321930429.69052,60469674424.338425,205791604854.02893,0.706160635331891,0.293839364668109,0.02055621371455947,10
2019-09-27,8186.77963927528,147043095582.4701,61330794829.83979,208373890412.30988,0.70566948330962,0.29433051669038,0.021263996564076012,10
2019-09-28,8201.97901344243,147332393618.44443,61383830549.642235,208716224168.08667,0.7058981361209005,0.29410186387909953,0.021189871380738433,10
2019-09-29,8064.50806236119,144876708488.21005,60463186344.177025,205339894832.3871,0.7055458395284981,0.29445416047150186,0.0210618345940552,10
2019-09-30,8282.3654541204,148803916514.7677,63869748116.86271,212673664631.6304,0.6996819130027653,0.3003180869972347,0.02167360628207671,10
2019-10-01,8314.55139012273,149397042721.8758,62527581574.69632,211924624296.5721,0.70495367500478,0.29504632499522,0.021244099803826903,10
2019-10-02,8362.53073232028,150274613052.58777,63774672570.0404,214049285622.62817,0.7020561298089262,0.2979438701910738,0.021612049078275613,10
2019-10-03,8254.33991028638,148345592160.90897,62399338696.6144,210744930857.52338,0.7039106068045821,0.29608939319541794,0.021257558469143203,10
2019-10-04,8165.68615125658,146767326338.79993,63101140532.48992,209868466871.28986,0.6993300543278415,0.30066994567215855,0.021578599281466843,10
2019-10-05,8141.63371379311,146351095556.08783,63210533082.09762,209561628638.18546,0.6983678095419246,0.30163219045807543,0.021639982767661527,10
2019-10-06,7854.60981297487,141206285787.88336,62454363235.08657,203660649022.96994,0.6933410379732089,0.3066589620267911,0.02162487485459915,10
2019-10-07,8226.02342928112,147899313786.38907,67169407336.81904,215068721123.2081,0.6876839784696578,0.3123160215303422,0.02200353208117095,10
2019-10-08,8190.1151207481,147270287407.1788,67123357379.06811,214393644786.24692,0.6869153586805666,0.31308464131943337,0.022059356568268775,10
2019-10-09,8598.3319207481,154625456579.23492,69931401155.30879,224556857734.5437,0.688580425194687,0.311419574805313,0.022589164188156513,10
2019-10-10,8578.09037931034,154278819679.684,67846917925.231926,222125737604.91592,0.6945562515321485,0.3054437484678515,0.022332954216690723,10
2019-10-11,8289.85402893045,149110991493.22113,65920099154.822205,215031090648.04333,0.6934392186908529,0.3065607813091471,0.021822117957796882,10
2019-10-12,8323.7501440678,149734524822.10382,66410275802.18602,216144800624.28986,0.6927509909543343,0.30724900904566566,0.021663289007490084,10
2019-10-13,8291.25065143191,149164613949.68323,67028716318.687584,216193330268.37082,0.6899593699977621,0.3100406300022379,0.021887481784475915,10
2019-10-14,8346.36843658679,150170300737.75723,70035095132.03835,220205395869.7956,0.6819555903459825,0.3180444096540175,0.0223475175526308,10
2019-10-15,8160.71262752776,146845534512.75482,67775468823.79574,214621003336.55057,0.6842085920290105,0.3157914079709895,0.022091569459970394,10
2019-10-16,8003.85592314436,144037329738.8034,66474891813.04529,210512221551.8487,0.6842231233749406,0.3157768766250594,0.02186392134116327,10
2019-10-17,8072.48938229106,145287592860.18317,69068927889.50023,214356520749.6834,0.6777848061354007,0.3222151938645993,0.021935021711396982,10
2019-10-18,7959.33199357101,143266919855.44705,67436805371.162,210703725226.60907,0.6799448832780027,0.32005511672199727,0.021751898132372636,10
2019-10-19,7948.47733722969,143085646028.75168,66833245408.9776,209918891437.72928,0.681623483473839,0.31837651652616095,0.021590692839442743,10
2019-10-20,8213.70903927528,147875242280.4089,67991543805.633385,215866786086.0423,0.6850300824948,0.3149699175052,0.02132871346467909,10
2019-10-21,8211.65455873758,147854575170.57556,68222485721.60711,216077060892.18268,0.684267800386046,0.31573219961395405,0.021213552715284384,10
2019-10-22,8029.20537288136,144586456293.4322,67302264766.52474,211888721059.95694,0.6823697626289386,0.31763023737106144,0.021329842008489697,10
2019-10-23,7458.03585680889,134316744655.84584,63266632491.50768,197583377147.35352,0.6797977977452792,0.32020220225472085,0.021630837057403794,10
2019-10-24,7454.37113816482,134263137184.01082,64173307157.24636,198436444341.25717,0.6766052356446906,0.32339476435530945,0.021601347941498303,10
2019-10-25,8656.65517755699,155932804286.95422,70413708115.93443,226346512402.88867,0.6889118927947051,0.3110881072052949,0.020927476116478515,10
2019-10-26,9249.64676095851,166630581069.47726,69545962178.98474,236176543248.462,0.7055339991752647,0.2944660008247353,0.019429996299576542,10
2019-10-27,9558.15604400935,172202055438.67203,71132342052.6449,243334397491.31693,0.7076765850369217,0.29232341496307834,0.019310469898229928,10
2019-10-28,9319.17814167154,167912181263.83615,70867064909.03754,238779246172.8737,0.7032109530250777,0.29678904697492225,0.019616989594150994,10
2019-10-29,9431.20712390415,169946389584.88412,72849234802.89162,242795624387.77576,0.6999565581686841,0.3000434418313159,0.020233941735579828,10
2019-10-30,9182.85506516657,165486571120.74417,70836129705.71062,236322700826.45477,0.7002567698406189,0.2997432301593811,0.019958607916417494,10
2019-10-31,9155.27729877265,165004691372.6371,70774681173.15735,235779372545.79443,0.6998266624896923,0.3001733375103077,0.019926274350708473,10
2019-11-01,9251.38129345412,166751798016.3744,71074416797.60793,237826214813.9823,0.7011497792486865,0.2988502207513135,0.019819988157817933,10
2019-11-02,9300.19083752192,167647144918.66403,71743815757.68394,239390960676.34796,0.7003069140330649,0.2996930859669351,0.019676883200107312,10
2019-11-03,9209.63869608416,166030720096.80835,70911458704.35838,236942178801.16675,0.7007225177756776,0.2992774822243224,0.01975180783280922,10
2019-11-04,9418.36013062537,169809075765.17932,73139999181.72816,242949074946.90747,0.6989492584085298,0.30105074159147016,0.019752316773587898,10
2019-11-05,9330.78722296902,168246968452.96805,74685742391.43839,242932710844.40643,0.692566134334733,0.307433865665267,0.02027880894204528,10
2019-11-06,9354.93338229106,168697792662.7137,75627411959.41696,244325204622.13068,0.6904641415265319,0.3095358584734681,0.020476539258835857,10
2019-11-07,9210.74822238457,166113240511.8508,72355109071.20813,238468349583.05893,0.6965840154564967,0.30341598454350327,0.02027746475461284,10
2019-11-08,8791.33393495032,158563288531.54916,69911513916.9143,228474802448.46347,0.6940077716767735,0.3059922283232265,0.020934049877716878,10
2019-11-09,8810.78456195208,158929965624.4699,70869175671.23502,229799141295.70493,0.6916038272743554,0.30839617272564457,0.02099274797577487,10
2019-11-10,9042.89072320281,163135487790.4442,72251359926.05177,235386847716.49597,0.6930526891074537,0.30694731089254634,0.020905384181030114,10
2019-11-11,8713.20792957335,157204392968.14203,70935148423.88051,228139541392.02252,0.6890712237297374,0.3109287762702626,0.02116543605819576,10
2019-11-12,8788.95814295734,158585915731.34253,70713718277.8926,229299634009.2351,0.6916099819197943,0.3083900180802057,0.021228673909069226,10
2019-11-13,8766.72943050848,158199619871.92133,70955052489.76038,229154672361.6817,0.6903617466818661,0.3096382533181339,0.02144851824138399,10
2019-11-14,8645.43580362361,156029084690.90356,69768387326.55545,225797472017.459,0.6910134258670494,0.3089865741329506,0.02137156159165959,10
2019-11-15,8465.87788854471,152805221239.1656,67930380594.88666,220735601834.05225,0.6922545342461053,0.3077454657538947,0.021260617202412704,10
2019-11-16,8477.69024284044,153034112554.8939,68231281840.2888,221265394395.18268,0.6916314816115037,0.3083685183884963,0.021501978954335907,10
2019-11-17,8505.16122326125,153546374435.2849,68591584970.59366,222137959405.87857,0.6912207839036335,0.3087792160963665,0.021613911968965314,10
2019-11-18,8183.53341350088,147754246709.6443,65574191216.46001,213328437926.1043,0.69261392501653,0.30738607498347004,0.021758617336481517,10
2019-11-19,8116.82067258913,146564658339.2131,64973915276.95547,211538573616.16858,0.6928507450615177,0.30714925493848233,0.021613782903392408,10
2019-11-20,8076.55466008182,145851914668.3435,64273528672.209435,210125443340.55295,0.6941182959550476,0.3058817040449524,0.021594569427109668,10
2019-11-21,7612.2774880187,137480717894.71863,60824545347.3988,198305263242.11743,0.6932782098015416,0.30672179019845836,0.021114350751844424,10
2019-11-22,7277.52427323203,131446951419.7561,57476579347.89498,188923530767.6511,0.695768022573202,0.304231977426798,0.020580647601408236,10
2019-11-23,7324.83617855056,132317341014.17212,58660679757.61476,190978020771.78687,0.6928406760078819,0.3071593239921181,0.020795967659855363,10
2019-11-24,6943.38065604909,125438020111.1906,54858662565.811935,180296682677.00253,0.6957311596015885,0.3042688403984115,0.02039015668792494,10
2019-11-25,7139.04468597312,128984010381.1333,55580480150.023224,184564490531.15652,0.698856047606619,0.301143952393381,0.020529671446774977,10
2019-11-26,7165.43773027469,129471791489.54346,56068180412.09765,185539971901.6411,0.6978107744792553,0.3021892255207447,0.020646732847245546,10
2019-11-27,7526.86381654004,136015452003.775,57477794993.31125,193493246997.08624,0.7029467648854082,0.2970532351145918,0.020360182674080244,10
2019-11-28,7436.3363817066,134394712380.75812,57007764874.25382,191402477255.01193,0.7021576434546327,0.2978423565453673,0.020307095417581543,10
2019-11-29,7747.73804208066,140035753824.32825,58537756279.43859,198573510103.76685,0.7052086340778837,0.2947913659221163,0.019909848290488714,10
2019-11-30,7556.19372121567,136585605232.84554,57306679088.876785,193892284321.72232,0.7044406419298834,0.2955593580701166,0.02011809327813118,10
2019-12-01,7417.72720601987,134095575599.21852,57039196692.885635,191134772292.10416,0.7015760344971936,0.29842396550280637,0.020407898426796838,10
2019-12-02,7318.31252180012,132311649481.68288,55766328493.74612,188077977975.429,0.7034935770043659,0.2965064229956341,0.020367088071102463,10
2019-12-03,7306.44623331385,132111542796.43443,55534384586.490234,187645927382.92468,0.7040469496939173,0.29595305030608265,0.02018291306497028,10
2019-12-04,7215.02034482759,130473486507.8814,54531068001.91448,185004554509.79587,0.7052447268317003,0.29475527316829975,0.020193601360625348,10
2019-12-05,7404.0867949737,133905907021.29042,55655343853.50412,189561250874.79456,0.7063991527980338,0.2936008472019662,0.019991986045273632,10
2019-12-06,7534.2083559322,136272863879.84612,56267006203.3642,192539870083.21033,0.7077643909334352,0.29223560906656476,0.01973667035844889,10
2019-12-07,7512.06140263004,135886841741.42656,56281909793.23,192168751534.65656,0.7071224673951224,0.2928775326048776,0.01963711308949227,10
2019-12-08,7528.94026943308,136206094715.73811,56971089162.27476,193177183878.01288,0.7050837577265298,0.29491624227347024,0.020034482331987465,10
2019-12-09,7340.22745908825,132805669774.6542,55660468062.32377,188466137836.97797,0.7046659484768043,0.2953340515231957,0.020077783143704096,10
2019-12-10,7232.09178375219,130862566069.28896,55283424125.911095,186145990195.20004,0.7030103948629852,0.2969896051370148,0.02014581181997639,10
2019-12-11,7200.46444599649,130302159494.60497,54642364662.31361,184944524156.91858,0.7045472694506403,0.2954527305493597,0.019877940625573888,10
2019-12-12,7192.84902425482,130176306232.1156,54428290451.737686,184604596683.85327,0.7051628646877658,0.2948371353122342,0.020121957682415207,10
2019-12-13,7244.90372004676,131132158335.25366,54806637427.903015,185938795763.15668,0.7052436679340761,0.2947563320659239,0.01995881804181764,10
2019-12-14,7071.10709029807,127999800420.60497,53616340371.9155,181616140792.52045,0.7047820742256209,0.2952179257743791,0.02005943921215099,10
2019-12-15,7111.28666995909,128738145823.27988,53895585207.05451,182633731030.33438,0.7048979676262389,0.2951020323737611,0.020011082484888865,10
2019-12-16,6882.39579532437,124607959806.08746,50566920604.189476,175174880410.27695,0.71133463607478,0.28866536392522,0.01923457834437316,10
2019-12-17,6608.96197983635,119669002105.71834,45708885483.311745,165377887589.0301,0.7236094489433802,0.2763905510566198,0.018385022760586785,10
2019-12-18,7284.6254836353,131915496849.08092,49486430604.70419,181401927453.7851,0.7272000838176783,0.2727999161823217,0.018241663667847078,10
2019-12-19,7146.16763763881,129422222016.77724,47736485507.066086,177158707523.84332,0.7305439502563466,0.26945604974365345,0.017890001211005833,10
2019-12-20,7184.21917206312,130125371827.7286,48896552181.313515,179021924009.0421,0.7268683573144716,0.27313164268552836,0.01784711180963794,10
2019-12-21,7140.29801127995,129345551109.71738,48098627147.28005,177444178256.99744,0.7289365725055378,0.2710634274944622,0.017799977108062737,10
2019-12-22,7479.40240789012,135504182500.0066,49780997359.07753,185285179859.08414,0.7313276895813376,0.26867231041866235,0.017656553495827912,10
2019-12-23,7321.7487238457,132661061513.20563,48070000678.84201,180731062192.04764,0.7340246878659846,0.2659753121340154,0.01745680101836046,10
2019-12-24,7235.62908381064,131111985464.01056,48065243026.418465,179177228490.42902,0.7317446897054448,0.2682553102945552,0.0176427570373491,10
2019-12-25,7191.17416569258,130317953564.1928,47381455376.63812,177699408940.83093,0.7333617727878045,0.26663822721219554,0.017365873807047162,10
2019-12-26,7194.63975832846,130395775601.22533,47669998855.37831,178065774456.60364,0.7322899417316383,0.2677100582683617,0.017416915102736023,10
2019-12-27,7237.15044728229,131179357399.31564,48279667245.34924,179459024644.6649,0.7309710818893357,0.2690289181106643,0.017435264110592312,10
2019-12-28,7306.64330829924,132452581795.07286,49063115735.66975,181515697530.7426,0.7297031804791422,0.2702968195208578,0.017523450412514824,10
2019-12-29,7391.578521391,134006582388.63812,50391414031.62116,184397996420.25928,0.7267247203880964,0.27327527961190357,0.018215222002645737,10
2019-12-30,7229.3971006429,131081294265.51051,49283540854.68714,180364835120.19766,0.7267563778613281,0.2732436221386719,0.018160223448359034,10
2019-12-31,7167.39505464641,129970082372.677,48614241070.31325,178584323442.99023,0.7277799073677795,0.27222009263222047,0.017929956253018044,10
2020-01-01,7170.63186879018,130044373322.33379,48878747238.241684,178923120560.57547,0.7268170425090842,0.2731829574909158,0.018124466255438704,10
2020-01-02,6946.82526914085,125997729470.88753,47412624306.74169,173410353777.6292,0.7265871196621816,0.2734128803378184,0.018242991879397662,10
2020-01-03,7315.3093603156,132696546617.9412,49906788236.50528,182603334854.44647,0.7266928981538804,0.2733071018461196,0.01829051383952592,10
2020-01-04,7343.16419438925,133217241900.65343,50036894338.62454,183254136239.27795,0.7269535336801864,0.27304646631981355,0.018255120771153793,10
2020-01-05,7345.53069181765,133275140628.50085,50350900567.05984,183626041195.5607,0.7257965142676227,0.2742034857323773,0.018376095989875944,10
2020-01-06,7765.7977346581,140913446583.57416,55488351124.25947,196401797707.83362,0.7174753399823577,0.2825246600176423,0.018541407978844984,10
2020-01-07,8136.08684190532,147650387097.9029,54640609513.856155,202290996611.75903,0.7298910459236922,0.27010895407630775,0.01760661586852922,10
2020-01-08,8059.69952887201,146278447249.1157,53630020146.64477,199908467395.76047,0.7317271206903259,0.26827287930967414,0.01747862727881789,10
2020-01-09,7817.13609322034,141891415486.24527,52636545884.79929,194527961371.04456,0.7294139849417338,0.2705860150582662,0.017586193009199547,10
2020-01-10,8129.81791992987,147582148237.8166,55156714219.17655,202738862456.99313,0.7279420750874692,0.2720579249125308,0.017686669289681503,10
2020-01-11,8032.00549503215,145822905688.42953,55200133075.90897,201023038764.3385,0.7254039466559816,0.2745960533440184,0.01778460863509061,10
2020-01-12,8164.54999316189,148244692101.63885,55978359235.36504,204223051337.0039,0.7258959805522104,0.2741040194477896,0.017814469398803278,10
2020-01-13,8121.92566762127,147485275164.18643,55228763088.29592,202714038252.48236,0.7275533378723976,0.2724466621276024,0.01771873175138059,10
2020-01-14,8830.16787346581,160362182649.78302,63299948992.84618,223662131642.6292,0.7169840574801111,0.28301594251988893,0.018804622889792438,10
2020-01-15,8811.44820251315,160038851605.64972,63173388529.516205,223212240135.16592,0.7169806257431867,0.28301937425681334,0.018822533544654574,10
2020-01-16,8718.68699801286,158371394895.9236,62252783170.24383,220624178066.16745,0.717833359353871,0.28216664064612895,0.0188162430068652,10
2020-01-17,8912.54190414962,161910403912.36755,66530231425.119644,228440635337.48718,0.7087635860982829,0.29123641390171706,0.0191903055466344,10
2020-01-18,8928.1807565751,162209239871.51685,66736067221.039536,228945307092.5564,0.7085065072154549,0.29149349278454506,0.01960925558617148,10
2020-01-19,8687.35483664524,157850148001.62515,64278616945.65294,222128764947.27808,0.7106245246494332,0.28937547535056685,0.019199379509566034,10
2020-01-20,8636.2587862069,156938136300.68027,64650450303.24781,221588586603.92807,0.7082410637926703,0.29175893620732973,0.01932867172910269,10
2020-01-21,8730.86756019871,158674065182.0027,65335838841.075005,224009904023.0777,0.7083350438186695,0.2916649561813305,0.019376272468378357,10
2020-01-22,8647.90047399182,157183091622.76913,64881112655.54321,222064204278.31235,0.7078272346216236,0.29217276537837644,0.019374092795710462,10
2020-01-23,8366.38461396844,152082924891.57297,61813927617.501114,213896852509.0741,0.7110105787326683,0.28898942126733174,0.019381911432607334,10
2020-01-24,8423.39095815313,153135182382.82776,61434008563.76859,214569190946.59634,0.7136867213193773,0.28631327868062273,0.01926155292010364,10
2020-01-25,8344.77456896552,151723062490.33075,60698813860.108475,212421876350.4392,0.7142534709562038,0.28574652904379616,0.019236164361994674,10
2020-01-26,8573.87480958504,155903844151.0003,63675408795.28994,219579252946.29025,0.7100117249653585,0.28998827503464153,0.01949633236865027,10
2020-01-27,8901.95928486265,161883952905.72916,65008899455.12495,226892852360.8541,0.7134819419003393,0.2865180580996607,0.019089540654850898,10
2020-01-28,9297.3883176505,169091413723.46133,67232340141.0591,236323753864.52045,0.7155074805573627,0.2844925194426373,0.018852196175727576,10
2020-01-29,9311.94754354179,169374825966.0464,67340582722.80292,236715408688.8493,0.7155209156184725,0.28447908438152747,0.01875835058815912,10
2020-01-30,9508.92096493279,172976113948.88013,70386586732.38463,243362700681.26477,0.7107749604382848,0.2892250395617152,0.01937725107367199,10
2020-01-31,9357.28478240795,170234553906.81723,68604426214.08441,238838980120.90164,0.712758670383886,0.28724132961611404,0.019253840676829725,10
2020-02-01,9381.88602863822,170699826042.5783,69729527262.65517,240429353305.23346,0.7099791422966102,0.2900208577033898,0.019565629671477163,10
2020-02-02,9339.38706312098,169943267782.81882,71346077419.74149,241289345202.5603,0.7043131873069362,0.29568681269306385,0.020172427511539956,10
2020-02-03,9279.81252051432,168876392941.6707,71843632017.56038,240720024959.23108,0.7015469235277455,0.2984530764722545,0.020403606608348054,10
2020-02-04,9161.62719772063,166740743006.20743,72734285757.16405,239475028763.37146,0.6962761164169907,0.3037238835830093,0.020550570539657663,10
2020-02-05,9628.13677586207,175250308848.13208,78066809824.43433,253317118672.5664,0.6918218151480626,0.3081781848519374,0.021304754250694138,10
2020-02-06,9739.2804364699,177289768826.43756,79708080913.07364,256997849739.5112,0.6898492302800804,0.3101507697199196,0.021854760637809754,10
2020-02-07,9800.27939982466,178417196310.33414,81005421545.2745,259422617855.60864,0.6877472665457369,0.3122527334542631,0.02274048224823563,10
2020-02-08,9911.29340841613,180455462436.1386,81365374103.26123,261820836539.39984,0.6892326249556648,0.31076737504433516,0.022597795300095348,10
2020-02-09,10151.0832026885,184840742312.64767,82882884960.09694,267723627272.74463,0.6904162482616462,0.30958375173835384,0.022506667373814532,10
2020-02-10,9872.36187305669,179780570081.514,81006636879.15465,260787206960.66864,0.6893764927227742,0.31062350727722576,0.022703769827426067,10
2020-02-11,10272.2225558738,187081233587.23752,84821656293.61772,271902889880.85522,0.6880443001882562,0.31195569981174376,0.02313516262338297,10
2020-02-12,10360.1352229106,188700718413.703,91911768402.4678,280612486816.1708,0.672460162249732,0.32753983775026796,0.025738028467005944,10
2020-02-13,10235.4973226184,186448589139.1426,94106204928.88896,280554794068.03156,0.6645710324020726,0.3354289675979274,0.026177526447899828,10
2020-02-14,10361.6156901812,188763431392.39105,98449490206.59293,287212921598.984,0.6572247179601086,0.3427752820398914,0.027489018856779856,10
2020-02-15,9911.72432700175,180585098507.11853,90638651232.7447,271223749739.86322,0.6658159496737353,0.33418405032626475,0.026739428753284094,10
2020-02-16,9952.04661157218,181337408895.616,87872277775.49246,269209686671.10846,0.6735916940357151,0.32640830596428494,0.026238692474391565,10
2020-02-17,9683.0796277031,176455532970.7746,86789228868.63951,263244761839.41412,0.6703097593957705,0.32969024060422947,0.027533413296482255,10
2020-02-18,10195.3037904734,185808950969.89783,91347050674.3059,277156001644.20374,0.6704128716953719,0.3295871283046281,0.027813294644137544,10
2020-02-19,9636.00229865576,175632690004.13687,84412724645.99239,260045414650.12927,0.675392374214469,0.32460762578553104,0.027093947566311682,10
2020-02-20,9614.03012244302,175247351456.81827,83085478622.08371,258332830078.90198,0.6783781658850441,0.32162183411495593,0.02690150412649051,10
2020-02-21,9701.79750268849,176865876880.39227,84861259827.04529,261727136707.43756,0.6757643823463959,0.3242356176536041,0.027408261621202995,10
2020-02-22,9675.24905756868,176399792167.0473,84015306002.59613,260415098169.64343,0.6773792817962281,0.3226207182037719,0.027054949618982027,10
2020-02-23,9972.84242308591,181843236236.80328,87913710000.71503,269756946237.5183,0.6741002920336002,0.3258997079663998,0.027572845925848966,10
2020-02-24,9648.00788310929,175937259068.28143,83464211887.49724,259401470955.7787,0.6782431048676445,0.3217568951323555,0.027401218024210888,10
2020-02-25,9344.28714009351,170415547339.4431,78527297262.18484,248942844601.62796,0.6845569215381605,0.3154430784618395,0.026597762726810092,10
2020-02-26,8798.88894856809,160483857843.0548,71444720330.21567,231928578173.27048,0.691953786407295,0.308046213592705,0.02565171108294155,10
2020-02-27,8779.02948188194,160137770415.14587,72701249595.92441,232839020011.07028,0.6877617437469551,0.3122382562530449,0.02578860482256467,10
2020-02-28,8750.59344599649,159636352746.77155,72854720039.65172,232491072786.42328,0.6866343332391978,0.31336566676080224,0.02613238974933218,10
2020-02-29,8582.09029964933,156577275161.4932,70641662359.69904,227218937521.19223,0.6891031041234825,0.3108968958765175,0.02564669987484326,10
2020-03-01,8541.77389392169,155860614930.0949,69788465741.98784,225649080672.08276,0.6907212494102483,0.30927875058975174,0.025594644774192883,10
2020-03-02,8906.21475645821,162527106819.9153,73929448370.7012,236456555190.61652,0.6873444751358071,0.3126555248641929,0.025958831887731924,10
2020-03-03,8768.81061420222,160036426101.82803,72805205091.68121,232841631193.50925,0.6873187809306553,0.31268121906934465,0.0255774220570208,10
2020-03-04,8756.36957218001,159827648015.21225,72550942314.02136,232378590329.2336,0.6877899026272976,0.31221009737270244,0.025599196673766075,10
2020-03-05,9062.61580274693,165435942800.14697,74072316958.22495,239508259758.37192,0.6907316806821073,0.30926831931789267,0.025137731842883974,10
2020-03-06,9147.08505897136,166995631895.5666,76997373674.09949,243993005569.66608,0.684427947045741,0.31557205295425905,0.026711267516059845,10
2020-03-07,8898.30695675044,162471226444.75668,74259079237.57573,236730305682.3324,0.6863135920703632,0.31368640792963676,0.02675338733063382,10
2020-03-08,8109.61454114553,148086770498.23337,64100847815.959175,212187618314.19254,0.6979048620968866,0.3020951379031134,0.02500315569480028,10
2020-03-09,7896.38531987142,144207873678.32483,63914181577.44469,208122055255.76953,0.6929004881347246,0.3070995118652754,0.025347180126624718,10
2020-03-10,7909.92787545295,144468246215.19913,64368211665.339455,208836457880.53857,0.6917769420214922,0.3082230579785078,0.02539227837401129,10
2020-03-11,7939.34133477499,145017268327.98505,62569547326.104294,207586815654.08936,0.6985861210455361,0.3014138789544639,0.024465002972033304,10
2020-03-12,4959.31341437756,90594467680.79959,38430864089.60907,129025331770.40866,0.7021448148027704,0.29785518519722964,0.02224666852403746,10
2020-03-13,5627.69238836938,102812902144.09328,45742142913.31016,148555045057.40344,0.6920862371544847,0.3079137628455153,0.02394586917355208,10
2020-03-14,5145.17250642899,94005928118.49551,41347575961.91658,135353504080.4121,0.6945215697012733,0.3054784302987267,0.023726736295826046,10
2020-03-15,5358.61066335476,97913564614.60316,42943286907.31503,140856851521.9182,0.6951281642083786,0.30487183579162136,0.02309455600496348,10
2020-03-16,5012.92738778492,91604630050.69981,38934262447.587814,130538892498.28763,0.7017420501855526,0.2982579498144474,0.02201289789404676,10
2020-03-17,5416.7547106955,98992369512.90936,41662233158.20691,140654602671.11627,0.7037975838186891,0.29620241618131093,0.021744286026338794,10
2020-03-18,5392.48783594389,98555627712.75357,41257029983.9087,139812657696.66226,0.7049120540042948,0.2950879459957052,0.021823571464409237,10
2020-03-19,6203.5516320865,113387305928.47572,47418244959.70761,160805550888.18335,0.7051205962866292,0.29487940371337085,0.022141752197283517,10
2020-03-20,6174.14947603741,112858311337.38544,45214229092.667336,158072540430.05276,0.7139653163689448,0.2860346836310552,0.021303715397844383,10
2020-03-21,6175.83102220924,112898621139.26904,45801903898.24621,158700525037.51526,0.7113941249569332,0.2886058750430668,0.021456486253300933,10
2020-03-22,5830.56097960257,106596093106.52202,42435016395.13783,149031109501.65985,0.7152606825713446,0.28473931742865544,0.021000047156943043,10
2020-03-23,6486.40865733489,118595581239.08948,46302182361.17748,164897763600.26697,0.7192067293682658,0.2807932706317342,0.02090367378389902,10
2020-03-24,6775.05761893629,123884332494.96886,47686417434.90381,171570749929.87268,0.7220597482123554,0.2779402517876446,0.02057765410542097,10
2020-03-25,6689.96901285798,122336150605.96745,46825446365.53762,169161596971.50507,0.7231910362407771,0.2768089637592229,0.020343220083639296,10
2020-03-26,6754.46033606078,123528980419.07896,49211593248.02282,172740573667.10178,0.7151127138036413,0.2848872861963587,0.02052099036661983,10
2020-03-27,6490.79541502046,118719519155.59431,48185425949.891426,166904945105.48575,0.711300189940821,0.288699810059179,0.020595567442916796,10
2020-03-28,6231.81989023963,113993258453.11453,47325609995.65887,161318868448.7734,0.7066331393795571,0.2933668606204429,0.021025602282894868,10
2020-03-29,5904.85758679135,108023566970.573,44805242514.297676,152828809484.87067,0.7068272489635982,0.29317275103640184,0.021199282731305648,10
2020-03-30,6436.90570017534,117768692186.59364,47382777790.593254,165151469977.1869,0.7130950284781695,0.2869049715218305,0.02064692675406116,10
2020-03-31,6432.3832421391,117698734312.41174,47931753882.30605,165630488194.7178,0.7106103205711938,0.2893896794288062,0.020755624835546747,10
2020-04-01,6643.11000870836,121567284407.78577,48405592450.77236,169972876858.55814,0.7152157841568288,0.28478421584317115,0.020450482735915834,10
2020-04-02,6792.74222209234,124318508345.339,49580488777.98801,173898997123.32703,0.7148891621104281,0.2851108378895719,0.020779788489590823,10
2020-04-03,6751.90255178258,123582214925.00829,49970957059.3895,173553171984.3978,0.7120711970399375,0.2879288029600625,0.020990707462526303,10
2020-04-04,6859.98916867329,125574021300.844,50586593144.093376,176160614444.93738,0.712838233997502,0.287161766002498,0.021040307666854434,10
2020-04-05,6790.81247264758,124322577425.2926,50162531515.744835,174485108941.03745,0.7125111029807367,0.2874888970192633,0.021053833181088756,10
2020-04-06,7298.17374517826,133622754419.986,56818380944.72808,190441135364.71408,0.7016485916453127,0.2983514083546873,0.023240022810545494,10
2020-04-07,7187.59333664524,131613224221.5547,55672027620.21428,187285251841.76898,0.7027420628547425,0.2972579371452575,0.02284732201808419,10
2020-04-08,7372.19476399766,135006761796.008,58972663150.75498,193979424946.76297,0.6959849573379248,0.30401504266207524,0.02350653908154128,10
2020-04-09,7299.57918790181,133691006813.91692,58325174102.132484,192016180916.0494,0.6962486503799771,0.3037513496200229,0.02332786596679915,10
2020-04-10,6859.82267475161,125650890516.87971,54215663074.7048,179866553591.58453,0.6985784072017632,0.30142159279823677,0.022967153184305714,10
2020-04-11,6883.18222895967,126092446156.63509,54679964953.29743,180772411109.93253,0.6975204091289954,0.3024795908710046,0.023017209781444867,10
2020-04-12,6978.66628661601,127854957413.5737,55450750620.227,183305708033.8007,0.6974957778728738,0.30250422212712624,0.023020058093261346,10
2020-04-13,6863.57553319696,125761070198.93243,54299071268.27647,180060141467.2089,0.6984392502092698,0.3015607497907302,0.022903314434212542,10
2020-04-14,6875.53850344828,125994705942.76488,54138016758.065155,180132722700.83002,0.6994548467022328,0.3005451532977672,0.023126357065065935,10
2020-04-15,6625.47577510228,121426285928.7838,52212629079.80801,173638915008.5918,0.6993034131938427,0.3006965868061573,0.023085306765618627,10
2020-04-16,7127.79228223261,130646051882.06584,56989709572.56963,187635761454.63547,0.6962747978809574,0.30372520211904264,0.02426704279226206,10
2020-04-17,7081.39519842197,129806876584.3978,56722177568.51719,186529054152.91498,0.6959070112368831,0.30409298876311686,0.024321791935802497,10
2020-04-18,7262.79234360023,133146355855.414,59913207380.64182,193059563236.05582,0.6896646486898691,0.3103353513101309,0.025900425897392176,10
2020-04-19,7150.2442154588,131096633928.62564,57927411392.65557,189024045321.28122,0.6935447482662999,0.30645525173370014,0.0253461013241669,10
2020-04-20,6853.27341478667,125665595004.13223,55342064678.21979,181007659682.35202,0.6942556752828093,0.3057443247171907,0.024953588299474163,10
2020-04-21,6870.42369865576,125992868717.38625,55822687014.729454,181815555732.1157,0.692970786850726,0.307029213149274,0.02496050322752102,10
2020-04-22,7123.65691992987,130648436527.64308,58500015371.23058,189148451898.87366,0.6907190369049014,0.30928096309509856,0.02563034775973468,10
2020-04-23,7488.60516528346,137354908752.06412,60455235889.517,197810144641.58112,0.6943774749315417,0.30562252506845833,0.024790508021165364,10
2020-04-24,7506.44331648159,137695605129.5817,60833891645.55711,198529496775.1388,0.6935775658845315,0.30642243411546854,0.024994772279024795,10
2020-04-25,7537.73820911748,138282481992.70456,61680565746.308495,199963047739.01306,0.6915401798295628,0.30845982017043716,0.02570866705005737,10
2020-04-26,7684.06852168322,140980122465.1078,62712642484.3357,203692764949.44348,0.6921214040179534,0.3078785959820466,0.025645586021619943,10
2020-04-27,7777.49151858562,142707868307.3903,63161260971.7568,205869129279.1471,0.6931970267085861,0.3068029732914139,0.02527366416400562,10
2020-04-28,7769.89969842197,142583524348.09668,65337299348.90684,207920823697.0035,0.6857587509170278,0.31424124908297224,0.025414280779693398,10
2020-04-29,8761.83716954997,160802206508.21957,69743325852.06738,230545532360.28696,0.6974856760916303,0.30251432390836974,0.024582053729933977,10
2020-04-30,8652.4109912332,158808556147.54883,66287266226.76654,225095822374.31537,0.7055153421881974,0.29448465781180255,0.0239106609120949,10
2020-05-01,8855.53525827002,162552358585.9274,68315550921.07986,230867909507.00726,0.704092478391821,0.295907521608179,0.024020413398358694,10
2020-05-02,8977.28170537697,164803746448.9257,69745308250.0628,234549054698.9885,0.7026408469666555,0.2973591530333445,0.02385286299679455,10
2020-05-03,8896.7956383986,163344877181.00287,68152731464.95109,231497608645.95395,0.7056007106786922,0.29439928932130777,0.023614184684661785,10
2020-05-04,8881.95430450029,163089932635.14145,67544915584.04638,230634848219.18784,0.7071348232689715,0.2928651767310285,0.023301395109381833,10
2020-05-05,8985.8795993571,165015950017.1822,66912770415.48297,231928720432.66516,0.7114942457723366,0.28850575422766345,0.02280081930123531,10
2020-05-06,9266.8130730567,170192827716.01007,66253477041.07693,236446304757.087,0.719794829912261,0.28020517008773904,0.021877648116081894,10
2020-05-07,9993.75317685564,183562058560.50375,68487390347.25159,252049448907.75534,0.7282779603604034,0.2717220396395966,0.0213124107683761,10
2020-05-08,9859.32360461718,181109783310.85468,68820307403.29942,249930090714.1541,0.7246417699979574,0.2753582300020426,0.021544391622619084,10
2020-05-09,9577.33892238457,175946177530.54236,68486987112.666565,244433164643.20892,0.7198130326846818,0.2801869673153182,0.02200766547327284,10
2020-05-10,8715.03329322034,160123200654.1847,61571604613.966835,221694805268.15152,0.7222686181595788,0.27773138184042123,0.021519422879966436,10
2020-05-11,8591.65288433665,157871609470.3379,60503457112.5018,218375066582.8397,0.722937888197277,0.277062111802723,0.021615790907414063,10
2020-05-12,8817.25068112215,162025014405.08948,62573355279.229065,224598369684.31854,0.7213988891941724,0.2786011108058276,0.021528077890008143,10
2020-05-13,9322.99720204559,171325501477.10483,64543769343.958336,235869270821.06317,0.7263578713781542,0.2736421286218458,0.021445680849935034,10
2020-05-14,9801.26948772647,180121529585.91864,65238261112.618904,245359790698.53754,0.7341118488612741,0.2658881511387259,0.02076597090671242,10
2020-05-15,9326.87585891292,171410710236.33826,63100477507.577736,234511187743.916,0.730927645223976,0.269072354776024,0.020920400706036433,10
2020-05-16,9395.4753893045,172678841534.62964,64226635151.936874,236905476686.56653,0.7288934133130626,0.27110658668693743,0.02137409315628591,10
2020-05-17,9682.5324811806,177960818089.3417,65296157728.76867,243256975818.11038,0.7315753946657944,0.26842460533420565,0.02138620007297837,10
2020-05-18,9726.85002209235,178783137073.02304,67085491128.37229,245868628201.39532,0.727149040448457,0.27285095955154304,0.022077873308453497,10
2020-05-19,9754.20146201052,179292877588.7186,67016154351.46241,246309031940.181,0.7279184046822202,0.27208159531777976,0.021920858163259803,10
2020-05-20,9515.702550263,174915846484.68948,66244090607.73603,241159937092.4255,0.7253105494784248,0.27468945052157523,0.02204827147498944,10
2020-05-21,9068.80122933957,166708415917.14926,63085758242.41832,229794174159.56757,0.7254684176692314,0.2745315823307686,0.021934272452755706,10
2020-05-22,9161.81503389831,168424610263.70425,65338730665.57825,233763340929.2825,0.7204919710428661,0.2795080289571339,0.022600726701832392,10
2020-05-23,9183.66212507305,168833062758.505,64989498947.97157,233822561706.47656,0.7220563384744945,0.27794366152550554,0.02252981375351091,10
2020-05-24,8806.23065715956,161900721760.6346,63254683475.788734,225155405236.42334,0.7190621144121836,0.2809378855878164,0.0229810362968417,10
2020-05-25,8909.19258153127,163800615663.85913,64049029729.61317,227849645393.4723,0.7188978301063087,0.2811021698936913,0.02293050050645658,10
2020-05-26,8835.13725336061,162445913210.84167,63155191148.43921,225601104359.28088,0.7200581471983335,0.2799418528016665,0.022734280569462455,10
2020-05-27,9169.05743921683,168593394454.69797,64670828893.16262,233264223347.8606,0.7227571894009619,0.2772428105990381,0.022630243640034537,10
2020-05-28,9568.26185300994,175941484285.8252,67400579284.656265,243342063570.48145,0.7230212553649428,0.27697874463505723,0.022927734878210287,10
2020-05-29,9432.41333343074,173450984634.78247,67018983332.82266,240469967967.60513,0.7212999864421693,0.2787000135578307,0.023407034710607358,10
2020-05-30,9691.68049117475,178228052044.65002,72107659335.19722,250335711379.84723,0.7119561610377492,0.28804383896225083,0.025132112176788658,10
2020-05-31,9433.94384663939,173497171389.7032,69376096834.71147,242873268224.41467,0.7143526854894214,0.28564731451057856,0.02453311692543869,10
2020-06-01,10199.1350542373,187578142707.61475,73975977161.11484,261554119868.72958,0.7171676087601206,0.28283239123987935,0.02442118391676852,10
2020-06-02,9512.34653302163,174954690421.54977,71735903611.56671,246690594033.1165,0.7092069768905065,0.2907930231094935,0.02493387217661856,10
2020-06-03,9642.27340035067,177352731439.34332,73395614247.77219,250748345687.1155,0.7072937249230931,0.29270627507690694,0.02529840519163692,10
2020-06-04,9813.36067913501,180508843644.39648,73566512619.70221,254075356264.0987,0.7104539625510414,0.28954603744895857,0.024828167836818987,10
2020-06-05,9641.8916225599,177365595706.9578,72492885304.37875,249858481011.33655,0.7098642198937821,0.2901357801062179,0.024923841238282084,10
2020-06-06,9668.67053857393,177870046318.47617,72788111557.61612,250658157876.0923,0.7096120382660858,0.29038796173391423,0.025031331797548604,10
2020-06-07,9747.58011104617,179331395772.25357,72809377072.16861,252140772844.42218,0.7112352109863088,0.2887647890136912,0.025071314182522182,10
2020-06-08,9769.34236148451,179741658882.79865,73359509190.1418,253101168072.94043,0.7101573661287863,0.2898426338712137,0.025177570246170657,10
2020-06-09,9779.42216566335,179936892008.73267,72651256891.43158,252588148900.16425,0.7123726619488111,0.2876273380511889,0.024983699121615743,10
2020-06-10,9888.44417469316,181952982732.76923,73304828170.49643,255257810903.26566,0.7128204307985836,0.2871795692014164,0.025049934566861453,10
2020-06-11,9277.45116931619,170721091857.55527,67611071833.51217,238332163691.06744,0.716315788912354,0.28368421108764597,0.02488877566920627,10
2020-06-12,9456.16153331385,174019304039.34656,69431868877.8077,243451172917.15424,0.7148016661992622,0.2851983338007378,0.02508020213995244,10
2020-06-13,9461.33379865576,174123830972.77356,69714296765.20628,243838127737.97986,0.714095997160383,0.28590400283961703,0.02516457118593049,10
2020-06-14,9342.955635301,171955158128.0987,68138556814.64039,240093714942.73907,0.7162001644612354,0.28379983553876464,0.02484623561866483,10
2020-06-15,9441.38321127995,173774840415.629,68280243357.03884,242055083772.66785,0.7179144420649063,0.2820855579350937,0.024487708481805915,10
2020-06-16,9520.09194827586,175232451346.34097,68836454501.77469,244068905848.11566,0.7179630307163679,0.2820369692836321,0.02469898636412304,10
2020-06-17,9448.69356060783,173926399830.38492,69130545120.28043,243056944950.66534,0.7155788116471543,0.2844211883528457,0.024732292303038875,10
2020-06-18,9389.99076639392,172853049353.45227,68279563774.84304,241132613128.29532,0.7168381211938565,0.2831618788061435,0.024635924000847246,10
2020-06-19,9285.99158293396,170946908488.14093,67331264962.82361,238278173450.96454,0.7174257969680141,0.2825742030319859,0.02463691916773806,10
2020-06-20,9357.29246446522,172267506962.98328,67618118296.85426,239885625259.83752,0.7181235089696927,0.2818764910303073,0.02446432359253869,10
2020-06-21,9284.76937182934,170940831096.1998,66970014930.811005,237910846027.0108,0.7185079366948757,0.28149206330512433,0.024511005550290697,10
2020-06-22,9684.62018474576,178311094487.316,70299259779.08981,248610354266.40582,0.7172311668734499,0.2827688331265501,0.02511412461339722,10
2020-06-23,9611.72599824664,176978474354.71844,70339074958.02025,247317549312.7387,0.7155920590613856,0.28440794093861443,0.02527342321650174,10
2020-06-24,9292.94354354179,171116880435.0637,68324591892.54409,239441472327.6078,0.7146501346305569,0.28534986536944307,0.025269039057468582,10
2020-06-25,9247.12143249561,170281277784.0368,67722946080.05552,238004223864.09232,0.7154548563023513,0.2845451436976487,0.02513446183078069,10
2020-06-26,9159.43777206312,168676013923.73868,67304931939.5042,235980945863.2429,0.714786582902718,0.285213417097282,0.02507732167667268,10
2020-06-27,9002.16561718293,165787526267.54556,64250307228.00379,230037833495.54935,0.7206967816915782,0.27930321830842175,0.024516261020675712,10
2020-06-28,9108.06567457627,167746363406.58917,65339658125.73873,233086021532.3279,0.7196757759380417,0.28032422406195834,0.02464227517515333,10
2020-06-29,9184.24736627703,169157750925.37515,66234090788.81242,235391841714.18756,0.718621978117518,0.28137802188248195,0.024827330132304724,10
2020-06-30,9143.96758530099,168424268927.21072,65790370320.93673,234214639248.14746,0.7191022280582868,0.28089777194171317,0.0246854281487823,10
2020-07-01,9241.33961239041,170227137442.6157,67322985365.235214,237550122807.8509,0.716594609299818,0.283405390700182,0.02501216578588033,10
2020-07-02,9094.38728679135,167529570926.75983,66456716015.26669,233986286942.02652,0.7159802957524075,0.2840197042475925,0.024927628242337258,10
2020-07-03,9066.69069661017,167028603057.3506,66367084939.11978,233395687996.47037,0.7156456252091364,0.28435437479086356,0.024827013768921814,10
2020-07-04,9126.21955493863,168134212097.31125,67358967922.92688,235493180020.23813,0.7139663750893419,0.2860336249106581,0.02507788363904423,10
2020-07-05,9079.61401808884,167284838602.93985,66883171753.07037,234168010356.01022,0.7143795531619089,0.28562044683809107,0.02507455358901859,10
2020-07-06,9338.94259117475,172071754943.9324,71510957519.10223,243582712463.03464,0.7064202266408601,0.2935797733591399,0.025825095173725016,10
2020-07-07,9252.15873261251,170482056186.43045,71770706351.64581,242252762538.07626,0.7037362728098294,0.2962637271901706,0.025833260807649302,10
2020-07-08,9434.56795645821,173852067499.54385,77456208073.56013,251308275573.104,0.6917880722514105,0.3082119277485895,0.026163796462224716,10
2020-07-09,9231.50234751607,170119612182.24487,76482763692.56366,246602375874.80853,0.6898539058220944,0.3101460941779056,0.026176868020907074,10
2020-07-10,9285.22101542957,171118891700.69153,75706477756.00183,246825369456.69336,0.6932791879430981,0.30672081205690194,0.02595885436828666,10
2020-07-11,9237.17100818235,170242376319.11676,76596374897.39389,246838751216.51065,0.6896906400640125,0.3103093599359875,0.025906962251488162,10
2020-07-12,9289.09797691408,171208222386.19006,77945586436.20918,249153808822.39923,0.6871587602669562,0.3128412397330438,0.025977720525122202,10
2020-07-13,9236.62250116891,170249528195.09436,76566443349.33548,246815971544.42984,0.6897832710329582,0.3102167289670418,0.025910593811341198,10
2020-07-14,9260.3569868498,170695336818.95126,78248083754.35582,248943420573.30707,0.6856792456127039,0.3143207543872961,0.0259859115889856,10
2020-07-15,9196.72555897136,169530356543.2783,78345574116.65572,247875930659.93402,0.6839323047297415,0.31606769527025846,0.025920251517499084,10
2020-07-16,9132.59231209818,168355901495.54816,77663498333.79378,246019399829.34192,0.6843196171209783,0.31568038287902167,0.02557320705089602,10
2020-07-17,9156.46870976037,168802806794.04153,77718524298.29599,246521331092.33752,0.6847391503448211,0.31526084965517887,0.025429609887415727,10
2020-07-18,9175.90530859147,169168582934.48605,78099219926.21269,247267802860.69873,0.6841512763786283,0.31584872362137173,0.025709715502526684,10
2020-07-19,9218.84231081239,169967724887.16434,78583179331.23811,248550904218.40247,0.6838346672752925,0.3161653327247075,0.02596401345757091,10
2020-07-20,9167.19056750439,169023500679.14856,76023497115.70187,245046997794.85043,0.6897595245000815,0.3102404754999185,0.025783390728313534,10
2020-07-21,9388.57434979544,173112681691.1186,78103108907.39748,251215790598.51605,0.6890995238742018,0.3109004761257982,0.02612224032146111,10
2020-07-22,9531.2574301578,175752143889.948,81356257606.87482,257108401496.8228,0.6835721542616329,0.31642784573836713,0.02771923551824063,10
2020-07-23,9609.16671537113,177196924217.30652,83526194763.11472,260723118980.42123,0.6796364085787612,0.3203635914212388,0.028641798054796073,10
2020-07-24,9548.1007270602,176080450187.27267,82726402696.47209,258806852883.74475,0.6803546669081729,0.3196453330918271,0.029315519643716068,10
2020-07-25,9702.45279047341,178935530196.2443,88768482225.92223,267704012422.1665,0.6684080995919657,0.3315919004080343,0.03147679861346397,10
2020-07-26,9933.90655423729,183213878780.3678,89231314066.10265,272445192846.47046,0.6724797632366863,0.32752023676331365,0.03131094215815645,10
2020-07-27,11046.5083295149,203744198144.59204,91223837286.80214,294968035431.39417,0.6907331428187254,0.30926685718127456,0.029261181657248215,10
2020-07-28,10944.6129789012,201874736728.9706,92591998769.545,294466735498.5156,0.6855604127481769,0.3144395872518231,0.029056809757780546,10
2020-07-29,11115.7712819988,205042054834.9217,93013254315.913,298055309150.8347,0.6879329055371985,0.31206709446280145,0.028610335519683495,10
2020-07-30,11135.3907261835,205413351537.44217,96041805179.49057,301455156716.93274,0.6814059967477216,0.3185940032522784,0.03017083918622926,10
2020-07-31,11338.1973407949,209165345431.38367,99151857123.4294,308317202554.81305,0.6784095849929034,0.3215904150070966,0.030532189719405866,10
2020-08-01,11797.5821265342,217650107985.90485,109726382378.78668,327376490364.6915,0.6648312093010911,0.3351687906989089,0.03281908795330857,10
2020-08-02,11094.0206841321,204680087352.34372,105461172754.68153,310141260107.02527,0.6599576182856534,0.34004238171434664,0.033547861704128434,10
2020-08-03,11236.0956805377,207312688746.43088,110652384198.57878,317965072945.00964,0.6519983054311267,0.3480016945688733,0.034307985918821185,10
2020-08-04,11202.651909059,206705783553.83923,111694218617.54723,318400002171.3865,0.6492015770859664,0.3507984229140336,0.03487235592700129,10
2020-08-05,11721.4384715956,216287626623.5641,112664356678.2578,328951983301.8219,0.6575051606395533,0.34249483936044667,0.03417679468735278,10
2020-08-06,11769.3091081239,217182425567.12643,112735332206.08817,329917757773.2146,0.6582926212671996,0.34170737873280044,0.03347655574987463,10
2020-08-07,11598.9690585038,214050110955.4352,109586156502.32152,323636267457.7567,0.6613909888309243,0.3386090111690757,0.032789987797042744,10
2020-08-08,11743.0086350088,216718673196.2909,113861486981.8766,330580160178.1675,0.6555707187009938,0.3444292812990062,0.0334122360546722,10
2020-08-09,11680.5173661601,215576777624.0283,114015254020.96544,329592031644.9937,0.6540715700803951,0.34592842991960493,0.03331899993752405,10
2020-08-10,11870.3695447107,219090872112.69235,115165618631.705,334256490744.39734,0.6554573454198949,0.34454265458010513,0.033310492224875275,10
2020-08-11,11392.6440884278,210284480461.03635,110308860945.4324,320593341406.46875,0.655922794710899,0.344077205289101,0.033276852681471666,10
2020-08-12,11575.5124736996,213671208433.45825,114746044256.48712,328417252689.9454,0.65060896369894,0.34939103630106005,0.03345062913036221,10
2020-08-13,11773.4481155465,217335699187.2392,121373922055.58746,338709621242.82666,0.6416578849746567,0.3583421150253433,0.03608114257715949,10
2020-08-14,11774.4082518995,217365712666.77783,123569236461.28561,340934949128.0635,0.6375577312407769,0.36244226875922314,0.03720584985704182,10
2020-08-15,11866.9103613092,219084951477.17447,125673622745.48604,344758574222.6605,0.635473539624513,0.36452646037548697,0.036455082683733105,10
2020-08-16,11899.6427535944,219700556192.07544,126808064184.63686,346508620376.7123,0.6340406652891479,0.36595933471085207,0.0363825353237716,10
2020-08-17,12315.7624166569,227392906120.48352,127019659864.04224,354412565984.52576,0.6416050895058045,0.3583949104941955,0.03514532430307244,10
2020-08-18,11992.6959962595,221438441189.45932,122614115620.20833,344052556809.66766,0.6436180659222964,0.3563819340777036,0.03530034716285145,10
2020-08-19,11736.8490645237,216724493356.56393,118178500880.79865,334902994237.36255,0.6471261741033,0.3528738258967,0.03466683652342766,10
2020-08-20,11867.5203439509,219148207449.64777,122909281327.42574,342057488777.0735,0.6406765372486014,0.3593234627513986,0.035075548681348205,11
2020-08-21,11524.6989491525,212828757688.5696,114501251598.5151,327330009287.0847,0.65019629013577,0.34980370986423004,0.033600930205190026,11
2020-08-22,11682.2891503799,215748935172.86255,120229692714.04665,335978627886.9092,0.6421507717017164,0.3578492282982836,0.03388997791752819,11
2020-08-23,11665.6092735243,215452337487.74313,118419960427.3517,333872297915.09485,0.6453136089252113,0.3546863910747887,0.033598554363865094,11
2020-08-24,11771.4080537405,217417299095.42203,121703192146.03914,339120491241.4612,0.6411210903224841,0.3588789096775159,0.034727553204146513,11
2020-08-25,11358.4543202805,209799151719.14304,115954924009.01808,325754075728.16113,0.6440415250374905,0.35595847496250954,0.03377263832812014,11
2020-08-26,11472.0491204559,211907514133.8888,117925239734.29149,329832753868.1803,0.6424695899624904,0.3575304100375096,0.033676966800061665,11
2020-08-27,11314.6737410286,209009655884.56293,114003197327.67525,323012853212.23816,0.6470629691854134,0.3529370308145866,0.03379232660596594,11
2020-08-28,11527.8830322326,212959896208.12213,117846322415.92294,330806218624.04504,0.6437602566659939,0.3562397433340061,0.034268193796083556,11
2020-08-29,11490.7623477499,212284634016.18936,120579775081.76118,332864409097.95056,0.6377510728511719,0.36224892714882806,0.03484261126104365,11
2020-08-30,11698.9758329632,216140533746.53055,124917472570.1828,341058006316.7134,0.6337354049557719,0.36626459504422815,0.03660119005670075,11
2020-08-31,11678.3482268849,215770383728.23535,125271271541.32109,341041655269.55646,0.6326804376951908,0.3673195623048092,0.03734181931903254,11
2020-09-01,11970.364856166,221177235000.2752,132900189784.81,354077424785.0852,0.6246578276898715,0.37534217231012845,0.040161614256430334,11
2020-09-02,11414.5209336645,210917142600.07455,123044892232.47348,333962034832.54803,0.6315602391925494,0.36843976080745056,0.038653758374635555,11
2020-09-03,10261.4944095266,189619829718.60855,106568776204.62607,296188605923.2346,0.640199609055028,0.35980039094497196,0.03737687413477217,11
2020-09-04,10471.9664133255,193517929900.99304,108232243097.77118,301750172998.7642,0.6413183726717716,0.3586816273282284,0.03692420895152285,11
2020-09-05,10128.64358609,187182381369.08313,95754504755.69359,282936886124.77673,0.6615693836629511,0.33843061633704885,0.03272107323431354,11
2020-09-06,10253.2998980129,189495704608.09775,102076079408.05269,291571784016.15045,0.6499109824618743,0.3500890175381257,0.034450092466504836,11
2020-09-07,10367.8783543542,191624618868.97644,101895736592.21072,293520355461.18713,0.6528495053363187,0.3471504946636813,0.034028800972167546,11
2020-09-08,10108.6354501461,186842946951.56564,98108566891.03285,284951513842.5985,0.6557008398796362,0.34429916012036377,0.033309793369768366,11
2020-09-09,10223.1114091175,188968383425.9782,101481957594.25565,290450341020.2339,0.6506047910365991,0.3493952089634009,0.03443706465471061,11
2020-09-10,10334.6307302162,191039959916.7766,104140119780.02577,295180079696.80237,0.6471980091373561,0.35280199086264385,0.03554852391069307,11
2020-09-11,10387.0207419638,192017369942.6865,105180525338.9752,297197895281.6617,0.6460926305036816,0.3539073694963184,0.036003260710687844,11
2020-09-12,10436.9778322618,192951979972.30695,107998245059.47377,300950225031.7807,0.6411425010628617,0.35885749893713825,0.037004587080916126,11
2020-09-13,10322.5236148451,190846477252.03787,103745586422.365,294592063674.4029,0.647833057250892,0.352166942749108,0.03542172645706888,11
2020-09-14,10662.719912332,197147876035.17255,105721455791.82878,302869331827.00134,0.6509337701705078,0.3490662298294922,0.035244384807240715,11
2020-09-15,10779.3810249562,199315386280.44415,102505692984.29723,301821079264.7414,0.6603759643494459,0.3396240356505541,0.03376229070026475,11
2020-09-16,10968.3205465809,202819584769.55255,102938336071.85951,305757920841.41205,0.6633338695246731,0.3366661304753269,0.0333070204012793,11
2020-09-17,10936.2927505552,202239512659.74203,106998776847.61949,309238289507.3615,0.653992469632153,0.34600753036784704,0.035610432157314104,11
2020-09-18,10920.1128439509,201951566927.16635,104388770146.11472,306340337073.28107,0.6592392267259816,0.34076077327401844,0.035005286276225296,11
2020-09-19,11073.7795478083,204803721045.65717,104899707202.88138,309703428248.5386,0.6612898094279446,0.3387101905720554,0.03478907702683211,11
2020-09-20,10921.2180998247,201991869981.6736,101632416197.21873,303624286178.89233,0.6652691473522709,0.33473085264772906,0.0339895259231124,11
2020-09-21,10455.3799623027,193385500705.58487,93914752228.88373,287300252934.4686,0.6731128800979332,0.32688711990206676,0.03275408370696689,11
2020-09-22,10519.8391641146,194586236941.46976,94459626280.33073,289045863221.8005,0.6732019437072976,0.3267980562927024,0.03265293862175115,11
2020-09-23,10233.2995687317,189295175073.38928,88658669008.41348,277953844081.80273,0.6810309664854971,0.3189690335145029,0.031327978696343226,11
2020-09-24,10739.0427094097,198659587209.19556,96391574904.63544,295051162113.831,0.6733055575376874,0.3266944424623126,0.03251165168643031,11
2020-09-25,10683.6305806546,197645812953.46777,99412370416.66072,297058183370.1285,0.6653437744457121,0.33465622555428787,0.032920827775349944,11
2020-09-26,10742.0304202221,198736273241.69925,99383767511.58078,298120040753.28,0.6666317123113861,0.33336828768861393,0.03301061641895633,11
2020-09-27,10758.8242899474,199057194328.15533,100246382947.22247,299303577275.3778,0.6650678757006984,0.33493212429930164,0.03310045625389771,11
2020-09-28,10727.3750541204,198483977030.0451,99770461070.42986,298254438100.475,0.6654854100215618,0.3345145899784382,0.033135779458015435,11
2020-09-29,10841.1427444769,200598525114.73715,100433545911.56053,301032071026.29767,0.6663692822855848,0.3336307177144152,0.03317929191408706,11
2020-09-30,10772.351766803,199336157853.55048,100177811112.40303,299513968965.9535,0.6655320903453739,0.33446790965462614,0.03341672833162236,11
2020-10-01,10606.6173325541,196277557842.57623,98243056937.79909,294520614780.3753,0.6664306265588263,0.33356937344117366,0.03322085119141794,11
2020-10-02,10570.1056777908,195610887017.89536,95906226059.55934,291517113077.4547,0.6710099621696051,0.32899003783039493,0.03271502575534846,11
2020-10-03,10555.7054339567,195354357355.87143,96047432833.01479,291401790188.8862,0.6703951860736442,0.32960481392635577,0.03284034128045316,11
2020-10-04,10665.618622443,197399052168.17535,98927933394.07495,296326985562.2503,0.6661528034432326,0.3338471965567674,0.033035064603976656,11
2020-10-05,10772.6355995909,199389146257.06775,99499062935.05989,298888209192.1276,0.6671027498742812,0.3328972501257188,0.03278601387022112,11
2020-10-06,10596.3735493863,196135347147.17117,95863340846.2701,291998687993.4413,0.6716994124013895,0.32830058759861047,0.03209621841720722,11
2020-10-07,10667.1943941555,197456284574.17596,96753740121.76613,294210024695.9421,0.6711405730591321,0.3288594269408679,0.031982164324724574,11
2020-10-08,10902.5293637054,201823517432.12747,99389197714.76674,301212715146.8942,0.6700365133447403,0.32996348665525965,0.032151025205517596,11
2020-10-09,11074.1036797779,205009453844.92093,103078119941.01178,308087573785.93274,0.6654259090221109,0.33457409097788915,0.033072463613304494,11
2020-10-10,11302.8542864407,209254297811.47684,104254898879.04404,313509196690.5209,0.6674582437147489,0.33254175628525107,0.03284858812951299,11
2020-10-11,11378.2625284629,210660289442.9037,105350415087.38522,316010704530.28894,0.6666239036301771,0.3333760963698229,0.032882472632291306,11
2020-10-12,11548.401556692,213821025341.3694,107835389249.25194,321656414590.62134,0.6647497629217305,0.3352502370782695,0.03356923179616063,11
2020-10-13,11434.9687849211,211732652073.08148,106718116779.54388,318450768852.62537,0.6648834695420957,0.33511653045790435,0.03336644653367137,11
2020-10-14,11417.10811391,211412571561.06912,105325889790.71313,316738461351.7822,0.6674673188055491,0.3325326811944509,0.03318081858079786,11
2020-10-15,11502.5812390415,213006147807.5566,104594114469.3012,317600262276.8578,0.6706737150672608,0.3293262849327392,0.032818973623509835,11
2020-10-16,11338.9871765634,209987678424.63257,102420904658.9393,312408583083.5719,0.6721571998822424,0.32784280011775757,0.03230446812842278,11
2020-10-17,11362.8022174167,210439860963.43692,102945483297.03987,313385344260.4768,0.6715051128508595,0.32849488714914055,0.032414387078750995,11
2020-10-18,11489.6225650497,212797199544.3845,104605938411.49052,317403137955.875,0.6704319337068662,0.32956806629313384,0.03289243404522987,11
2020-10-19,11745.8119675628,217551213059.644,105811324020.93663,323362537080.5806,0.6727780373810932,0.3272219626189068,0.03230624068483396,11
2020-10-20,11929.4572507306,220963353768.35657,102263420579.30258,323226774347.6592,0.6836171112814151,0.3163828887185849,0.030918746335322992,11
2020-10-21,12848.4906177674,237996587309.02545,108128935808.48563,346125523117.5111,0.6876019577100778,0.3123980422899222,0.030546246707665148,11
2020-10-22,12997.4993417884,240767851351.29196,113145738677.36882,353913590028.66077,0.6803012320939527,0.31969876790604734,0.03188585703202393,11
2020-10-23,12953.4296969608,239962077749.97925,112402275586.41753,352364353336.3968,0.6810055429213385,0.3189944570786615,0.0316008970731013,11
2020-10-24,13113.8669231444,242946632969.98505,114037597937.91447,356984230907.89954,0.6805528422140985,0.3194471577859015,0.03143762701858023,11
2020-10-25,13041.6410374635,241618117679.51013,112177397237.18994,353795514916.7001,0.6829315451791362,0.31706845482086377,0.031188007665177035,11
2020-10-26,13080.6561698422,242349930927.49588,109687258111.03874,352037189038.5346,0.6884213897667721,0.31157861023322786,0.03012163544849564,11
2020-10-27,13675.5239275278,253379717438.13687,111602819862.3342,364982537300.47107,0.6942242204578204,0.3057757795421796,0.029545153001517912,11
2020-10-28,13290.3288497954,246251140475.4076,107738660409.94856,353989800885.35614,0.6956447328694619,0.30435526713053807,0.029262132490647665,11
2020-10-29,13475.2173007013,249685959749.5563,106342510465.36751,356028470214.9238,0.7013089700349758,0.29869102996502417,0.028703687107045246,11
2020-10-30,13603.2960908825,252068603711.57968,105238085321.85759,357306689033.43726,0.7054684713388916,0.29453152866110843,0.028198781192169328,11
2020-10-31,13807.2336110462,255857310085.0028,106037458164.47072,361894768249.4735,0.7069936692442778,0.29300633075572224,0.027998746672175466,11
2020-11-01,13736.89941128,254564701609.4508,107753600362.12422,362318301971.575,0.7025996208974897,0.29740037910251027,0.028796729945980596,11
2020-11-02,13595.5647603741,251953637578.66876,104139669231.67474,356093306810.3435,0.7075494898668795,0.2924505101331205,0.028233348436161685,11
2020-11-03,13996.915398597312,259403733547.6545,104483637443.98947,363887370991.644,0.7128681955648614,0.28713180443513864,0.02775955906304264,11
2020-11-04,14129.148195499703,261868434425.51367,105760342080.38074,367628776505.8944,0.7123175636967989,0.2876824363032011,0.028437355762148862,11
2020-11-05,15606.46683372297,289263271222.87427,110319221273.94583,399582492496.82007,0.7239137766406927,0.2760862233593073,0.02671952332896668,11
2020-11-06,15618.972471361778,289509996782.305,118879926168.01178,408389922950.3168,0.708905828750152,0.29109417124984804,0.029223937856686213,11
2020-11-07,14866.356304500296,275573226966.525,113736926148.22682,389310153114.75183,0.707850090119016,0.292149909880984,0.029379903448551115,11
2020-11-08,15500.000707188785,287332273623.7842,118340475203.26085,405672748827.04504,0.7082858645412382,0.2917141354587618,0.029379078005743308,11
2020-11-09,15319.819972530682,284009875050.116,115887455035.4285,399897330085.54456,0.7102069798499572,0.2897930201500428,0.029017834446153624,11
2020-11-10,15319.27567621274,284013859076.82196,117571373121.6431,401585232198.4651,0.7072318310162888,0.29276816898371116,0.029472779925267454,11
2020-11-11,15731.241105786092,291666002991.4365,119096902978.61009,410762905970.04663,0.7100592549919909,0.28994074500800915,0.029509174728688723,11
2020-11-12,16289.814897720637,302038563120.44165,118333164821.398,420371727941.83966,0.71850351259167,0.28149648740833,0.028414472646305568,11
2020-11-13,16330.06276797195,302799008120.85767,122223783563.35904,425022791684.2167,0.7124300485650925,0.2875699514349075,0.02918368090445367,11
2020-11-14,16102.010016949156,298584647008.3884,120265807141.5379,418850454149.92633,0.7128669529901259,0.2871330470098741,0.028726317913672826,11
2020-11-15,15986.7549905903,296462424309.67584,117806919912.15303,414269344221.82886,0.7156272324870099,0.2843727675129901,0.02810737037408253,11
2020-11-16,16743.05393980129,310504166190.32697,122987820922.37762,433491987112.7046,0.7162858263158582,0.28371417368414176,0.027608746485614104,11
2020-11-17,17682.16918702513,327937646387.3307,128808445877.89871,456746092265.2294,0.7179867588158795,0.2820132411841205,0.027298404393760328,11
2020-11-18,17804.690023962594,330228752696.0765,127029954961.32387,457258707657.4003,0.7221923763636653,0.2778076236363347,0.026930646139721733,11
2020-11-19,17818.668662185857,330503275790.7681,127407838629.74748,457911114420.5156,0.7217629478354516,0.2782370521645484,0.02644137069443349,11
2020-11-20,18663.78185312683,346198155989.3956,136531881878.19212,482730037867.58777,0.7171672132082183,0.2828327867917817,0.027302236021417205,11
2020-11-21,18706.58933541788,347011959222.6888,160059936594.3435,507071895817.0323,0.6843446897477075,0.31565531025229254,0.02925992924773742,11
2020-11-22,18482.692631735823,342878718720.17664,159003634068.30692,501882352788.4835,0.6831854453840134,0.3168145546159866,0.030576229998528277,11
2020-11-23,18373.2577597896,340865435612.13654,184947444354.4277,525812879966.5642,0.648263761880104,0.35173623811989596,0.03304879986895809,11
2020-11-24,19150.251048509646,355296694015.8318,201843072796.42786,557139766812.2596,0.6377155521471809,0.3622844478528191,0.03157000549030956,11
2020-11-25,18748.39371303331,347859153595.5024,187723674980.68744,535582828576.1898,0.649496464478262,0.35050353552173796,0.030309122209645482,11
2020-11-26,17113.716871420223,317545276569.0719,164167273753.15005,481712550322.2219,0.6592007543848774,0.34079924561512265,0.03029133648285077,11
2020-11-27,17101.603018059614,317336964123.96155,170208557236.33124,487545521360.2928,0.6508868407580997,0.34911315924190034,0.03023352937364574,11
2020-11-28,17745.377312448858,329299905495.87573,182021608299.81097,511321513795.6867,0.6440173092882163,0.3559826907117837,0.03047718853930453,11
2020-11-29,18190.866880420806,337583882703.102,184183560863.55295,521767443566.6549,0.6470006645019357,0.3529993354980643,0.03160231774603371,11
2020-11-30,19664.407606662764,364943559264.7621,198254778047.66522,563198337312.4272,0.6479840849784224,0.3520159150215776,0.031196947534501175,11
2020-12-01,18820.60778959673,349301709105.5422,185429884272.86264,534731593378.4048,0.6532281118807161,0.34677188811928394,0.03125571510799035,11
2020-12-02,19214.872229047334,356634805528.82007,190285745802.06097,546920551330.88104,0.6520779017372486,0.34792209826275144,0.03116993975705004,11
2020-12-03,19470.31120806546,361394948313.3676,192335650166.63577,553730598480.0034,0.6526548276461527,0.3473451723538473,0.031717740071957115,11
2020-12-04,18732.967090999413,347725717595.1267,174598970605.46536,522324688200.59204,0.6657271338121914,0.3342728661878086,0.030543862779009473,11
2020-12-05,19114.633130917588,354827495085.072,181580865410.7372,536408360495.8092,0.6614876299785865,0.33851237002141354,0.0311235738308491,11
2020-12-06,19356.313676797196,359330296296.33527,187216461183.6754,546546757480.0107,0.6574557279474434,0.34254427205255655,0.03111371239352639,11
2020-12-07,19182.176832846293,356115606012.0854,183421750595.86746,539537356607.9529,0.6600388307696954,0.3399611692303046,0.030852603457003514,11
2020-12-08,18340.97813769725,340515325198.1123,170042000000.67523,510557325198.78754,0.6669482708244981,0.33305172917550185,0.03022295436663908,11
2020-12-09,18574.69673524255,344870639715.8821,177876904863.97577,522747544579.85785,0.6597269433241646,0.3402730566758354,0.030913779134055384,11
2020-12-10,18294.84695149036,339689620040.4412,173169392987.1882,512859013027.6294,0.6623450332579824,0.33765496674201756,0.030634326615399818,11
2020-12-11,18061.760025716,335377356184.366,167369804435.7464,502747160620.1124,0.6670895083140709,0.3329104916859291,0.03020102452549355,11
2020-12-12,18813.2837685564,349347444447.4736,167643992393.4477,516991436840.92126,0.675731587707067,0.324268412292933,0.03022042458167191,11
2020-12-13,19156.0825055523,355731616571.54486,173896876222.18707,529628492793.73193,0.671662535931743,0.32833746406825703,0.030826904741833562,11
2020-12-14,19286.7512992402,358175636273.79315,171895746216.28174,530071382490.0749,0.6757120797414482,0.3242879202585518,0.03040792988918724,11
2020-12-15,19432.5884640561,360900992195.48114,168949899907.70493,529850892103.18604,0.6811368963878187,0.3188631036121813,0.030309951652695153,11
2020-12-16,21370.7203186441,396914973278.86566,187936847230.07803,584851820508.9437,0.6786590369736156,0.3213409630263844,0.029769937635166343,11
2020-12-17,22789.2674160725,423279795671.9302,191209629576.07465,614489425248.0049,0.6888317004008597,0.3111682995991403,0.02820573994191767,11
2020-12-18,23048.7645610754,428122220496.30286,192985408137.3931,621107628633.6959,0.6892882984517197,0.3107117015482803,0.02828828976230814,11
2020-12-19,23856.7735192285,443154244629.2185,194349221534.57462,637503466163.7931,0.6951401335837747,0.3048598664162253,0.02765311262527576,11
2020-12-20,23528.5506135593,437079507304.86615,188730036835.2369,625809544140.103,0.6984225654554975,0.3015774345445025,0.027139875036271435,11
2020-12-21,22937.4183435418,426117800653.2763,178512288104.70493,604630088757.9812,0.7047578487676636,0.29524215123233644,0.026705119477511988,11
2020-12-22,23756.8887685564,441362670574.1378,174520418017.87482,615883088592.0127,0.7166338526734826,0.28336614732651744,0.026694398513318715,11
2020-12-23,23307.2709018118,433031966997.9192,143411354689.37616,576443321687.2954,0.7512134336649096,0.24878656633509044,0.025250011059696098,11
2020-12-24,23707.6330440678,440489071172.94824,160116477011.96396,600605548184.9122,0.7334082618852733,0.2665917381147267,0.025809981555652093,11
2020-12-25,24669.1643220339,458376575230.92346,158949450050.01978,617326025280.9432,0.7425194410397936,0.2574805589602064,0.0253693349458137,11
2020-12-26,26478.0681052016,492010402696.75085,157503357164.323,649513759861.0739,0.7575057421446902,0.24249425785530976,0.024012584739726277,11
2020-12-27,26430.8565971946,491157576017.431,163937655480.31488,655095231497.7458,0.7497498873476705,0.25025011265232955,0.026048368236396207,11
2020-12-28,27039.3490199883,502492068165.2396,167168468390.31277,669660536555.5524,0.7503683444597827,0.24963165554021727,0.02701685962788434,11
2020-12-29,27231.2034552893,506083309589.8401,164408501677.53778,670491811267.3779,0.7547941691237521,0.24520583087624792,0.02687858790138488,11
2020-12-30,28844.6136781999,536099036611.89905,164412409535.79218,700511446147.6912,0.7652966122967125,0.23470338770328747,0.026043270056800273,11
2020-12-31,29022.6714126242,539438485763.34326,165151924370.1533,704590410133.4966,0.7656057732337537,0.23439422676624633,0.02546374313194435,11
2021-01-01,29380.6937327878,546120334521.1261,165502231664.4321,711622566185.5582,0.7674297590764192,0.2325702409235808,0.024877367678202093,11
2021-01-02,32022.6810578609,595259096891.8091,171529976317.09558,766789073208.9047,0.7763009642283155,0.22369903577168448,0.024210859204516755,11
2021-01-03,33277.8353050848,618623608665.4474,204112488038.27103,822736096703.7184,0.7519101339347513,0.24808986606524874,0.02976050923615334,11
2021-01-04,31802.1467136178,591225447115.9058,210825217963.8775,802050665079.7832,0.7371422690075249,0.2628577309924751,0.03239776415530885,11
2021-01-05,34013.1741724138,632363459585.743,224567550428.10037,856931010013.8434,0.7379397550049303,0.26206024499506975,0.03238626917205493,11
2021-01-06,36643.2777223846,681302148777.4781,260236689361.87613,941538838139.3542,0.7236049339439365,0.27639506605606345,0.03273048903683529,11
2021-01-07,39215.6511490356,729171021092.3743,263510221415.1586,992681242507.5328,0.7345469923965458,0.26545300760345425,0.031115490309933252,11
2021-01-08,40775.4045634132,758210602558.8112,261523619034.46414,1019734221593.2753,0.7435374693752567,0.25646253062474333,0.029917072173214685,11
2021-01-09,40370.6823495032,750719944876.221,278485831553.86865,1029205776430.0896,0.7294167620008638,0.2705832379991362,0.031878832564746024,11
2021-01-10,38329.3401665693,712797906122.6932,270213933907.34824,983011840030.0415,0.7251162977863111,0.27488370221368885,0.033014820030950826,11
2021-01-11,35269.5137177089,655929285013.3878,234963686306.897,890892971320.2848,0.7362604781148001,0.2637395218851999,0.030703731676920473,11
2021-01-12,33712.4685452952,627003122628.9136,230219099685.10855,857222222314.0221,0.7314359174408179,0.26856408255918207,0.030814694458068007,11
2021-01-13,37296.5475277615,693697236158.0138,252845911398.13577,946543147556.1495,0.7328743945260702,0.26712560547392983,0.030242122595189096,11
2021-01-14,39045.518340152,726263096560.8242,266714710525.35202,992977807086.1763,0.7313991222945782,0.26860087770542185,0.031056553301301863,11
2021-01-15,36710.3174248977,682862938504.5984,258635349934.82294,941498288439.4214,0.7252938713637775,0.27470612863622246,0.03180704861387081,11
2021-01-16,36177.2610970193,672980587612.2975,273478925466.04504,946459513078.3425,0.7110505819984209,0.28894941800157914,0.03404099456534635,11
2021-01-17,36069.939466803,671014140602.7698,278603812478.56805,949617953081.3379,0.7066148427643462,0.29338515723565384,0.03443446980337827,11
2021-01-18,36594.2964018118,680801989756.2803,278655248765.92865,959457238522.209,0.7095699135115978,0.2904300864884022,0.034217257001480296,11
2021-01-19,36250.1461893629,674433161169.6399,294469286722.8814,968902447892.5212,0.6960795306448164,0.3039204693551836,0.038236684525816265,11
2021-01-20,35515.480012858,660796011360.799,292919397234.5827,953715408595.3816,0.6928649840459323,0.30713501595406767,0.03851343243136891,11
2021-01-21,31022.9510280538,577233663032.7885,249404891216.8078,826638554249.5962,0.6982902745889806,0.30170972541101937,0.03651149856397845,11
2021-01-22,32986.4357568673,613796635287.0494,269370540744.59238,883167176031.6418,0.6949948457607289,0.3050051542392711,0.03745091033874441,11
2021-01-23,32036.2822723553,596147845572.6093,273011061211.0649,869158906783.6742,0.685890509686723,0.31410949031327695,0.03848017499721879,11
2021-01-24,32216.1042904734,599522055193.0248,290979275177.8899,890501330370.9147,0.673241055061995,0.32675894493800495,0.043060150408321,11
2021-01-25,32419.7059462303,603339325091.3531,280226726403.903,883566051495.2561,0.6828457522449214,0.3171542477550786,0.04088894563088809,11
2021-01-26,32640.6391426067,607483795108.3151,283520454234.67737,891004249342.9924,0.6817967428957389,0.3182032571042611,0.04172249804828767,11
2021-01-27,30358.9347235535,565045318370.5283,258951651171.93536,823996969542.4636,0.6857371316356636,0.31426286836433637,0.04104024603961445,11
2021-01-28,33511.287595149,623747780660.8578,287109586611.74713,910857367272.605,0.6847919367755194,0.3152080632244806,0.04003948518205643,11
2021-01-29,34166.1494259497,635969224450.955,295350588963.9553,931319813414.9103,0.6828687796504826,0.31713122034951735,0.04049062942785412,11
2021-01-30,34349.9170952659,639419076068.8511,311443619517.6522,950862695586.5033,0.6724620484500655,0.3275379515499345,0.04017094243767632,11
2021-01-31,33157.8325745178,617258425467.524,307089420253.139,924347845720.6631,0.6677772099812508,0.3322227900187492,0.03972956800515957,11
2021-02-01,33570.2718468732,624961266006.2303,305910558283.63544,930871824289.8657,0.671371986667439,0.328628013332561,0.040808576106261416,11
2021-02-02,35596.1489094097,662710063272.541,328584086016.8086,991294149289.3496,0.6685301872785512,0.3314698127214488,0.042818346888546764,11
2021-02-03,37578.3732068966,699649284857.6385,353898769734.3453,1053548054591.9839,0.6640886306117261,0.33591136938827393,0.04416157254113426,11
2021-02-04,37129.2029376972,691323581111.5704,351800700210.57666,1043124281322.1471,0.6627432545576701,0.33725674544232986,0.043318934862468524,11
2021-02-05,38045.4136084161,708423060288.5243,372895827954.1383,1081318888242.6626,0.6551472169693059,0.3448527830306941,0.04522170487797114,11
2021-02-06,39341.727081239,732600102916.4373,373199261228.43695,1105799364144.8743,0.6625072564433642,0.33749274355663583,0.0427969974558566,11
2021-02-07,39003.0121817651,726330767434.7867,366871733624.25525,1093202501059.042,0.6644064267426688,0.3355935732573312,0.041433791172434654,11
2021-02-08,46121.9340724722,858949072826.5892,391867800795.9132,1250816873622.5024,0.6867104937103853,0.3132895062896147,0.03780294184130326,11
2021-02-09,46548.1619912332,866928505326.4628,401312083008.9446,1268240588335.4072,0.6835678603097894,0.31643213969021056,0.03804302350125609,11
2021-02-10,45078.128350263,839590396720.4327,411250234550.6617,1250840631271.0945,0.6712209179415987,0.32877908205840134,0.038781818809725054,11
2021-02-11,47892.8409181765,892053672305.5282,424831427936.84766,1316885100242.376,0.677396738820527,0.322603261179473,0.037282881014972694,11
2021-02-12,47525.2091431911,885248328501.2935,456728847074.24457,1341977175575.538,0.6596597502648539,0.3403402497351461,0.03885210047200792,11
2021-02-13,47208.6250270602,879397542244.0934,465816057415.97235,1345213599660.0657,0.6537233510472362,0.3462766489527638,0.03853983888845723,11
2021-02-14,48829.8275096435,909642134133.6622,453437392390.77356,1363079526524.4358,0.6673434061863266,0.3326565938136734,0.037099592024856735,11
2021-02-15,48110.2417334892,896282713832.7703,442610200801.65784,1338892914634.4282,0.669420761015448,0.330579238984552,0.037154887556358346,11
2021-02-16,49140.3826578024,915511120381.0225,438135907767.4736,1353647028148.496,0.6763292803392393,0.32367071966076066,0.03623536895035853,11
2021-02-17,52224.9391139684,973022997734.0732,453828158813.50415,1426851156547.5774,0.6819372807521206,0.31806271924787943,0.03533254366324595,11
2021-02-18,51650.0699485681,962356492673.0549,463437711839.5907,1425794204512.6455,0.6749617087986415,0.3250382912013585,0.037413531647041115,11
2021-02-19,55820.5044038574,1040114403936.8182,479538980567.7873,1519653384504.6055,0.6844418697990706,0.3155581302009294,0.03513089519924987,11
2021-02-20,55861.8205670953,1040935228534.234,473108712398.31177,1514043940932.546,0.6875198271280623,0.31248017287193774,0.03424167911954148,11
2021-02-21,57500.7161102864,1071525228027.2616,480999062780.3804,1552524290807.642,0.6901825848211631,0.3098174151788369,0.03363234370417996,11
2021-02-22,53952.1533386324,1005442646562.84,451548543531.9129,1456991190094.753,0.6900814866955048,0.30991851330449516,0.032829247562435056,11
2021-02-23,48560.4890350672,905003103158.0413,390994990773.54956,1295998093931.5908,0.6983058905685487,0.30169410943145125,0.03218760056282899,11
2021-02-24,49567.3456890707,923816728819.2362,406040143747.1402,1329856872566.3765,0.6946738012764048,0.30532619872359523,0.03261348402793137,11
2021-02-25,47568.131170076,886602532433.4717,381830178111.4026,1268432710544.8743,0.6989748254384092,0.30102517456159084,0.03135426640636673,11
2021-02-26,46231.7675784921,861734772437.3928,378765540801.2668,1240500313238.6597,0.6946671139385708,0.30533288606142917,0.03119723078479541,11
2021-02-27,45834.5133611923,854375146984.0432,390867701850.76355,1245242848834.8066,0.686111265592487,0.31388873440751297,0.03172352147493698,11
2021-02-28,45359.4641642314,845557162612.1533,381779884946.34814,1227337047558.5015,0.6889363963176949,0.3110636036823051,0.03142422189079981,11
2021-03-01,49634.4471092928,925288521256.2085,408370584857.34863,1333659106113.5571,0.6937968758392918,0.30620312416070816,0.03149498123591838,11
2021-03-02,48304.7054879018,900542565669.1765,397135569729.22485,1297678135398.4014,0.6939645056073169,0.30603549439268307,0.030843349093331265,11
2021-03-03,50690.4671835184,945068375223.4531,413989572387.1503,1359057947610.6035,0.6953849001692705,0.30461509983072954,0.031249800865420445,11
2021-03-04,48472.7954751607,903761087528.4237,400953488964.7972,1304714576493.221,0.6926887334680739,0.3073112665319261,0.031729607532841,11
2021-03-05,48800.8173594389,909922405336.2164,397085285311.10345,1307007690647.3198,0.696187491357117,0.303812508642883,0.03136915270378273,11
2021-03-06,48970.5244868498,913133225105.1301,412158330783.71,1325291555888.84,0.689005540741346,0.310994459258654,0.03389464097821152,11
2021-03-07,51086.4681794272,952634973107.2288,422766516467.2166,1375401489574.4453,0.6926231942659723,0.3073768057340277,0.03365197670381656,11
2021-03-08,52088.475131502,971370359588.6669,440805034822.8702,1412175394411.537,0.687853904998425,0.312146095001575,0.035058139880857035,11
2021-03-09,54739.1352542373,1020849011792.8512,454287876260.1731,1475136888053.0244,0.6920368001509541,0.30796319984904585,0.03401640578044905,11
2021-03-10,56116.040912332,1046579658341.0732,438897622117.8709,1485477280458.944,0.70454100652265,0.29545899347735005,0.03213741492219173,11
2021-03-11,57847.2549357101,1078915001902.6392,439224306737.32153,1518139308639.9607,0.710682475423942,0.28931752457605797,0.031595508951377416,11
2021-03-12,57334.641534775,1069407948747.6104,424074290648.73096,1493482239396.3413,0.7160499941263849,0.2839500058736151,0.030845289988648748,11
2021-03-13,61288.7941276447,1143215732518.7432,454854555099.9744,1598070287618.7175,0.7153726224534513,0.28462737754654865,0.03144469708872524,11
2021-03-14,59905.6184704851,1117474232904.1155,442330349700.87695,1559804582604.9924,0.7164193805853861,0.2835806194146139,0.031285029848668613,11
2021-03-15,56121.121924021,1046930473230.8708,424623124635.47064,1471553597866.3416,0.7114456957251526,0.2885543042748474,0.03201833905232849,11
2021-03-16,56500.4460257159,1054059319176.5367,435304961256.4699,1489364280433.0066,0.7077243177002254,0.29227568229977463,0.031804204296214514,11
2021-03-17,58683.0659824664,1094827655431.387,448645087255.41174,1543472742686.7988,0.709327495816717,0.29067250418328305,0.030994757504825488,11
2021-03-18,57731.4798410871,1077129119414.3888,436257305675.3161,1513386425089.7048,0.7117343604760713,0.2882656395239287,0.030860896196788383,11
2021-03-19,58168.1219222677,1085329605069.3691,444771309996.6261,1530100915065.995,0.7093189699991503,0.29068103000084966,0.031123126805072412,11
2021-03-20,58247.8847066043,1086873922161.563,449939673458.59033,1536813595620.1533,0.7072256031955357,0.29277439680446427,0.031121215439486954,11
2021-03-21,57447.9330198714,1072003269491.2437,441875415840.3524,1513878685331.5962,0.708117024090629,0.29188297590937096,0.031066838178326946,11
2021-03-22,54453.1373508475,1016170477565.7162,425972885943.9644,1442143363509.6807,0.7046251456531387,0.2953748543468613,0.03101958583053656,11
2021-03-23,54563.6119458211,1018286990169.8544,422969531739.08813,1441256521908.9424,0.7065272383441739,0.29347276165582614,0.030638589994165615,11
2021-03-24,52595.4113237873,981605643201.5552,393300868234.9352,1374906511436.4902,0.713943555461078,0.286056444538922,0.030171499248090324,11
2021-03-25,51547.1248953828,962090739266.12,396743473211.2962,1358834212477.4163,0.7080265792778675,0.2919734207221325,0.030824844784018483,11
2021-03-26,54817.8571122151,1023183245013.2983,427128106889.75793,1450311351903.0562,0.7054921301351652,0.2945078698648348,0.030932786633034455,11
2021-03-27,56019.8373055523,1045674049178.2084,426541769625.85,1472215818804.0583,0.7102722548027317,0.2897277451972683,0.030669833658886973,11
2021-03-28,55713.0381396844,1040002658248.1864,423202513541.97943,1463205171790.1658,0.7107702175326444,0.28922978246735565,0.030247183877775974,11
2021-03-29,57571.2333477498,1074744167036.5872,445504532974.0646,1520248700010.6519,0.7069528604293869,0.2930471395706131,0.03145917009866507,11
2021-03-30,58684.5483921683,1095581166692.6075,448836024244.96936,1544417190937.577,0.7093816185945896,0.2906183814054104,0.031368972706130295,11
2021-03-31,58792.1948275862,1097648506570.546,463096379405.90314,1560744885976.4492,0.703285025267806,0.296714974732194,0.03260432826004211,11
2021-04-01,58818.9770985973,1098201835461.6188,475014486231.73596,1573216321693.3547,0.698061557281298,0.30193844271870196,0.033513686905485125,11
2021-04-02,59031.5340192285,1102222111989.422,505374271353.1256,1607596383342.5479,0.6856336101588254,0.3143663898411746,0.036151336320763644,11
2021-04-03,57282.3896247808,1069609423123.5428,482995502188.5576,1552604925312.1006,0.6889128107773668,0.31108718922263323,0.035353777866095955,11
2021-04-04,58202.199391993,1086837744784.4452,500311323842.75665,1587149068627.202,0.6847735768918676,0.3152264231081324,0.03569273331992093,11
2021-04-05,58755.8525295149,1097233663848.4355,547025678826.45605,1644259342674.8916,0.6673118013509042,0.3326881986490958,0.035733075061167595,11
2021-04-06,58084.0664231444,1084740698496.7766,572817982806.2129,1657558681302.9895,0.6544206915462404,0.3455793084537596,0.03644547278403034,11
2021-04-07,56266.8346762127,1050858458013.2948,526294534599.37024,1577152992612.665,0.6663008997449725,0.33369910025502747,0.035285402186147584,11
2021-04-08,57963.3445994155,1082591596128.1456,555487289309.5548,1638078885437.7004,0.6608910021075531,0.33910899789244686,0.03585973256561959,11
2021-04-09,58051.7625563998,1084298143058.165,546859772920.40955,1631157915978.5747,0.6647413671211999,0.3352586328788001,0.035589851422699,11
2021-04-10,59651.5589877265,1114237875675.663,601827483249.5497,1716065358925.213,0.6492980409403056,0.35070195905969437,0.035710513294989706,11
2021-04-11,59932.9306469901,1119547961330.9443,610377345133.95,1729925306464.8943,0.6471654915660738,0.35283450843392616,0.03577953043772844,11
2021-04-12,59905.9363744594,1119097619041.5125,619157100402.8107,1738254719444.3232,0.6438053103053044,0.3561946896946956,0.035769892431403084,11
2021-04-13,63445.638314436,1185278789468.1714,691393158146.179,1876671947614.3503,0.6315854995194622,0.3684145004805378,0.036218276817734256,11
2021-04-14,62869.4955873758,1174568449691.4597,722194130482.6838,1896762580174.1436,0.6192490625704042,0.38075093742959576,0.0386562498393048,11
2021-04-15,63231.162987142,1181393313259.5356,738867022371.4641,1920260335630.9998,0.615225597976708,0.38477440202329205,0.03984715979237239,11
2021-04-16,61571.1100905903,1150416986978.1597,735344267550.7448,1885761254528.9043,0.6100544192512608,0.3899455807487392,0.03943980940574737,11
2021-04-17,60280.8761758036,1126344072578.0193,706821692234.0514,1833165764812.0708,0.6144256532597246,0.38557434674027535,0.03885412361011435,11
2021-04-18,56389.5579812975,1053678758609.268,667823494279.1158,1721502252888.3838,0.6120693463173672,0.3879306536826328,0.039785425273935235,11
2021-04-19,55798.1370771479,1042661468497.9922,644199365909.0647,1686860834407.057,0.618107580205035,0.381892419794965,0.038865546332220814,11
2021-04-20,56474.3737586207,1055343018461.8728,669249164834.0176,1724592183295.8904,0.6119377257323486,0.3880622742676514,0.04123118068844311,11
2021-04-21,54025.7995745178,1009620339154.9824,651745185781.1704,1661365524936.1528,0.6077051220825006,0.3922948779174994,0.043756783848952034,11
2021-04-22,51882.0598106371,969605047752.2135,630125740035.5952,1599730787787.8086,0.6061051366605466,0.39389486333945345,0.04663857286313584,11
2021-04-23,50954.9100607832,952320874673.5844,615326027172.1705,1567646901845.755,0.6074842960824387,0.3925157039175613,0.04625903693249871,11
2021-04-24,50279.9484464056,939751744133.4486,584047671671.5258,1523799415804.9744,0.616716172999061,0.383283827000939,0.044482673437127966,11
2021-04-25,48946.9407428404,914880447463.5385,583014606663.2759,1497895054126.8145,0.6107774005548476,0.38922259944515236,0.047001028335736765,11
2021-04-26,53943.3499783752,1008308106916.2404,666232134937.1909,1674540241853.4312,0.6021402661546161,0.39785973384538387,0.04682799418335654,11
2021-04-27,55027.0309848042,1028613088872.3912,696104966433.7388,1724718055306.13,0.596394921307771,0.40360507869222895,0.048091806728839205,11
2021-04-28,54787.3787071888,1024181924008.5573,708122753683.4265,1732304677691.984,0.5912250524966048,0.40877494750339516,0.050015728212588074,11
2021-04-29,53567.0811938048,1001410824175.2202,711832088590.8763,1713242912766.0967,0.5845118731928118,0.41548812680718816,0.05153365086468593,11
2021-04-30,57741.44441654,1079500865486.8406,747920455480.3745,1827421320967.215,0.5907235803265576,0.4092764196734424,0.047977498419108165,11
2021-05-01,57863.5903927528,1081834705464.8834,788440986104.5352,1870275691569.4185,0.5784359548388694,0.42156404516113055,0.05097019767598903,11
2021-05-02,56572.5968410286,1057763322365.5808,774976141769.561,1832739464135.1418,0.5771487672224773,0.4228512327775227,0.05218916863418441,11
2021-05-03,57243.0416054939,1070362250436.1664,846725672246.3539,1917087922682.5203,0.5583271574411894,0.44167284255881056,0.05993127160768225,11
2021-05-04,53724.10892519,1004624064123.3464,823299286428.8473,1827923350552.1938,0.549598572511184,0.45040142748881595,0.060957577407623954,11
2021-05-05,57342.0256616014,1072334244435.8468,926541444693.1318,1998875689128.9785,0.5364687010141799,0.46353129898582013,0.0614893537325877,11
2021-05-06,56527.3529789597,1057159380527.9104,932743466056.0756,1989902846583.9858,0.5312618062448166,0.46873819375518344,0.06192653502341924,11
2021-05-07,57341.0684549386,1072438910564.6576,931971562409.8712,2004410472974.5288,0.5350395665081349,0.4649604334918651,0.06073539414554251,11
2021-05-08,58736.1258950906,1098593174225.6294,970916562761.9777,2069509736987.607,0.5308470671052504,0.4691529328947496,0.06617336327961923,11
2021-05-09,58288.4256303916,1090287204598.6418,974975203578.0323,2065262408176.6743,0.5279170338268088,0.47208296617319123,0.06718454600301993,11
2021-05-10,55902.9277399182,1045729267184.1482,935737090052.5885,1981466357236.7368,0.5277552472011056,0.47224475279889444,0.07073481332139325,11
2021-05-11,56612.1026487434,1059056066491.1912,990888387923.4182,2049944454414.6094,0.5166267135728903,0.48337328642710975,0.07340783689747717,11
2021-05-12,50972.355081239,953606762907.2688,911349215065.6526,1864955977972.9214,0.5113293687198845,0.48867063128011545,0.07799330175838141,11
2021-05-13,49368.6144739918,923653159148.4512,900595047409.3163,1824248206557.7676,0.5063198943148871,0.4936801056851129,0.07468629876068947,11
2021-05-14,49997.3959011105,935459104298.8986,986738892457.5217,1922197996756.4204,0.4866611586722194,0.5133388413277806,0.08173845238956653,11
2021-05-15,47047.9633331385,880310927346.3748,931709623730.9893,1812020551077.364,0.48581729761451803,0.5141827023854819,0.07806080186732615,11
2021-05-16,46022.5037090006,861161597488.6411,918487738701.7122,1779649336190.3533,0.48389397842392157,0.5161060215760784,0.07748042183266834,11
2021-05-17,43492.3954833431,813851735267.469,860321807498.7037,1674173542766.1729,0.4861214888886447,0.5138785111113553,0.07541617889168878,11
2021-05-18,42789.8093921683,800731332066.7421,885814720659.5538,1686546052726.296,0.4747758478177116,0.5252241521822885,0.07871592972060515,11
2021-05-19,37642.5200017534,704438836807.3655,642495828441.4326,1346934665248.798,0.5229940656974966,0.4770059343025034,0.06736361527912224,11
2021-05-20,40799.4021475745,763545013579.1251,707798216389.0833,1471343229968.2085,0.5189441851685572,0.4810558148314428,0.06808739924389078,11
2021-05-21,37174.3311014027,695728769937.6442,608149931712.544,1303878701650.188,0.5335839668652692,0.4664160331347308,0.06493686133588247,11
2021-05-22,37643.4197983635,704535197246.9867,576709152994.8575,1281244350241.8442,0.5498835543071863,0.4501164456928137,0.06165333049090735,11
2021-05-23,34774.207221917,650860805397.6799,514765117818.57153,1165625923216.2515,0.5583788009808441,0.44162119901915586,0.06055058182632739,11
2021-05-24,38630.4091186441,723066857297.3595,634467783025.5232,1357534640322.8828,0.5326323438239349,0.4673676561760651,0.06798189623077662,11
2021-05-25,38269.7710747516,716346014295.941,641118238082.53,1357464252378.4712,0.5277089345379081,0.4722910654620919,0.0704625688674126,11
2021-05-26,39194.8588980129,733691994944.9177,686953325005.341,1420645319950.2588,0.5164498025239731,0.4835501974760269,0.07319121978005536,11
2021-05-27,38510.8570417884,720916265382.9325,654340411746.4556,1375256677129.3882,0.5242048828933674,0.4757951171066326,0.07122935089516834,11
2021-05-28,35596.7179510228,666390584725.3661,589159235191.4111,1255549819916.7773,0.5307559876592846,0.46924401234071544,0.06785184537689692,11
2021-05-29,34681.8183670368,649288294161.1663,554920612466.3551,1204208906627.5215,0.5391824380202829,0.4608175619797171,0.06599590907486808,11
2021-05-30,35652.1687703098,667486590030.1371,583255717177.3073,1250742307207.4443,0.5336723529568987,0.46632764704310126,0.06708461711217148,11
2021-05-31,37312.9748970193,698613395865.9772,654469667024.2273,1353083062890.2046,0.516312276035537,0.483687723964463,0.07233983527383508,11
2021-06-01,36661.3781184687,686446041528.999,648549393278.7897,1334995434807.7886,0.5141935497538483,0.48580645024615166,0.07163401058550041,11
2021-06-02,37639.4556732905,704798573851.8448,672406412852.8496,1377204986704.6943,0.51176010881158,0.48823989118842004,0.07208286675194396,11
2021-06-03,39160.1504132086,733309551805.9535,694651574763.6493,1427961126569.6028,0.5135360747302598,0.48646392526974025,0.07299770220704879,11
2021-06-04,36884.3735551724,690723752475.9788,648174508897.0044,1338898261372.9832,0.5158896477822527,0.48411035221774734,0.07291102345711509,11
2021-06-05,35409.5672366452,663134442422.8171,624254267757.271,1287388710180.0881,0.5151004022165564,0.4848995977834436,0.07356685610500593,11
2021-06-06,35720.6043546464,668992893681.9762,640699442874.689,1309692336556.665,0.510801563854941,0.489198436145059,0.07575735601606559,11
2021-06-07,33724.9077517826,631644548545.3397,600952581433.0266,1232597129978.3662,0.5124501211165614,0.4875498788834386,0.07709907263060321,11
2021-06-08,33475.0489234366,626996036535.3291,592494339591.1049,1219490376126.434,0.5141459488404553,0.4858540511595447,0.07525179846824193,11
2021-06-09,37372.9888953828,700034858090.9735,615137192723.9878,1315172050814.9614,0.5322762581954117,0.4677237418045883,0.0697196339289601,11
2021-06-10,36826.0022185856,689816389289.0381,586260859763.3496,1276077249052.3877,0.540575729095785,0.459424270904215,0.06738121455972242,11
2021-06-11,37185.3931268264,696572821848.9191,555033389156.4731,1251606211005.392,0.5565431169356175,0.44345688306438247,0.06306324130121621,11
2021-06-12,35669.1712817066,668199727376.6781,561253881430.1,1229453608806.778,0.543493241705302,0.456506758294698,0.06674784549715668,11
2021-06-13,38925.4194289889,729231971944.1294,590135696010.1624,1319367667954.2917,0.5527132350263058,0.44728676497369424,0.06434475026627552,11
2021-06-14,40455.5959833431,757932558315.0496,607174006444.0454,1365106564759.095,0.5552186018890067,0.44478139811099326,0.06370057530961686,11
2021-06-15,40254.6514679135,754200836376.5773,597921811117.3215,1352122647493.899,0.5577902550293466,0.44220974497065335,0.06341480905495404,11
2021-06-16,38265.5437726476,716962840858.3022,560341233114.8733,1277304073973.1755,0.561309445000141,0.438690554999859,0.06170040078186198,11
2021-06-17,38018.6432346581,712367675979.0337,562257894576.6025,1274625570555.6362,0.5588838733782012,0.4411161266217988,0.062295452810875375,11
2021-06-18,35714.3120787259,669218352695.6392,530095382975.97375,1199313735671.6128,0.5580010741066669,0.4419989258933331,0.06228806297017274,11
2021-06-19,35555.9763966686,666274332004.6891,516554630919.7664,1182828962924.4556,0.563288821029015,0.436711178970985,0.061164252058534735,11
2021-06-20,35599.9418784337,667121552365.0758,528338173696.0697,1195459726061.1455,0.5580460285041453,0.4419539714958547,0.06299626733703928,11
2021-06-21,31715.1598624196,594343881161.0618,429921467571.4685,1024265348732.5303,0.580263582963661,0.419736417036339,0.059920652651651994,11
2021-06-22,32394.5555949737,607094219837.7976,415226399294.76184,1022320619132.5594,0.5938393577084633,0.4061606422915367,0.057652397609128436,11
2021-06-23,33610.4968129749,629902934904.7167,451360438460.0787,1081263373364.7954,0.5825619829741525,0.4174380170258475,0.05837789470212688,11
2021-06-24,34658.972875979,649575438469.43,468741740454.74896,1118317178924.179,0.5808508093332891,0.41914919066671086,0.057320377482767894,11
2021-06-25,31683.5032004676,593831228445.3011,429585307902.24036,1023416536347.5415,0.5802439254739991,0.41975607452600094,0.05737518894184534,11
2021-06-26,31890.6764465225,597731932924.4774,426053615885.3794,1023785548809.8568,0.5838448624512589,0.4161551375487411,0.05650479939801075,11
2021-06-27,34506.4911975453,646773066239.3123,458758968239.77515,1105532034479.0874,0.5850333107208996,0.4149666892791004,0.056931952531226966,11
2021-06-28,34376.188538983,644349642813.4773,473992645799.6398,1118342288613.1172,0.5761649625290934,0.42383503747090656,0.060486005700892756,11
2021-06-29,35933.7782178843,673565423656.2107,499277169534.88806,1172842593191.0986,0.5743016390831761,0.4256983609168239,0.06038859090894324,11
2021-06-30,35065.4661533606,657308520165.8943,510021147815.5759,1167329667981.4702,0.5630873078917824,0.4369126921082176,0.06480076574265449,11
2021-07-01,33505.0804935126,628078911133.4493,479956482373.4931,1108035393506.9424,0.5668401161316461,0.4331598838683539,0.06311150585017367,11
2021-07-02,33782.9459464641,633306719050.4342,484167598823.28253,1117474317873.7168,0.5667304464369827,0.43326955356301733,0.06364157016174637,11
2021-07-03,34588.2242916423,648430198161.1792,495280303570.25494,1143710501731.434,0.5669530857498792,0.43304691425012076,0.06406524988493607,11
2021-07-04,35355.6078883694,662841855840.3812,515931515185.5817,1178773371025.963,0.5623149217083747,0.4376850782916253,0.06578638119582567,11
2021-07-05,33911.7538404442,635800664838.8307,492352342458.0977,1128153007296.9285,0.5635766254457085,0.4364233745542915,0.065423690399501,11
2021-07-06,34123.9815680888,639809939899.6041,507373552941.1429,1147183492840.747,0.5577224078732652,0.4422775921267348,0.06793189164419279,11
2021-07-07,33931.6186382233,636229302844.7091,504909171450.2523,1141138474294.9614,0.5575390867771728,0.4424609132228272,0.06828673778917684,11
2021-07-08,32819.6595312098,615408206333.4872,468419034187.21564,1083827240520.7029,0.5678102407149563,0.43218975928504366,0.06456265424648029,11
2021-07-09,33914.8810742256,635972699231.9186,478242585901.20123,1114215285133.1199,0.5707808066516843,0.4292191933483157,0.063505271725739,11
2021-07-10,33610.9458386908,630307119097.991,470066814760.34735,1100373933858.3384,0.5728117503546175,0.4271882496453825,0.06298733684648558,11
2021-07-11,34258.4413898305,642476387837.8834,474584509746.1882,1117060897584.0715,0.57514893702519,0.42485106297481,0.062471986459118924,11
2021-07-12,33135.2359117475,621438096852.9285,456655260817.7678,1078093357670.6963,0.5764232683852105,0.4235767316147895,0.06135557146195255,11
2021-07-13,32641.9759610169,612214949439.348,439014839045.1466,1051229788484.4946,0.5823797576379068,0.41762024236209316,0.05942165619067426,11
2021-07-14,32798.2845189947,615181434967.0844,445078029569.8027,1060259464536.887,0.5802178198294045,0.41978218017059554,0.06074836090825431,11
2021-07-15,31707.6900368206,594751052034.9653,428075435147.2247,1022826487182.19,0.5814779529942168,0.4185220470057832,0.060328402954124755,11
2021-07-16,31455.7175818819,590054215680.704,417412547968.9279,1007466763649.6318,0.5856810735305884,0.4143189264694116,0.05970639781104744,11
2021-07-17,31547.9511990064,591812552914.4733,420371746198.07404,1012184299112.5474,0.5846885329414383,0.4153114670585617,0.06012961384888427,11
2021-07-18,31707.7038527177,594837912850.213,420264571152.85187,1015102484003.065,0.5859880378821111,0.41401196211788893,0.05969174229313851,11
2021-07-19,30883.4697462303,579408058603.4889,401929439346.4756,981337497949.9645,0.5904269018700345,0.40957309812996545,0.05900273030230169,11
2021-07-20,29766.6577182934,558478126514.6531,388966606666.1549,947444733180.808,0.5894572073240651,0.41054279267593485,0.05997764247866581,11
2021-07-21,32119.6572258328,602653902984.2952,428948222185.6794,1031602125169.9746,0.584192188325511,0.415807811674489,0.0618154802117503,11
2021-07-22,32306.9614285798,606199143136.722,442194834168.45776,1048393977305.1798,0.5782169263266017,0.4217830736733983,0.06255377212737857,11
2021-07-23,33439.5957028638,627479802970.8693,457384490676.34485,1084864293647.2141,0.5783947417619764,0.42160525823802364,0.06318007798663053,11
2021-07-24,34166.914654588,641160519675.9818,467848705177.6858,1109009224853.6675,0.5781381302401539,0.4218618697598461,0.06378503749125455,11
2021-07-25,35119.9374360023,659078087900.031,467778761973.9278,1126856849873.9587,0.5848818223661242,0.4151181776338758,0.062284989569389645,11
2021-07-26,37444.7825102279,702742383037.9468,481348033899.7053,1184090416937.652,0.5934870960744795,0.40651290392552053,0.059852376660374663,11
2021-07-27,39126.5402881356,734346228533.4615,490660724353.5568,1225006952887.0183,0.5994629065596739,0.40053709344032606,0.05843166513630409,11
2021-07-28,39939.1940432495,749637705826.2058,500976591284.7886,1250614297110.9944,0.5994155892491561,0.40058441075084394,0.05751321225642666,11
2021-07-29,40086.1643950906,752436348341.3021,517659265813.4796,1270095614154.7817,0.5924249638811883,0.40757503611881174,0.05948322174769275,11
2021-07-30,41789.6670981882,784455260094.139,530949444226.7968,1315404704320.9358,0.5963603881887484,0.40363961181125163,0.05865814401368028,11
2021-07-31,41793.3137481005,784564984126.0333,545862853276.6965,1330427837402.7297,0.5897087854518035,0.4102912145481965,0.06087996255229107,11
2021-08-01,39968.9689544126,750355941541.017,543621350131.2427,1293977291672.2598,0.5798833923671886,0.42011660763281145,0.06414319903042612,11
2021-08-02,39304.1862835769,737910797087.4546,553072650390.6273,1290983447478.082,0.5715881164308907,0.4284118835691093,0.06663516655756097,11
2021-08-03,38288.8253975453,718888492618.7064,537436625102.8671,1256325117721.5735,0.5722153306322945,0.42778466936770554,0.06563051400901458,11
2021-08-04,39773.9113489188,746805401841.9286,569269253049.988,1316074654891.9165,0.5674491177730799,0.43255088222692006,0.06858601935630339,11
2021-08-05,40941.650434249,768772119139.358,581569492137.3008,1350341611276.6587,0.5693167660089619,0.43068323399103814,0.06901371290539107,11
2021-08-06,42790.3573284629,803528296774.2887,593004216679.9591,1396532513454.2478,0.5753738556267515,0.4246261443732485,0.0674926417004974,11
2021-08-07,44484.9005862069,835395295482.4253,644613528143.5393,1480008823625.9646,0.5644529155142055,0.4355470844857945,0.07066173599516179,11
2021-08-08,43972.3010181181,825812457038.7324,619023934874.3539,1444836391913.0864,0.571561224274872,0.428438775725128,0.06884670603378541,11
2021-08-09,46265.6424564582,868926021044.1497,645883102285.0596,1514809123329.2092,0.573620799915996,0.426379200084004,0.06826381410828002,11
2021-08-10,45488.7912624196,854382704549.5063,655020308941.8606,1509403013491.367,0.5660401476032915,0.43395985239670853,0.06906588938525156,11
2021-08-11,45676.3263611923,857947004307.331,685488339814.8171,1543435344122.1482,0.5558684447486857,0.4441315552513143,0.06936991745842166,11
2021-08-12,44405.7483483343,834123407129.0948,661304384606.2289,1495427791735.3237,0.5577824698317005,0.44221753016829946,0.06841595152864033,11
2021-08-13,47717.4853559322,896373859155.2133,730891577881.4448,1627265437036.6582,0.5508467388009914,0.44915326119900856,0.0695023829818559,11
2021-08-14,47124.2050736411,885277380213.1919,753747545087.1765,1639024925300.3684,0.5401244157717465,0.4598755842282535,0.06936910003681576,11
2021-08-15,47074.370710111,884394736774.213,766086922737.005,1650481659511.218,0.535840390396172,0.46415960960382796,0.07032972174445076,11
2021-08-16,45984.7199070719,863969541715.8536,730877948372.8474,1594847490088.7012,0.5417254923025913,0.45827450769740874,0.06867006785589624,11
2021-08-17,44714.0967982466,840144904105.1235,690833703756.2249,1530978607861.3484,0.5487633202652891,0.45123667973471093,0.06755300044556814,11
2021-08-18,44954.3637469316,844697273128.4824,706329033522.2031,1551026306650.6855,0.5446053812926855,0.45539461870731446,0.06765350026385031,11
2021-08-19,46646.8615049679,876544383505.9407,745998466592.0854,1622542850098.0261,0.5402288040978296,0.4597711959021704,0.0680425589287644,11
2021-08-20,49240.8356049094,925337170100.1696,771810006747.219,1697147176847.3887,0.5452309515189312,0.4547690484810688,0.06657520498720143,11
2021-08-21,49070.2409701929,922183481119.9332,759595221470.7251,1681778702590.6582,0.5483381848630717,0.45166181513692827,0.0659199387295604,11
2021-08-22,49363.3160952659,927741877823.068,768200566893.6754,1695942444716.7434,0.5470361808050742,0.4529638191949258,0.06575517480234155,11
2021-08-23,49590.8763676213,932079739908.4381,790077838383.8922,1722157578292.3303,0.5412279060042093,0.45877209399579066,0.06700099079381777,11
2021-08-24,47925.8622127411,900831282245.6066,743949878059.8666,1644781160305.4731,0.5476906618253712,0.4523093381746288,0.06642778960610639,11
2021-08-25,49002.3166049094,921113698122.0674,753507405681.4921,1674621103803.5596,0.5500430491589685,0.4499569508410315,0.06588878822368278,11
2021-08-26,47190.3449929866,887096494654.2286,717129322217.319,1604225816871.5476,0.5529748276861571,0.44702517231384287,0.06612786017612758,11
2021-08-27,49048.4755891292,922070878172.4023,764682574602.9008,1686753452775.3032,0.5466542111742952,0.45334578882570475,0.06666900570294983,11
2021-08-28,48852.4687995324,918429163463.365,752638890210.1959,1671068053673.561,0.5496060806406738,0.45039391935932616,0.06637682453404889,11
2021-08-29,48948.3479579193,920279421677.584,751465086243.7517,1671744507921.3357,0.5504904710719636,0.4495095289280364,0.0660066117896419,11
2021-08-30,47125.7685189947,886052810980.3136,740248947058.1449,1626301758038.4585,0.5448268174099584,0.4551731825900416,0.06871740165928675,11
2021-08-31,47219.2443424898,887852829053.0802,781743044832.6333,1669595873885.7134,0.5317770862638436,0.46822291373615643,0.07268112399630616,11
2021-09-01,48688.5375572764,915521308402.3389,841012465922.1329,1756533774324.4717,0.5212090548924574,0.4787909451075426,0.07792038685530327,11
2021-09-02,49369.5862746932,928373472804.1525,848038112478.7523,1776411585282.9048,0.5226116968024069,0.47738830319759307,0.07680631380834686,11
2021-09-03,49860.5341635301,937651654078.7664,871084265052.4314,1808735919131.1978,0.5184016329642831,0.4815983670357169,0.07859086758620129,11
2021-09-04,49919.577563647,938810353594.9012,859273177279.844,1798083530874.745,0.5221172083914154,0.4778827916085846,0.07784981771021544,11
2021-09-05,51747.6438565167,973242843766.6514,887424372073.7847,1860667215840.436,0.5230612091625702,0.47693879083742985,0.07642121705872752,11
2021-09-06,52640.5883740503,990093469707.9805,893569676220.576,1883663145928.5566,0.5256212990353492,0.47437870096465085,0.07463507024409491,11
2021-09-07,46854.4006028638,881308435814.7441,761445555982.0862,1642753991796.8303,0.5364822975415671,0.46351770245843293,0.07326632261763583,11
2021-09-08,46187.9757306254,868814300650.1482,766292696044.372,1635106996694.52,0.5313501210663983,0.46864987893360166,0.0759456632091948,11
2021-09-09,46448.7748290473,873759807785.6561,759665106630.1132,1633424914415.7693,0.5349249910873165,0.4650750089126835,0.07390643639567275,11
2021-09-10,44765.2755762712,842129122357.554,716214151672.1619,1558343274029.7158,0.5404002676380117,0.45959973236198826,0.07157727556820655,11
2021-09-11,45098.5916447691,848441215860.3611,737028214834.4371,1585469430694.7983,0.5351356509526328,0.4648643490473672,0.07226854593677294,11
2021-09-12,46180.6124563998,868839735686.3914,771183439015.6753,1640023174702.0667,0.5297728404625919,0.4702271595374081,0.07400766666115806,11
2021-09-13,44991.5221277031,846512959971.3956,736284452617.9379,1582797412589.3335,0.5348207883323275,0.4651792116676725,0.0731148825070164,11
2021-09-14,47022.6177597896,884777283874.6704,763061189111.257,1647838472985.9272,0.5369320466656118,0.4630679533343882,0.07272404742820535,11
2021-09-15,48167.1893676213,906356284523.2517,790709952137.1641,1697066236660.4158,0.5340724274303115,0.46592757256968853,0.07455402914684145,11
2021-09-16,47797.3283237873,899437280895.7874,778661747390.9325,1678099028286.7197,0.5359858183185299,0.46401418168147013,0.07464268506853765,11
2021-09-17,47213.7941294565,888499868900.2493,746028730848.8846,1634528599749.1338,0.5435817207705118,0.4564182792294882,0.07193916692304281,11
2021-09-18,48204.0136519579,907181161197.6664,755052968306.2516,1662234129503.918,0.545760158028044,0.454239841971956,0.07105267974705766,11
2021-09-19,47218.4739964933,888680899050.9407,731730610582.162,1620411509633.1025,0.5484291451695242,0.45157085483047577,0.07031125997806897,11
2021-09-20,42855.5103448276,806611150255.1008,649958979280.9617,1456570129536.0625,0.5537743318353079,0.4462256681646921,0.06919455960850603,11
2021-09-21,40526.4893760958,762806301935.1322,607153068878.0425,1369959370813.1748,0.5568094340508425,0.4431905659491575,0.06775440496501196,11
2021-09-22,43577.5724821742,820271543076.0717,683794583074.8124,1504066126150.884,0.5453693350406484,0.45463066495935156,0.07030500225616337,11
2021-09-23,44861.2980329047,844481693316.983,700313961387.4962,1544795654704.4792,0.5466623956024352,0.45333760439756476,0.07016058857496693,11
2021-09-24,42803.307701052,805781097472.616,657579490214.5247,1463360587687.1406,0.5506374192748781,0.4493625807251219,0.06851244636983102,11
2021-09-25,42735.2658240795,804538656841.323,657949713252.3546,1462488370093.6777,0.5501162766783502,0.44988372332164983,0.06862010153315724,11
2021-09-26,43131.2941773816,812031799027.2393,665626769948.9686,1477658568976.208,0.5495395323899847,0.45046046761001535,0.07068175613634656,11
2021-09-27,42496.7852250146,800127083577.485,647276791722.2198,1447403875299.7048,0.5528015346869288,0.44719846531307117,0.06947575657179503,11
2021-09-28,41223.7862743425,776198293483.3026,620079946079.1356,1396278239562.4382,0.5559051709683204,0.4440948290316796,0.06830024514536413,11
2021-09-29,41453.9470131502,780565646921.4586,629430898467.7592,1409996545389.2178,0.5535940137399343,0.44640598626006567,0.06858868634465917,11
2021-09-30,43781.546015488,824440444029.2034,658218094246.1389,1482658538275.3423,0.5560555062045566,0.44394449379544343,0.06855691008217528,11
2021-10-01,48078.1315543542,905390548127.17,719582830501.7902,1624973378628.9602,0.5571725420456277,0.4428274579543723,0.068626663799936,11
2021-10-02,47792.4391943308,900066645699.4569,734784801556.4624,1634851447255.9194,0.5505494992894976,0.4494505007105024,0.07101242551123303,11
2021-10-03,48202.6229177089,907836753956.0886,740099368891.933,1647936122848.0215,0.5508931695648087,0.4491068304351913,0.07095960362197705,11
2021-10-04,49288.5013106371,928335986047.2693,733824247672.1836,1662160233719.453,0.5585117290226053,0.44148827097739474,0.0688116544505443,11
2021-10-05,51558.0493319112,971135174368.5519,758354214705.5197,1729489389074.0715,0.5615155435492294,0.4384844564507706,0.06828059826633616,11
2021-10-06,55419.800411163,1043919575657.0316,771262804712.0446,1815182380369.0762,0.5751045112308628,0.4248954887691372,0.0647500361714806,11
2021-10-07,53805.1569125658,1013552627931.8853,770594871204.9646,1784147499136.8499,0.5680879122506578,0.4319120877493422,0.06670935055102709,11
2021-10-08,53933.5275908825,1016011255921.6256,762852688915.7878,1778863944837.4136,0.5711573720240241,0.42884262797597594,0.06602746499213627,11
2021-10-09,55010.9224751607,1036359022483.6368,784414071639.3762,1820773094123.0132,0.5691862571062463,0.43081374289375374,0.06507565907742746,11
2021-10-10,54701.2797022209,1030579975221.3647,752851263545.2742,1783431238766.639,0.5778635883568347,0.4221364116431653,0.06274079389100269,11
2021-10-11,57289.1864570426,1079388786986.324,761432123562.2338,1840820910548.5576,0.586362736755674,0.41363726324432604,0.061435101943139524,11
2021-10-12,56196.1812597896,1058842478838.182,752275053354.7552,1811117532192.9373,0.5846348787514162,0.4153651212485838,0.062126289939499195,11
2021-10-13,57348.8928769725,1080622323470.5658,782660865983.7787,1863283189454.3445,0.5799560311532795,0.42004396884672046,0.0627311656394614,11
2021-10-14,57384.0369146698,1081333675898.4808,805628317406.9569,1886961993305.4377,0.5730553555052171,0.42694464449478287,0.06598598566666157,11
2021-10-15,61446.0840073057,1157932253824.4275,820901942692.4336,1978834196516.861,0.5851588050492643,0.4148411949507357,0.06284716958137068,11
2021-10-16,60932.0632119228,1148296342322.6633,819405498782.7328,1967701841105.396,0.5835723270338482,0.4164276729661518,0.06296796543488463,11
2021-10-17,61462.2223722969,1158348928964.852,810581511224.4783,1968930440189.3303,0.5883137897210154,0.41168621027898455,0.062418792490583686,11
2021-10-18,61977.0575514319,1168109108621.0642,797397555774.3159,1965506664395.3801,0.5943043235523154,0.40569567644768456,0.060442786633462434,11
2021-10-19,64290.8977574518,1211781363655.901,813085447363.9321,2024866811019.833,0.5984499114021143,0.40155008859788566,0.06027360440874141,11
2021-10-20,66061.7965639977,1245221514980.2715,863455929669.4945,2108677444649.766,0.5905225183394952,0.4094774816605048,0.06287123311287811,11
2021-10-21,62373.8856206897,1175764509578.1985,841815650610.1019,2017580160188.3003,0.5827597499117283,0.4172402500882717,0.06517418934488355,11
2021-10-22,60750.9673718293,1145232055939.3223,832162459717.6499,1977394515656.9722,0.5791621484086239,0.4208378515913761,0.06543999756087902,11
2021-10-23,61250.082628872,1154696513456.678,858806670374.9733,2013503183831.6514,0.5734763782490359,0.42652362175096414,0.06791141105996519,11
2021-10-24,60865.4470523086,1147503503631.4478,845943954359.9022,1993447457991.35,0.5756376969111101,0.4243623030888899,0.06697714008635589,11
2021-10-25,63031.6729015196,1188415315425.7778,869662299726.5137,2058077615152.2915,0.5774395030956297,0.42256049690437025,0.06686179177140492,11
2021-10-26,60393.9802738165,1138740201958.921,858768360680.7695,1997508562639.6904,0.570080260609289,0.42991973939071104,0.06839477211301877,11
2021-10-27,58563.3359899766,1104280514495.558,802315279939.4666,1906595794435.0247,0.5791896309216322,0.4208103690783678,0.0674077366268905,11
2021-10-28,60564.5721122151,1142074087989.8003,862833152026.2643,2004907240016.0645,0.5696393654504681,0.4303606345495319,0.0706480722860325,11
2021-10-29,62230.8055689655,1173560980221.0315,885642979588.7103,2059203959809.7417,0.5699100250027984,0.4300899749972016,0.0709164340798096,11
2021-10-30,61742.9165321449,1164420084616.5515,864314356974.8374,2028734441591.389,0.5739637779812876,0.4260362220187124,0.06982734331915884,11
2021-10-31,61432.9700628287,1158628121727.842,871971638022.2266,2030599759750.0686,0.5705841912787624,0.42941580872123764,0.06989675906312062,11
2021-11-01,61092.0950592051,1152255716550.1553,880845300264.8927,2033101016815.0479,0.5667478925150606,0.43325210748493936,0.07080765615091061,11
2021-11-02,63024.7472296902,1188769633683.1074,920147237446.1676,2108916871129.275,0.563687288938302,0.436312711061698,0.07277108922125693,11
2021-11-03,62955.9817630041,1187535932342.479,934656981478.7974,2122192913821.2764,0.5595796332220196,0.44042036677798035,0.07304869211462733,11
2021-11-04,61393.8899780246,1158125134065.476,920304981302.0775,2078430115367.5537,0.5572114864495556,0.44278851355044435,0.07387708851115947,11
2021-11-05,61005.840833723,1150864132606.2607,906990531890.4177,2057854664496.6785,0.5592543304741813,0.44074566952581873,0.07338473255460479,11
2021-11-06,61455.0536268849,1159397601037.2688,910192344055.5729,2069589945092.8418,0.5602064330599839,0.43979356694001615,0.07341369498489185,11
2021-11-07,63043.8290590298,1189431376523.6956,931138714318.7915,2120570090842.487,0.5609017035844088,0.43909829641559117,0.0731124863489996,11
2021-11-08,67541.7555081824,1274349562679.1753,975625961924.0767,2249975524603.252,0.5663837445093484,0.43361625549065164,0.07123232771621325,11
2021-11-09,67095.5856706605,1265995157805.92,973936578935.339,2239931736741.259,0.5651936338237431,0.4348063661762569,0.07058134599025061,11
2021-11-10,64756.0779689071,1221912387623.9292,933438749787.869,2155351137411.7983,0.5669203344245956,0.43307966557540445,0.0713439614239465,11
2021-11-11,64962.9312939801,1225879749587.1582,954097906991.9973,2179977656579.1555,0.562335923896955,0.43766407610304503,0.07277606200980442,11
2021-11-12,64078.968037405,1209255835198.8247,936613833383.4039,2145869668582.2285,0.5635271577317077,0.4364728422682923,0.07276585973047042,11
2021-11-13,64397.7912063121,1215334035223.431,936646512263.6592,2151980547487.09,0.5647514038370841,0.4352485961629159,0.07212891001135013,11
2021-11-14,65032.2256548217,1227371081397.81,931173830046.4568,2158544911444.2668,0.5686103980929379,0.4313896019070621,0.07088049840684124,11
2021-11-15,63753.5031592636,1203297567403.2034,920467724702.2335,2123765292105.437,0.5665868878619306,0.43341311213806943,0.07167304608047032,11
2021-11-16,60322.4978530099,1138596574917.1836,851314395839.3657,1989910970756.5493,0.5721846814504961,0.42781531854950394,0.07019158051528729,11
2021-11-17,60154.3083661601,1135477990765.8389,854932682807.2151,1990410673573.054,0.5704742271741859,0.42952577282581406,0.0709109475515461,11
2021-11-18,56794.1556271186,1072102568248.274,800165334605.8663,1872267902854.1404,0.5726224151009208,0.4273775848990792,0.07017754431180351,11
2021-11-19,58014.0729888954,1095180607639.1604,854578240252.164,1949758847891.3242,0.5617005450820776,0.43829945491792244,0.07396974783875414,11
2021-11-20,59749.4738229106,1127995381461.3696,872910770664.2485,2000906152125.6182,0.5637422726013755,0.43625772739862445,0.07386080526517332,11
2021-11-21,59032.6241017534,1114510856672.638,856157995999.6735,1970668852672.3115,0.5655495367277528,0.43445046327224723,0.07301183877977907,11
2021-11-22,56383.5658760958,1064547451127.3552,815880187780.8623,1880427638908.2175,0.5661198703425966,0.4338801296574034,0.07265898028212871,11
2021-11-23,57642.2657980713,1088359834858.612,851195393304.8866,1939555228163.4985,0.561138873002933,0.43886112699706703,0.07543347173702476,11
2021-11-24,57141.8303784337,1078967043352.8656,828562316123.3888,1907529359476.2544,0.565635877630274,0.434364122369726,0.0745857996751317,11
2021-11-25,59008.6554792519,1114264869559.638,867289555572.0847,1981554425131.7227,0.5623185795088963,0.4376814204911037,0.07670134007356831,11
2021-11-26,53800.6178389831,1015965489485.063,780561192405.1013,1796526681890.1643,0.5655165045565279,0.4344834954434721,0.07531527947333418,11
2021-11-27,54635.8824628872,1031787373971.6844,785094094030.7709,1816881468002.4553,0.5678892058412971,0.4321107941587029,0.07480291554998485,11
2021-11-28,57248.5696963764,1081177168314.8127,815387178377.7053,1896564346692.518,0.5700714400754785,0.4299285599245215,0.07495522061080415,11
2021-11-29,57920.7107299825,1093922763691.2256,841902321825.8846,1935825085517.1104,0.56509380515596,0.43490619484404003,0.07680171625287105,11
2021-11-30,57097.0127942724,1078413765008.8096,866462998551.7235,1944876763560.5332,0.5544895107053114,0.4455104892946886,0.08135370660905401,11
2021-12-01,57180.6098439509,1080041656303.1398,854440280793.0363,1934481937096.176,0.5583105407147794,0.44168945928522063,0.08017638258335444,11
2021-12-02,56582.8937691408,1068806660306.1696,850606047464.5227,1919412707770.6924,0.5568404626994151,0.4431595373005849,0.08001614013132294,11
2021-12-03,53671.6160680888,1013871254042.7568,797981396825.8936,1811852650868.6504,0.5595771011272247,0.4404228988727753,0.07886725723740148,11
2021-12-04,49159.7357983635,928688246483.0732,751530937600.7284,1680219184083.8018,0.5527185115372153,0.4472814884627847,0.08335604727532206,11
2021-12-05,49327.0935999416,931901019326.8503,751294936362.6742,1683195955689.5244,0.5536497495593704,0.4463502504406296,0.08495494842766554,11
2021-12-06,50535.4252232612,954783478279.0153,776266162265.9813,1731049640544.9966,0.5515633150638102,0.4484366849361898,0.0859187590063407,11
2021-12-07,50574.4728344828,955569896395.9672,771330239481.737,1726900135877.704,0.5533440391504137,0.44665596084958625,0.0850975286633396,11
2021-12-08,50500.6543513735,954228172561.4713,795158099068.192,1749386271629.6633,0.5454645369273121,0.4545354630726879,0.08766842114629841,11
2021-12-09,47937.8228458212,905851378783.0408,750299275489.7308,1656150654272.7715,0.546961942409042,0.45303805759095805,0.08672249246261308,11
2021-12-10,47437.2289725307,896438217378.843,709904015067.4707,1606342232446.3137,0.5580617873774313,0.4419382126225687,0.08288032818633914,11
2021-12-11,49321.7693252484,932097595289.7968,739586437834.3129,1671684033124.1096,0.5575800072384826,0.44241999276151744,0.08271367877948008,11
2021-12-12,50136.5722568673,947539855067.0088,750426647409.4658,1697966502476.4746,0.5580439035075352,0.4419560964924648,0.08259415241465078,11
2021-12-13,46785.3278410286,884245329814.8835,686144836718.0249,1570390166532.9084,0.5630736543435645,0.4369263456564355,0.0809673141442276,11
2021-12-14,48292.6822501461,912779083729.6282,704344662610.5199,1617123746340.148,0.5644460331470719,0.43555396685292813,0.07973802921844521,11
2021-12-15,48830.6223860316,922989712159.9609,728758882939.5802,1651748595099.541,0.5587955182152511,0.4412044817847489,0.08223614846340556,11
2021-12-16,47663.4691077148,900962599446.6981,714949550151.5295,1615912149598.2275,0.5575566714259244,0.44244332857407564,0.08336470612926468,11
2021-12-17,46334.4837489772,875884494655.8488,699465240991.7172,1575349735647.566,0.5559936786327679,0.44400632136723206,0.08385612112653522,11
2021-12-18,46904.8736753361,886704391681.2982,715725983831.2103,1602430375512.5085,0.5533497150524882,0.4466502849475118,0.08455136812105363,11
2021-12-19,46876.426924021,886210279075.9624,712284283569.2495,1598494562645.212,0.5544030613463262,0.4455969386536738,0.08399884805092629,11
2021-12-20,46954.7634783168,887733510019.3333,715356508515.8276,1603090018535.161,0.5537639806593696,0.4462360193406304,0.0839036124199324,11
2021-12-21,49082.0624666277,928001919405.3176,738283207030.0785,1666285126435.396,0.5569286460538405,0.4430713539461595,0.08208697182922073,11
2021-12-22,48692.0987391584,920673856889.8291,738464916842.0636,1659138773731.8926,0.5549106991327567,0.4450893008672433,0.08183489500399879,11
2021-12-23,50712.9707682642,958932834186.8992,769717806699.3212,1728650640886.2202,0.5547291115429125,0.4452708884570875,0.08088363782762412,11
2021-12-24,50783.8344210988,960320724015.7853,749480689296.9607,1709801413312.746,0.5616562932622453,0.4383437067377547,0.07965457019185035,11
2021-12-25,50590.4508976622,956710327599.5709,763415358535.0083,1720125686134.579,0.5561862922641805,0.4438137077358195,0.08104140502905814,11
2021-12-26,50798.3065859147,960683606726.741,762760182787.7222,1723443789514.4631,0.5574209107204996,0.4425790892795004,0.08012771165795875,11
2021-12-27,50796.3776735827,960694114316.4373,763595450073.7922,1724289564390.2295,0.557153586124134,0.442846413875866,0.07961962373553018,11
2021-12-28,47673.0440452367,901663524613.2404,712577483447.0287,1614241008060.269,0.5585680949195512,0.4414319050804488,0.07983778488999302,11
2021-12-29,46470.3215751023,878957961885.9198,682039767019.8114,1560997728905.7312,0.5630744655228132,0.43692553447718685,0.07830080049791177,11
2021-12-30,47102.4630037989,890949566257.0242,694783366591.6266,1585732932848.651,0.5618534797385457,0.4381465202614543,0.07872279067200881,11
2021-12-31,46355.1173302747,876856588254.3344,688972648441.0854,1565829236695.42,0.5599950286436616,0.4400049713563384,0.07953710408296472,11
2022-01-01,47560.0093816482,899699536194.4493,706307716617.5111,1606007252811.9604,0.560208887362846,0.439791112637154,0.07908029643324915,11
2022-01-02,47352.5577565751,895821904623.96,720862534539.5945,1616684439163.5544,0.554110550533562,0.44588944946643805,0.08093259987302628,11
2022-01-03,46453.432351841,878852778922.5397,709304455394.9755,1588157234317.5151,0.5533789475827389,0.44662105241726113,0.0810583881290742,11
2022-01-04,45905.9611221508,868537343384.6884,708694274225.8282,1577231617610.5166,0.5506720342700903,0.44932796572990974,0.08270473742354985,11
2022-01-05,43530.9440388662,823643008455.5006,666290001979.1791,1489933010434.6797,0.552805396408532,0.447194603591468,0.08145374139553585,11
2022-01-06,43144.9652928112,816379327436.9196,653077303226.6302,1469456630663.5498,0.5555654453498734,0.4444345546501266,0.0791109108436055,11
2022-01-07,41512.7845808299,785531894863.5997,618053348252.2174,1403585243115.8171,0.5596609815587676,0.44033901844123235,0.07684685198331291,11
2022-01-08,41799.8128848627,791000850844.3613,602302952327.0544,1393303803171.4158,0.5677159920499018,0.43228400795009825,0.07399267611977706,11
2022-01-09,41886.4985569842,792678163975.4711,612858959436.1757,1405537123411.6467,0.5639681448266631,0.43603185517333687,0.07531878443992851,11
2022-01-10,41816.9510561075,791399129617.2528,597642827669.2644,1389041957286.517,0.5697445822034383,0.43025541779656173,0.0736511318515233,11
2022-01-11,42768.1786116306,809443647923.8131,626070317404.5385,1435513965328.3516,0.5638702704913535,0.4361297295086465,0.07580295375170071,11
2022-01-12,43961.0265441262,832058044393.2728,654774449363.9583,1486832493757.231,0.5596178775261087,0.4403821224738913,0.07672359076208285,11
2022-01-13,42626.8653924605,806853831547.6661,632077463434.0333,1438931294981.6995,0.5607313110511839,0.4392686889488161,0.07631505401169769,11
2022-01-14,43102.6476180596,815902410549.5798,645851473069.4785,1461753883619.0583,0.55816674728412,0.44183325271588003,0.07676363075871538,11
2022-01-15,43206.6744812975,817916391880.5942,649202910234.5231,1467119302115.1172,0.5574982148359852,0.44250178516401484,0.07717434299858378,11
2022-01-16,43168.8596671537,817247761097.5045,654457517666.5867,1471705278764.0913,0.5553066723955851,0.44469332760441493,0.07774892655460933,11
2022-01-17,42211.270399474,799161712730.7869,635332691296.9475,1434494404027.7344,0.5571034020676012,0.4428965979323988,0.07607258167383833,11
2022-01-18,42431.2319670368,803362185167.5491,622906887513.4181,1426269072680.9673,0.5632613092124783,0.4367386907875217,0.07461005924406193,11
2022-01-19,41787.722012858,791223617186.8657,606032277907.1405,1397255895094.0063,0.5662696575229927,0.43373034247700726,0.07431416091546886,11
2022-01-20,40756.1261630625,771734062475.5161,584085231730.5621,1355819294206.0781,0.5692012687630452,0.4307987312369548,0.07389994885081594,11
2022-01-21,36492.2872241379,691027075447.2771,504421787439.59534,1195448862886.8726,0.5780482100911666,0.4219517899088334,0.07029035019637077,11
2022-01-22,34996.390965225,662729719330.2249,471207791588.9824,1133937510919.2073,0.5844499480337274,0.4155500519662726,0.0686021810884437,11
2022-01-23,36271.0502650497,686900017938.7032,496271292201.9086,1183171310140.6118,0.5805583790373263,0.4194416209626737,0.06984892960934773,11
2022-01-24,36659.7252206312,694295100608.7682,478507526428.82434,1172802627037.5925,0.5919965428134342,0.40800345718656583,0.0665341329211909,11
2022-01-25,36952.586773232,699876683066.1487,481817142853.61523,1181693825919.764,0.5922656679037855,0.40773433209621446,0.06652800831517733,11
2022-01-26,36825.8245993571,697505746691.7056,483530490444.86597,1181036237136.5715,0.5905879301238138,0.40941206987618617,0.06699395869349224,11
2022-01-27,37021.9371332554,701250560952.0532,473085685054.7128,1174336246006.766,0.5971463142150284,0.4028536857849716,0.06516742929472297,11
2022-01-28,37768.8474836353,715434506562.4597,492201123784.8235,1207635630347.2832,0.592425801776584,0.407574198223416,0.06739813541409041,11
2022-01-29,38088.2912279953,721521023451.4706,499834900167.08704,1221355923618.5576,0.5907541032869377,0.40924589671306233,0.0680838442533579,11
2022-01-30,37983.5063845704,719570704158.3319,499687414824.2858,1219258118982.6177,0.590170935059068,0.40982906494093196,0.0687286548144601,11
2022-01-31,38462.6724029807,728682541998.969,511909715183.20593,1240592257182.1748,0.5873666692504317,0.4126333307495683,0.06984090447993405,11
2022-02-01,38787.9640824079,734882587285.7963,528287224088.6232,1263169811374.4194,0.5817765597850943,0.41822344021490565,0.07207334076352105,11
2022-02-02,36942.3307493279,699950267339.7744,506068042153.48804,1206018309493.2625,0.5803811284041578,0.4196188715958422,0.07272547037460891,11
2022-02-03,37057.6521879018,702169321610.3784,506196035300.33826,1208365356910.7168,0.5810902452595387,0.4189097547404613,0.07206752780151106,11
2022-02-04,41079.9060881356,778416466655.57,555938679642.7473,1334355146298.3174,0.5833652823350688,0.4166347176649312,0.07229646963783917,11
2022-02-05,41508.5816925774,786570243049.2509,566306652184.582,1352876895233.833,0.5814056296033491,0.4185943703966509,0.07269845880960929,11
2022-02-06,42358.2251732905,802711930524.7648,574986068432.4324,1377697998957.1973,0.5826472355569587,0.41735276444304126,0.07199008406610788,11
2022-02-07,43888.980119813,831757893938.8804,608952181320.6969,1440710075259.5771,0.5773249651141782,0.4226750348858218,0.07166659301113674,11
2022-02-08,44167.4447945646,837077702292.8624,609259707814.6934,1446337410107.5557,0.5787568629858049,0.42124313701419513,0.07079047398523979,11
2022-02-09,44405.0732042665,841620177986.7826,624757285614.0498,1466377463600.8325,0.5739451122769593,0.4260548877230407,0.07300345943890756,11
2022-02-10,43614.3426960842,826673340569.5298,595216682750.6655,1421890023320.1953,0.5813904922401802,0.41860950775981975,0.07063193645604386,11
2022-02-11,42357.3217416715,802885153204.8153,559018728609.749,1361903881814.5645,0.5895314375160401,0.4104685624839599,0.06903364868016536,11
2022-02-12,42173.4593962595,799449167809.6086,562625191066.9569,1362074358876.5654,0.5869350396324851,0.41306496036751494,0.06902056926338443,11
2022-02-13,42195.5947451782,799910438394.8269,557631462179.2913,1357541900574.1182,0.5892344376674759,0.41076556233252415,0.06827007755460408,11
2022-02-14,42646.1618590883,808492710849.5155,563381269093.6335,1371873979943.149,0.589334532668241,0.410665467331759,0.06885257974858755,11
2022-02-15,44511.9084880187,843912516712.541,603543153766.8247,1447455670479.3657,0.5830316837496347,0.41696831625036535,0.07133502747772737,11
2022-02-16,44065.7092673875,835495877044.4435,597109293292.138,1432605170336.5815,0.5832003781252227,0.41679962187477726,0.07126916894973744,11
2022-02-17,40610.024261543,770015151406.7638,549272148180.25665,1319287299587.0205,0.5836599440074981,0.4163400559925019,0.07111503491117882,11
2022-02-18,40044.2204856809,759320197985.6616,536865469167.78107,1296185667153.4426,0.5858112901782097,0.41418870982179035,0.06954107885706867,11
2022-02-19,40095.887329398,760337246150.2621,537991065259.3764,1298328311409.6384,0.5856278719861994,0.41437212801380063,0.06877501482424214,11
2022-02-20,38551.6224967855,731088089618.0752,513684535114.44116,1244772624732.5164,0.5873266129829738,0.41267338701702616,0.06838593998759966,11
2022-02-21,37098.0360081824,703550978541.0667,491059267471.8167,1194610246012.8833,0.5889376730939901,0.41106232690600986,0.069515059212702,11
2022-02-22,38202.5940818235,724534819639.9742,502205556132.65546,1226740375772.6296,0.5906178959697527,0.40938210403024733,0.06900655052646194,11
2022-02-23,37308.2687344243,707608386323.9312,492167610656.9751,1199775996980.9062,0.5897837497204008,0.4102162502795992,0.0694696441030456,11
2022-02-24,38283.790402104,726142231115.2037,490603296704.5515,1216745527819.7554,0.5967905486501792,0.4032094513498208,0.0677584882652922,11
2022-02-25,39323.7702158387,745900830759.9186,526615378811.58936,1272516209571.5078,0.5861621448508577,0.4138378551491423,0.07091359919132909,11
2022-02-26,39056.5781523086,740863193300.3043,525339103678.8516,1266202296979.156,0.5851064992282985,0.4148935007717015,0.07111949698104322,11
2022-02-27,37664.7792828755,714494212585.6721,497523508055.2275,1212017720640.8997,0.5895080578589698,0.41049194214103024,0.06941450790386575,11
2022-02-28,43179.2545140269,819144394069.7399,551064134172.9313,1370208528242.6711,0.5978246209869342,0.40217537901306577,0.06749688241902296,11
2022-03-01,44334.457582408,841104392825.5334,558799473876.9991,1399903866702.5327,0.600830109003664,0.39916989099633604,0.06698028671680957,11
2022-03-02,43984.584926768,834504066221.5271,553257957975.613,1387762024197.1401,0.6013308129715622,0.3986691870284378,0.0671748264150426,11
2022-03-03,42492.7744552893,806239776434.6935,534563242684.85236,1340803019119.546,0.6013111284341531,0.39868887156584687,0.06676320782245437,11
2022-03-04,39106.4052159556,742022224694.9856,495717848919.25665,1237740073614.2422,0.5994976170790496,0.4005023829209504,0.06694101616711284,11
2022-03-05,39383.8848433665,747317522202.4407,508205763924.89075,1255523286127.3315,0.5952239440397363,0.40477605596026367,0.0676135948473444,11
2022-03-06,38399.3426268264,728667065433.831,488658262513.6376,1217325327947.4688,0.5985803866107312,0.4014196133892688,0.0666132279606325,11
2022-03-07,38146.734273232,723908847546.8259,478492322907.1065,1202401170453.9324,0.6020526803658506,0.3979473196341494,0.06556264170167433,11
2022-03-08,38725.477261543,734927448074.0189,489514307144.3806,1224441755218.3994,0.6002142976110223,0.3997857023889777,0.0665650895876179,11
2022-03-09,41989.4028179427,796906050430.487,518550802263.0678,1315456852693.555,0.6058017401321273,0.3941982598678727,0.06494427386781088,11
2022-03-10,39482.2584672706,749359384983.7482,496389960616.9226,1245749345600.671,0.6015330352210017,0.39846696477899834,0.06614138879165456,11
2022-03-11,38825.3644214494,736925253813.8165,497565370741.64764,1234490624555.464,0.5969468209442099,0.4030531790557901,0.06600342361378497,11
2022-03-12,38951.1300157802,739350326402.711,498863177290.3092,1238213503693.0203,0.5971105340052986,0.40288946599470143,0.06619017552575382,11
2022-03-13,37808.3174004091,717693726421.2742,485159644810.05835,1202853371231.3325,0.5966593631330044,0.4033406368669956,0.06655921567267578,11
2022-03-14,39649.0453243717,752673129199.2288,498288886015.1661,1250962015214.3948,0.6016754466123679,0.39832455338763206,0.06530743920078845,11
2022-03-15,39356.8139000584,747159778521.4589,501820298010.3008,1248980076531.7598,0.5982159303903514,0.40178406960964863,0.0666018602433377,11
2022-03-16,41101.768579135,780326259892.9254,527365973562.919,1307692233455.8445,0.5967201149698301,0.40327988503016987,0.06736730858298659,11
2022-03-17,40966.4169324956,777797289016.2966,532592987855.4369,1310390276871.7334,0.5935615539464436,0.4064384460535564,0.06874096723041383,11
2022-03-18,41826.1160710111,794157105661.4315,551206864358.51,1345363970019.9414,0.590291641041688,0.40970835895831204,0.07043222672319897,11
2022-03-19,42193.1615362361,801167113251.2291,558190948724.8016,1359358061976.0308,0.5893716568588357,0.41062834314116425,0.06988877278577392,11
2022-03-20,41294.7235129164,784147246647.208,544452182174.45746,1328599428821.6655,0.5902059188318844,0.40979408116811555,0.06930220208775888,11
2022-03-21,41064.429648159,779813454595.2156,554416121164.8512,1334229575760.067,0.5844672227048943,0.41553277729510574,0.07057963790626877,11
2022-03-22,42383.169518761,804895791994.0563,571116836430.3976,1376012628424.4539,0.5849479687665867,0.4150520312334133,0.07023152961532941,11
2022-03-23,42734.2000355932,811600915721.3618,582402831888.6564,1394003747610.018,0.5822085608541797,0.4177914391458203,0.07069576977309558,11
2022-03-24,43974.5935882525,835197568855.9592,598030892882.2571,1433228461738.2163,0.5827386150586442,0.4172613849413558,0.07072432802112591,11
2022-03-25,44347.034279661,842314472588.2869,591560972409.9174,1433875444998.204,0.5874390802398752,0.41256091976012477,0.07000367879557089,11
2022-03-26,44519.9268641145,845643141455.3472,600834055798.4469,1446477197253.794,0.5846225181156267,0.4153774818843733,0.0706569162000825,11
2022-03-27,46777.2056265342,888557797875.1592,627269003961.1732,1515826801836.3325,0.5861868894247846,0.4138131105752154,0.0703064551921698,11
2022-03-28,47223.6528860316,897085228548.5029,635349030452.6129,1532434259001.1157,0.5853988340963145,0.41460116590368545,0.07086449623202577,11
2022-03-29,47463.7096770894,901690266879.8414,641521114569.2393,1543211381449.0806,0.584294723146191,0.415705276853809,0.07160569883071191,11
2022-03-30,47123.2971478667,895263051309.1227,641868572500.6577,1537131623809.7803,0.5824244569832046,0.41757554301679545,0.07191876637924802,11
2022-03-31,45562.2106665693,865644342353.4548,618944507493.1306,1484588849846.5854,0.5830869216368618,0.4169130783631382,0.07202871552543784,11
2022-04-01,46250.3362878434,878758918482.4454,642229384364.4594,1520988302846.9048,0.5777552114224885,0.42224478857751147,0.07451880599031376,11
2022-04-02,45939.8973489188,872899323456.1627,643716090198.7179,1516615413654.8806,0.5755574653910241,0.42444253460897585,0.07514090707530177,11
2022-04-03,46440.5438538866,882452402068.5902,657211015433.1338,1539663417501.724,0.5731463071977562,0.42685369280224383,0.07582883960660085,11
2022-04-04,46663.0041770894,886725621050.4031,655463745350.0366,1542189366400.4397,0.574978430255989,0.42502156974401095,0.07555034141730385,11
2022-04-05,45693.0350619521,868334945220.4375,641838413537.6177,1510173358758.0552,0.5749902421365344,0.4250097578634656,0.07496448568281387,11
2022-04-06,43304.9371990064,822992941537.3003,592081314276.4092,1415074255813.7095,0.5815899329353957,0.41841006706460426,0.07351825392222154,11
2022-04-07,43569.0471697837,828049823775.4825,605254241313.5378,1433304065089.0205,0.5777209762703447,0.4222790237296553,0.074323150429577,11
2022-04-08,42222.0689772063,802485243344.1832,588087167523.2292,1390572410867.4126,0.5770898639097897,0.42291013609021033,0.07545262568998608,11
2022-04-09,42680.9947355932,811248536966.8553,600397268554.4028,1411645805521.2583,0.5746827807612103,0.42531721923878973,0.07633287614144636,11
2022-04-10,42264.4633909994,803368401022.6544,594840062510.0487,1398208463532.7031,0.5745698313060341,0.4254301686939659,0.07614273358643021,11
2022-04-11,39544.0251835184,751691818357.7858,547966963341.3181,1299658781699.104,0.5783762853316501,0.4216237146683499,0.07549304007651568,11
2022-04-12,40096.3669748685,762229617848.9938,558688846517.4266,1320918464366.4204,0.5770451685029612,0.42295483149703883,0.07551694180409646,11
2022-04-13,41152.7554517826,782347510376.0757,573370373368.8337,1355717883744.9094,0.5770725014078825,0.42292749859211753,0.07577959786578653,11
2022-04-14,39916.4963842782,758879643233.893,559348998685.3794,1318228641919.2725,0.5756813492756488,0.42431865072435115,0.07565260743088252,11
2022-04-15,40527.3319567504,770532674214.2937,570802660950.1239,1341335335164.4175,0.5744519316042948,0.42554806839570525,0.07499450664973066,11
2022-04-16,40439.5881209819,768898298022.5022,574584584713.4823,1343482882735.9844,0.5723171526061065,0.4276828473938935,0.0758082751551564,11
2022-04-17,39704.7839798364,754968041603.9386,558727521545.4084,1313695563149.3472,0.5746902576073557,0.4253097423926443,0.07547017221129274,11
2022-04-18,40818.8786025716,776186219648.7058,570577974568.3329,1346764194217.0386,0.5763341667246754,0.4236658332753246,0.07492241870367157,11
2022-04-19,41489.6638011689,788973605180.1066,578752676075.133,1367726281255.2397,0.5768505116798816,0.42314948832011845,0.07482299049044835,11
2022-04-20,41395.64458346,787227117424.9536,572065149294.354,1359292266719.3076,0.5791448511106075,0.42085514888939246,0.07436861937258411,11
2022-04-21,40457.4959418469,769428938686.3944,554441297033.355,1323870235719.7495,0.5811966444491279,0.4188033555508721,0.07376385439547041,11
2022-04-22,39737.9735040912,755778442607.8029,550996875418.8744,1306775318026.6772,0.578353778328995,0.42164622167100496,0.07458701649317195,11
2022-04-23,39582.4548720047,752860950838.1914,546363377611.0074,1299224328449.1987,0.5794695606853618,0.4205304393146382,0.07431106547551199,11
2022-04-24,39511.6456928697,751556383525.864,541313532060.0246,1292869915585.8887,0.5813085867848367,0.41869141321516334,0.07400785732941081,11
2022-04-25,40473.7483176505,769897647999.5433,555692170165.0261,1325589818164.5693,0.5807962896588589,0.4192037103411411,0.07442392668162096,11
2022-04-26,38072.800873758,724259783050.5642,514131213615.799,1238390996666.3633,0.5848393479928441,0.4151606520071559,0.07357962667010261,11
2022-04-27,39218.5376174752,746096829666.1973,527935044173.4885,1274031873839.6858,0.585618652865886,0.414381347134114,0.07360921013967905,11
2022-04-28,39747.9894270018,756201958477.4653,532988872439.98706,1289190830917.4524,0.586571002788869,0.413428997211131,0.07381755991132756,11
2022-04-29,38609.5059070719,734578607327.6136,510731426985.3022,1245310034312.9158,0.5898760847397397,0.41012391526026026,0.07292575214780815,11
2022-04-30,37714.0949804208,717578011718.2109,490098364563.8031,1207676376282.0142,0.5941807141474162,0.40581928585258376,0.07237963567281026,11
2022-05-01,38459.226979135,731795620564.7079,508646433286.518,1240442053851.2258,0.5899474451810844,0.41005255481891556,0.0735607963712226,11
2022-05-02,38566.0628877849,733867042100.8314,511832607440.6371,1245699649541.4685,0.5891203729333645,0.4108796270666355,0.07419807974161881,11
2022-05-03,37704.4053153127,717506054791.5656,499896572757.8331,1217402627549.3987,0.5893744916880026,0.4106255083119974,0.07375593506434586,11
2022-05-04,39641.852176505,754411390672.5853,533566523927.7821,1287977914600.3674,0.5857331729998363,0.4142668270001637,0.07408244532836225,11
2022-05-05,36502.0245601403,694694154668.1462,495393520899.4846,1190087675567.6309,0.583733592852141,0.416266407147859,0.07524610796852724,11
2022-05-06,36042.9995584453,685990134639.4475,489704682288.84753,1175694816928.295,0.5834763620305096,0.41652363796949043,0.07484064759199982,11
2022-05-07,35508.7110227937,675852998119.4371,477239333478.6668,1153092331598.104,0.5861221860549128,0.41387781394508716,0.07425025606643738,11
2022-05-08,34058.9066861484,648291225672.0372,459212850398.06226,1107504076070.0996,0.5853623834708158,0.4146376165291842,0.07397879227408655,11
2022-05-09,30457.9218194039,579778106079.444,404943265442.9161,984721371522.3601,0.5887737616409384,0.4112262383590616,0.07413344204079814,11
2022-05-10,30990.7351659848,589950045319.7169,418978707787.20276,1008928753106.9197,0.5847291431659674,0.41527085683403264,0.07560089761001185,11
2022-05-11,28796.5568217417,548207026149.2423,359385211764.9349,907592237914.1772,0.6040234846092649,0.3959765153907351,0.0718236987055991,11
2022-05-12,29030.7070417884,552689095253.7048,340821103961.7988,893510199215.5037,0.6185593580677226,0.38144064193227745,0.06746144541656166,11
2022-05-13,29285.9346718293,557575962443.4471,358763071020.1535,916339033463.6006,0.6084821688059145,0.39151783119408545,0.06884027457671339,11
2022-05-14,30051.935755114,572186367858.131,366316644661.3266,938503012519.4575,0.6096798414339326,0.3903201585660674,0.06831811801940517,11
2022-05-15,31182.6212460549,593738302710.129,383215093715.4303,976953396425.5593,0.6077447551566704,0.39225524484332963,0.06859474687899925,11
2022-05-16,29889.6124757452,569149173743.4916,361604454713.95135,930753628457.4429,0.6114928337016039,0.3885071662983961,0.06766964497388092,11
2022-05-17,30438.1944476914,579623074735.8606,374900437620.56366,954523512356.4243,0.6072381321492542,0.39276186785074585,0.06875837359759084,11
2022-05-18,28771.2204786675,547903613073.46497,342906137904.9483,890809750978.4133,0.6150624333329082,0.3849375666670918,0.06676838505867684,11
2022-05-19,30257.8852483928,576237927167.5203,358477459135.4648,934715386302.9851,0.6164849061131583,0.3835150938868417,0.06663956337299096,11
2022-05-20,29224.245998422,556576449741.6575,349206937640.00885,905783387381.6663,0.6144697037892738,0.3855302962107262,0.06713708643830134,11
2022-05-21,29420.0782857978,560330903433.8232,352370161158.03204,912701064591.8552,0.6139259886635433,0.3860740113364567,0.06708936909969666,11
2022-05-22,30331.87514173,577719993300.8108,363944681921.8871,941664675222.6979,0.6135092549417165,0.3864907450582835,0.06740646726994923,11
2022-05-23,29088.2515419638,554062243386.7935,350270758143.36035,904333001530.1538,0.6126750239671741,0.3873249760328259,0.06774626767503812,11
2022-05-24,29643.6837556984,564664143267.9167,353583307328.43463,918247450596.3513,0.6149367938905775,0.38506320610942246,0.06671925331758126,11
2022-05-25,29577.259880187,563425495600.498,348264991971.6119,911690487572.1099,0.6180008492804792,0.38199915071952084,0.06573727148929955,11
2022-05-26,29332.4860467563,558788579642.6685,326296967026.7876,885085546669.456,0.6313384980077565,0.36866150199224346,0.0616272892626556,11
2022-05-27,28612.0413103448,545088669358.9464,312744045320.7346,857832714679.681,0.6354253691088072,0.3645746308911928,0.06015922192439149,11
2022-05-28,29045.5206344243,553373761224.6202,323760774804.9646,877134536029.5848,0.6308881231943141,0.3691118768056859,0.06175334844945882,11
2022-05-29,29430.0689800117,560727563224.8401,328491156408.8767,889218719633.7168,0.6305845241942417,0.3694154758057583,0.06153765931284032,11
2022-05-30,31735.9549719462,604691877439.0,361047000001.83234,965738877440.8323,0.6261442834748543,0.3738557165251457,0.06290969662949472,11
2022-05-31,31831.4095251315,606539699591.0908,358270455152.75854,964810154743.8494,0.6286622260439652,0.37133777395603484,0.06117596001203391,11
2022-06-01,29825.9221992987,568350982618.1753,334023385416.44293,902374368034.6182,0.6298394577142636,0.37016054228573636,0.061276801297593185,11
2022-06-02,30504.2679997078,581301103485.3453,338754666648.1085,920055770133.4539,0.6318107253444297,0.3681892746555703,0.060168268089110716,11
2022-06-03,29662.6709708942,565289816719.395,327246840625.5492,892536657344.9442,0.6333519324584155,0.3666480675415845,0.05978337243725634,11
2022-06-04,29792.4076779077,567788127583.5596,320409412980.35046,888197540563.91,0.6392588378741457,0.3607411621258543,0.0603861335435054,10
2022-06-05,29915.4093009936,570159608584.3286,321715839969.0452,891875448553.3738,0.6392816502675684,0.36071834973243155,0.06035983115935828,10
2022-06-06,31333.6770197545,597219834771.5532,330742068638.3565,927961903409.9097,0.6435822770061959,0.35641772299380414,0.05926705832702969,10
2022-06-07,31175.0324289889,594227633838.3704,326172270888.7223,920399904727.0927,0.6456189649591114,0.3543810350408886,0.05814131482775034,10
2022-06-08,30228.464698422,576218725147.5542,323782152690.5899,900000877838.144,0.6402424034648344,0.3597575965351656,0.05936462849697151,10
2022-06-09,30064.4855289305,573120367821.6552,322599615111.4691,895719982933.1243,0.639843230855379,0.360156769144621,0.059444965151484376,10
2022-06-10,29070.4000300994,554196788670.7576,300913792280.3484,855110580951.106,0.6480995569653064,0.3519004430346936,0.05718886206871558,10
2022-06-11,28360.7899231444,540696111012.39246,278539441875.587,819235552887.9795,0.6600007886697833,0.3399992113302167,0.05393012357777629,10
2022-06-12,26830.2839456458,511538437846.9446,263212997327.34628,774751435174.2909,0.6602613620610681,0.3397386379389319,0.054020154749141396,10
2022-06-13,22316.2570400351,425493856127.20056,222191592214.89862,647685448342.0991,0.6569452150211968,0.34305478497880315,0.05342131778675842,10
2022-06-14,22072.8663085915,420873377970.2221,227696583008.19388,648569960978.416,0.648925178920256,0.35107482107974397,0.0546165852631709,10
2022-06-15,22520.7910087668,429437386455.3185,237064325456.18845,666501711911.507,0.6443155040423001,0.3556844959576999,0.054550668819144735,10
2022-06-16,20310.1769848042,387299429738.92505,207585058851.92935,594884488590.8544,0.6510498040659104,0.3489501959340896,0.05229182979239109,10
2022-06-17,20464.9290873174,390264246951.8146,213762221709.01706,604026468660.8317,0.6461045454134772,0.35389545458652283,0.05311586878120909,10
2022-06-18,19013.8672536528,362611174621.4809,198197315726.81155,560808490348.2925,0.6465864566285002,0.35341354337149977,0.05221400171081907,10
2022-06-19,20492.2951683226,390823129715.5468,219749070557.7874,610572200273.3342,0.6400932265514012,0.3599067734485988,0.05486788470623203,10
2022-06-20,20571.6292247224,392353137499.7772,219939028597.1047,612292166096.882,0.6407939856569974,0.3592060143430026,0.05455980884323108,10
2022-06-21,20688.4651312098,394600889959.4376,221246942480.3166,615847832439.7542,0.6407441403117057,0.3592558596882943,0.05436848680692897,10
2022-06-22,20003.1683375219,381546027327.4448,210185436684.70782,591731464012.1526,0.6447959091788448,0.3552040908211552,0.05261593738053037,10
2022-06-23,21097.1028331385,402432082094.10394,224907314428.5637,627339396522.6676,0.6414902113987717,0.3585097886012283,0.05426092863218281,10
2022-06-24,21299.0769853887,406301957818.1101,241605469699.68555,647907427517.7957,0.6270987807235016,0.37290121927649844,0.05793304700286717,10
2022-06-25,21468.3431566335,409551146129.82904,242510258281.05496,652061404410.884,0.6280867773485919,0.37191322265140814,0.057874214539852906,10
2022-06-26,21066.6209430158,401905669584.81177,236302574220.4088,638208243805.2206,0.6297406426286657,0.3702593573713343,0.057162496509086065,10
2022-06-27,20751.0516960842,395902927689.18256,233683433086.8625,629586360776.045,0.6288302167175001,0.37116978328249994,0.05758270891198071,10
2022-06-28,20263.2196393922,386614220232.3532,223075207487.71237,609689427720.0656,0.6341166545696841,0.36588334543031586,0.056397825578676834,10
2022-06-29,20080.9480864991,383155502450.5327,216292257776.42902,599447760226.9617,0.6391808058561487,0.36081919414385133,0.05457037921489172,10
2022-06-30,19332.9121294565,368903228195.36633,208489398852.1104,577392627047.4768,0.6389122598980344,0.36108774010196565,0.053873883290309066,10
2022-07-01,19341.8631240795,369090226458.1767,210180970411.09302,579271196869.2698,0.6371630912307783,0.3628369087692217,0.05511893844186931,10
2022-07-02,19231.8317083577,367007144409.2251,210585825457.272,577592969866.4971,0.635407914493928,0.36459208550607203,0.0554558493808495,10
2022-07-03,19276.5146639392,367878517546.52386,212160472541.17044,580038990087.6943,0.6342306704087348,0.3657693295912652,0.05570002137331015,10
2022-07-04,20226.2984745763,386022540612.4449,223487171141.96713,609509711754.412,0.633332879145302,0.366667120854698,0.056864695806714764,10
2022-07-05,20193.3427938048,385408468112.8211,219914640768.02274,605323108880.8439,0.6366987522174503,0.3633012477825497,0.05618470549481809,10
2022-07-06,20560.8438126826,392438882291.5653,228057318985.72794,620496201277.2932,0.6324597660448665,0.36754023395513347,0.057877967207594215,10
2022-07-07,21651.4191423144,413275623808.41907,236838970516.17627,650114594324.5953,0.6356965793665523,0.36430342063344767,0.05719925746001646,10
2022-07-08,21813.7871239042,416395031613.0832,235256694935.53683,651651726548.62,0.6389840073292828,0.36101599267071716,0.05644472438164733,10
2022-07-09,21585.1321922852,412048402705.49554,234156319666.08066,646204722371.5762,0.6376437504097383,0.3623562495902617,0.05637329014666765,10
2022-07-10,20831.2733915839,397677569200.7721,224196104785.95853,621873673986.7306,0.6394828818710496,0.3605171181289504,0.05602164439506198,10
2022-07-11,19971.3294704851,381276239330.9752,211653126356.3221,592929365687.2974,0.6430382122987226,0.3569617877012774,0.05490561929598247,10
2022-07-12,19339.1534734074,369225505108.16406,203679559507.69385,572905064615.8579,0.6444793874456943,0.35552061255430567,0.0537928993583092,10
2022-07-13,20155.5278386908,384825682177.9338,214962017992.94415,599787700170.8779,0.641603157364344,0.35839684263565597,0.05506764238896085,10
2022-07-14,20552.8990289304,392428543677.9312,226389255276.91565,618817798954.8469,0.6341584620557519,0.3658415379442481,0.057937187036060656,10
2022-07-15,20831.722700526,397770775563.73773,232511256129.96875,630282031693.7065,0.6310996594569579,0.3689003405430421,0.05930601264978268,10
2022-07-16,21196.5091428989,404755787365.4628,249895784517.65778,654651571883.1206,0.6182766600577668,0.3817233399422332,0.06381166023095804,10
2022-07-17,20827.8886085915,397732973007.4675,247962278199.01678,645695251206.4844,0.6159763019230848,0.38402369807691517,0.06459121887705288,10
2022-07-18,22305.7066428989,425971905281.9996,281283874115.1079,707255779397.1074,0.602288334278604,0.39771166572139605,0.07031912604309908,10
2022-07-19,23371.2026601403,446339832050.2446,281424035896.0187,727763867946.2633,0.6133030941887891,0.38669690581121086,0.06613626341635347,10
2022-07-20,23280.9356680304,444634259889.05206,275395488619.99854,720029748509.0505,0.6175220687891664,0.3824779312108336,0.06542577555437713,10
2022-07-21,23152.4093112215,442199694644.768,283534563350.99286,725734257995.7609,0.6093135190640966,0.3906864809359034,0.06817892293616198,10
2022-07-22,22706.0835554646,433693823514.26,276180811487.8063,709874635002.0663,0.6109442458286986,0.38905575417130145,0.06767292213972517,10
2022-07-23,22484.4592317358,429482365773.2771,279272218355.2685,708754584128.5457,0.6059676725778786,0.39403232742212135,0.0689564647820763,10
2022-07-24,22653.3570260082,432730761552.05457,286450896675.33716,719181658227.3917,0.6016988289420936,0.3983011710579064,0.07077647811923243,10
2022-07-25,21510.1255874342,410911525111.4701,263572159014.04633,674483684125.5164,0.609223817836641,0.39077618216335896,0.0679532484910905,10
2022-07-26,21181.6591967855,404657958397.2495,258737613735.98743,663395572133.2369,0.6099798904234737,0.39002010957652633,0.06756819850910491,10
2022-07-27,22898.4150683226,437478763559.1204,290164757443.55914,727643521002.6796,0.6012267696086713,0.3987732303913287,0.0712862461629636,10
2022-07-28,23838.5568838691,455461367222.4853,305911859182.8162,761373226405.3015,0.5982103801743479,0.4017896198256521,0.0723454603567751,10
2022-07-29,23950.7403798948,457626609085.48505,309711747759.5776,767338356845.0626,0.5963817721389977,0.4036182278610023,0.07290281357505699,10
2022-07-30,23623.4349611338,451391833403.0792,304100993559.43146,755492826962.5107,0.5974799724014829,0.4025200275985171,0.07166177632014188,10
2022-07-31,23356.1722215079,446307219209.83734,301082734867.1898,747389954077.0271,0.5971544262472657,0.40284557375273433,0.07204487482506385,10
2022-08-01,23331.4426969608,445854500671.93616,295194058911.4824,741048559583.4186,0.6016535555005651,0.3983464444994349,0.07011308480839926,10
2022-08-02,23031.4268834015,440143630646.2181,293773102434.8466,733916733081.0647,0.5997187566475638,0.4002812433524362,0.0712310311389295,10
2022-08-03,22809.7474418469,435927882119.2917,290091273186.05695,726019155305.3486,0.6004357859345315,0.3995642140654685,0.07085674723841505,10
2022-08-04,22628.3320821157,432479435664.96185,289429588863.9834,721909024528.9453,0.599077475097586,0.400922524902414,0.07101500796004376,10
2022-08-05,23248.9715023378,444363077389.24005,306793909980.18085,751156987369.4209,0.5915715154902782,0.4084284845097218,0.07422384275088854,10
2022-08-06,22996.2750452952,439556370388.69934,302815148498.13464,742371518886.834,0.5920975673309804,0.4079024326690196,0.0737308150278803,10
2022-08-07,23153.6584713618,442587644255.7987,304318708532.79376,746906352788.5925,0.592561092302117,0.40743890769788305,0.07331382018141348,10
2022-08-08,23803.6505154296,455033818812.5433,316225434595.1766,771259253407.7198,0.5899881483457462,0.4100118516542538,0.07461302603664892,10
2022-08-09,23186.2917464641,443253027415.8556,304192163498.96893,747445190914.8245,0.5930241211042413,0.4069758788957587,0.07349136582985799,10
2022-08-10,23923.0584830508,457359947811.3196,325501531605.86975,782861479417.1893,0.5842156752326181,0.4157843247673819,0.07736594226600921,10
2022-08-11,23934.4390561075,457598463723.42834,328723650068.17993,786322113791.6083,0.5819478502479221,0.41805214975207794,0.0784690667349858,10
2022-08-12,24396.3088462887,466452355020.96,339314504238.5864,805766859259.5464,0.5788924546358273,0.4211075453641727,0.08012599665759526,10
2022-08-13,24426.2225748101,467045519559.2559,343027307185.7084,810072826744.9644,0.5765475697239948,0.4234524302760052,0.08111109015846683,10
2022-08-14,24314.2021315021,464923825825.5608,338196732214.2737,803120558039.8345,0.5788966814151715,0.4211033185848285,0.07963822465204805,10
2022-08-15,24083.9539748685,460542963581.37946,331882308179.474,792425271760.8535,0.5811815700400416,0.41881842995995844,0.07896320049787439,10
2022-08-16,23868.8193530099,456451152283.4359,330346469382.1514,786797621665.5874,0.5801379410847296,0.4198620589152704,0.07862206196787506,10
2022-08-17,23336.3489310345,446287363119.0393,323189039878.0543,769476402997.0936,0.579988367909347,0.42001163209065295,0.07855587468203039,10
2022-08-18,23221.1706028638,444105576817.22424,321632457009.5882,765738033826.8125,0.5799706390418997,0.4200293609581003,0.0796342573193004,10
2022-08-19,20906.7663141438,399865784896.4949,283350984644.28265,683216769540.7776,0.58526927722407,0.41473072277593004,0.07728840933415601,10
2022-08-20,21146.6548021625,404473619044.4959,279196113592.7903,683669732637.2861,0.591621362970423,0.408378637029577,0.07451935956058979,10
2022-08-21,21553.9961717125,412284535348.17566,286793385773.0791,699077921121.2548,0.5897547653728076,0.4102452346271924,0.07522678241517959,10
2022-08-22,21301.0840581531,407466140105.9246,284392260643.41565,691858400749.3403,0.5889444135745188,0.41105558642548123,0.07548628226553206,10
2022-08-23,21534.5143521333,411954552631.3741,292669569126.26733,704624121757.6414,0.5846444081473948,0.4153555918526052,0.07726584347556502,10
2022-08-24,21424.9728232028,409878577064.975,291354917418.45264,701233494483.4276,0.5845108373879333,0.4154891626120667,0.07742111806011269,10
2022-08-25,21587.8395844535,413015814390.91345,296757510173.90814,709773324564.8215,0.5818981921364021,0.41810180786359785,0.07852096221408307,10
2022-08-26,20246.1655733489,387369347817.70264,268669364168.54434,656038711986.247,0.590467209846335,0.40953279015366495,0.07452332415440771,10
2022-08-27,20043.9909485681,383519310960.92694,267534314838.71344,651053625799.6404,0.5890748407857784,0.41092515921422157,0.07447930722664475,10
2022-08-28,19673.5412188778,376450966908.22253,258768942704.7701,635219909612.9927,0.5926309317627891,0.40736906823721086,0.07324143739210676,10
2022-08-29,20270.960383986,387902405358.73914,274882354610.83307,662784759969.5723,0.5852615038652176,0.4147384961347824,0.07647797719067709,10
2022-08-30,19825.4632066043,379397503826.90955,270753266669.00443,650150770495.914,0.583553109592591,0.416446890407409,0.0771526914831014,10
2022-08-31,20024.6716059614,383228003505.9351,273416595458.00604,656644598963.9412,0.5836155571988183,0.4163844428011817,0.07749086983586216,10
2022-09-01,20105.4626072472,384791505857.64453,279488560031.8009,664280065889.4454,0.5792609557573032,0.4207390442426968,0.07890140096998642,10
2022-09-02,19948.8567472823,381810364146.53986,278027558836.02136,659837922982.5613,0.5786426497293498,0.42135735027065024,0.07903189948059328,10
2022-09-03,19803.8332697253,379052887734.96625,276332611851.493,655385499586.4592,0.5783663019309159,0.42163369806908413,0.07852299739927474,10
2022-09-04,19961.9118907072,382099532564.477,280371618933.839,662471151498.3159,0.576779127212226,0.423220872787774,0.07895186041637244,10
2022-09-05,19797.7967884278,378977066517.5075,285952748534.0668,664929815051.5742,0.569950478890938,0.430049521109062,0.08147679374581598,10
2022-09-06,18846.150537405,360777012676.73267,274928703359.2313,635705716035.964,0.5675220523836257,0.43247794761637426,0.08307773159801614,10
2022-09-07,19292.9070745178,369346999995.14307,287036963379.3585,656383963374.5016,0.5626996096862458,0.43730039031375423,0.08468848889447816,10
2022-09-08,19319.1248512566,369864252540.92334,288016754683.43225,657881007224.3556,0.5622053965372942,0.4377946034627058,0.08460858808384276,10
2022-09-09,21363.3136152542,409017455131.7917,302778072509.2726,711795527641.0642,0.5746277396365521,0.4253722603634479,0.08039596072851937,10
2022-09-10,21715.2107980713,415785927560.1788,311619398274.10425,727405325834.283,0.5716014342942862,0.4283985657057138,0.08195906599057443,10
2022-09-11,21732.7705686733,416141395725.3066,308050917067.5072,724192312792.8137,0.574628297448335,0.425371702551665,0.08091281383898892,10
2022-09-12,22365.2145601987,428261637184.8132,302292072899.6701,730553710084.4833,0.5862151287073579,0.4137848712926421,0.07649255555742905,10
2022-09-13,20165.0421607247,386157248713.93646,278574108270.78394,664731356984.7205,0.580922269810739,0.419077730189261,0.07805801266173408,10
2022-09-14,20246.3660424313,387730658256.55914,288714980952.57275,676445639209.1318,0.5731881998823667,0.4268118001176333,0.08069395415031867,10
2022-09-15,19696.8698661601,377225556977.20856,265735725718.09454,642961282695.3031,0.5867002681652518,0.4132997318347482,0.07476088785974064,10
2022-09-16,19741.5776168907,378097572891.12006,264517170802.38388,642614743693.5039,0.5883736353728203,0.4116263646271797,0.07243920255191973,10
2022-09-17,20120.7023459965,385380080042.85626,273268394505.40372,658648474548.26,0.585107375079207,0.41489262492079304,0.07302777823115389,10
2022-09-18,19427.1002626534,372113932908.28754,251402612243.74536,623516545152.033,0.5967988111968295,0.40320118880317046,0.06886557298370025,10
2022-09-19,19557.9769582116,374636684861.2995,259768371663.76486,634405056525.0643,0.590532312137235,0.409467687862765,0.0705308759632447,10
2022-09-20,18872.9498667446,361532792864.26184,255299397512.86646,616832190377.1283,0.5861120714909875,0.41388792850901246,0.07012199161265059,10
2022-09-21,18506.7607481005,354534333416.6793,242881190804.59158,597415524221.2709,0.5934468038453029,0.4065531961546971,0.06749591356628461,10
2022-09-22,19414.5396449445,371940200960.5232,264646401228.9346,636586602189.4578,0.5842727441659669,0.41572725583403314,0.06843681537861664,10
2022-09-23,19326.8648199883,370276849734.6182,268610911511.28992,638887761245.9082,0.5795647877375734,0.42043521226242664,0.06886554262257347,10
2022-09-24,18924.7677872589,362590477877.56635,263973546454.68976,626564024332.2561,0.5786966116734639,0.42130338832653613,0.06959176256890061,10
2022-09-25,18793.1561531268,360086121322.0783,261167579472.16785,621253700794.2461,0.5796120342812022,0.4203879657187978,0.06888406786417475,10
2022-09-26,19201.1317209234,367921135053.928,263276073918.05646,631197208971.9844,0.5828941095179306,0.41710589048206936,0.06949521171963755,10
2022-09-27,19106.7389135009,366127838719.62805,260485897485.86786,626613736205.4958,0.5842959028264226,0.41570409717357737,0.06963641185625066,10
2022-09-28,19454.937210111,372818335629.0543,261217179597.5026,634035515226.5569,0.5880085999533274,0.41199140004667256,0.0688327461293009,10
2022-09-29,19540.8664105786,374482476447.19543,264760570584.60736,639243047031.8027,0.585821743679544,0.414178256320456,0.06824888753139943,10
2022-09-30,19435.1946917008,372477904951.7994,263061166019.0569,635539070970.8562,0.5860818350361973,0.41391816496380274,0.06828210453601924,10
2022-10-01,19311.861629398,370136058133.8757,260714666730.9914,630850724864.8671,0.586725264068075,0.413274735931925,0.06789726223585851,10
2022-10-02,19015.2928050847,364470603274.7758,252510551421.9133,616981154696.6891,0.59073214878654,0.40926785121346,0.06713296817679973,10
2022-10-03,19633.4325859147,376337531461.188,260625737335.75113,636963268796.9391,0.5908308216453257,0.40916917835467426,0.0674568737559025,10
2022-10-04,20339.9712811221,389901326705.8898,268950559774.60114,658851886480.491,0.5917890419783066,0.4082109580216934,0.06700323877211765,10
2022-10-05,20155.0996987142,386379527832.91864,268360294975.27798,654739822808.1967,0.5901268173604081,0.40987318263959194,0.06710744313424741,10
2022-10-06,19950.5477957335,382478030109.5451,267963501462.37143,650441531571.9165,0.5880283031515742,0.41197169684842583,0.0677351696828792,10
2022-10-07,19539.1439216832,374611763556.60834,267975086402.7323,642586849959.3406,0.5829745248915563,0.4170254751084437,0.06819853064964569,10
2022-10-08,19416.1772291058,372275436651.0157,265859756308.20987,638135192959.2256,0.5833802002435597,0.41661979975644026,0.06775067528082368,10
2022-10-09,19428.3671323787,372528344873.01337,268832610838.66586,641360955711.6792,0.5808403856758654,0.4191596143241346,0.06798999859345269,10
2022-10-10,19154.4042346581,367295367833.3886,259536756461.39874,626832124294.7874,0.5859549209393368,0.41404507906066323,0.06745442098344034,10
2022-10-11,19039.2820683811,365106524490.82605,254953521570.72873,620060046061.5548,0.5888244643561199,0.4111755356438801,0.0671529153569252,10
2022-10-12,19156.9115645821,367378647972.2289,256911172714.0382,624289820686.2671,0.5884745126364197,0.4115254873635803,0.0675805170798601,10
2022-10-13,19387.8336806546,371824448281.4801,254586242609.82202,626410690891.3021,0.5935793460875031,0.40642065391249693,0.06644378293027815,10
2022-10-14,19177.6941031561,367813040138.8371,255657461126.97537,623470501265.8125,0.5899445753922244,0.41005542460777555,0.06764745915300671,10
2022-10-15,19069.8749272355,365763269803.227,252056629196.09116,617819898999.3181,0.5920224816255565,0.4079775183744435,0.06685922138161984,10
2022-10-16,19261.7497878434,369460796080.1114,256202460626.25946,625663256706.3708,0.590510617524568,0.409489382475432,0.06778250872062645,10
2022-10-17,19557.0218106371,375142761443.2314,260413901481.32828,635556662924.5597,0.5902585612382458,0.4097414387617542,0.06812742206623822,10
2022-10-18,19341.4075543542,371024014617.18225,255629164518.65976,626653179135.842,0.5920723407624394,0.4079276592375606,0.06779751969899969,10
2022-10-19,19132.1544254822,367027991687.44006,249548597714.89114,616576589402.3312,0.5952674785191129,0.4047325214808871,0.06714687982450997,10
2022-10-20,19033.3760239626,365150292653.8844,248143463508.30338,613293756162.1877,0.5953921574856521,0.4046078425143479,0.06735053919583872,10
2022-10-21,19174.8763487434,367883634520.15155,252357869471.43793,620241503991.5895,0.593129663449836,0.406870336550164,0.06779054362598252,10
2022-10-22,19207.6285078901,368528334460.5667,255043157928.604,623571492389.1707,0.5909961230725543,0.40900387692744566,0.06842626730720348,10
2022-10-23,19565.4123243717,375411929443.3675,262317206106.7385,637729135550.106,0.5886698733303704,0.41133012666962965,0.06970772291518458,10
2022-10-24,19341.460210111,371131281846.5523,257634361982.4408,628765643828.9932,0.5902537543025963,0.4097462456974037,0.06951662538545758,10
2022-10-25,20094.9611215663,385605065822.4446,275371263937.00214,660976329759.4468,0.583387102474275,0.41661289752572495,0.0727192411689319,10
2022-10-26,20797.0308258328,399097328311.379,291280070952.7025,690377399264.0815,0.5780857379410204,0.42191426205897964,0.07555210670545132,10
2022-10-27,20280.1751280538,389195921538.64905,283159276722.6683,672355198261.3174,0.5788546330051341,0.42114536699486593,0.07469279288515134,10
2022-10-28,20604.6138535944,395442686247.225,291346835635.30896,686789521882.5339,0.5757843904829697,0.4242156095170303,0.07551549500557406,10
2022-10-29,20803.8999205143,399285967648.70026,304573318618.0153,703859286266.7156,0.5672809543602407,0.43271904563975927,0.07781689851023464,10
2022-10-30,20616.7033766803,395710529271.3392,298671020024.90424,694381549296.2434,0.5698747751468805,0.43012522485311955,0.07709819173945562,10
2022-10-31,20490.8581808884,393317251848.5653,298506152007.9716,691823403856.5369,0.5685226166909603,0.43147738330903973,0.07667828534429,10
2022-11-01,20483.966530976,393203403802.07855,301314134538.2387,694517538340.3173,0.5661533108893311,0.4338466891106689,0.07714599340049964,10
2022-11-02,20148.2845537697,386775127359.09686,289778163178.9347,676553290538.0315,0.5716846444594372,0.42831535554056277,0.07541969308185746,10
2022-11-03,20198.1111860316,387752323864.0792,291439049292.6817,679191373156.761,0.5709028989309378,0.4290971010690622,0.07573957788252006,10
2022-11-04,21157.2449275278,406182308414.37366,314479420476.30756,720661728890.6812,0.5636240862125598,0.43637591378744023,0.0777400669181594,10
2022-11-05,21283.4715999416,408625727281.51587,311327330618.232,719953057899.7478,0.5675727365803012,0.43242726341969884,0.076460746220279,10
2022-11-06,20946.8030359439,402179894315.6349,299176535224.6828,701356429540.3176,0.5734315354879277,0.4265684645120723,0.07518926071983131,10
2022-11-07,20568.5651183518,394936214963.7294,297862734407.6402,692798949371.3696,0.5700589114952985,0.4299410885047015,0.07620676523850314,10
2022-11-08,18520.971163647,355639311703.4768,255394647710.49222,611033959413.969,0.5820287174293286,0.4179712825706714,0.07191130352046397,10
2022-11-09,15758.2912819988,302605063696.8061,210247247360.67532,512852311057.48145,0.5900432876530209,0.40995671234697906,0.06936023016986857,10
2022-11-10,17541.5602866745,336865135843.0826,249495442249.4906,586360578092.5732,0.5745016776859427,0.42549832231405726,0.07397066541987922,10
2022-11-11,16916.8506312098,324882485889.163,244484291571.5831,569366777460.7461,0.5706031660963243,0.42939683390367567,0.07571746842081546,10
2022-11-12,16771.2426718293,322103638475.01587,237745174643.3596,559848813118.3755,0.5753403971348773,0.4246596028651227,0.07465183853338159,10
2022-11-13,16320.4983375219,313459931493.43146,229683586973.766,543143518467.19745,0.5771217382434115,0.4228782617565885,0.07476165983226875,10
2022-11-14,16629.4784146698,319407146559.7761,237031947871.2071,556439094430.9832,0.5740199596982005,0.4259800403017995,0.07460994536923642,10
2022-11-15,16855.59378609,323766538003.86176,240002010944.6642,563768548948.526,0.5742898191247322,0.4257101808752678,0.07413256367353573,10
2022-11-16,16659.6063345996,320017579504.2511,233773079282.1054,553790658786.3564,0.5778674205259731,0.42213257947402694,0.07291849964161032,10
2022-11-17,16675.1790204559,320331100560.6855,232541636692.9051,552872737253.5906,0.5793939164950299,0.4206060835049701,0.07194660693498388,10
2022-11-18,16661.5229576271,320083241544.8263,233631009511.923,553714251056.7493,0.5780657458859976,0.4219342541140024,0.07259112865318475,10
2022-11-19,16696.0040581531,320760994779.17206,235265514735.121,556026509514.2931,0.5768807589036843,0.4231192410963157,0.07298789549009377,10
2022-11-20,16246.8446992987,312146945942.77655,220612020975.34695,532758966918.12354,0.5859065080564819,0.4140934919435181,0.07014549484694914,10
2022-11-21,15778.0174047341,303152194386.4471,216392130248.03516,519544324634.48224,0.583496306305964,0.41650369369403595,0.07020159433174213,10
2022-11-22,16172.8893445354,310751834009.56635,223156417712.8776,533908251722.444,0.582032274285045,0.417967725714955,0.07016516914141409,10
2022-11-23,16574.0617299825,318474713411.88574,231746972212.7072,550221685624.593,0.5788116348965128,0.42118836510348723,0.0713866481791497,10
2022-11-24,16583.5243445354,318669910367.0565,236256963199.3545,554926873566.411,0.574255682228948,0.42574431777105204,0.07252297370650944,10
2022-11-25,16522.3887767388,317507827540.0432,237217870557.2747,554725698097.3179,0.5723690620951573,0.42763093790484275,0.07257194416655602,10
2022-11-26,16448.6413077148,316101841086.03455,236861580757.4831,552963421843.5176,0.5716505443202494,0.4283494556797506,0.07324734863308689,10
2022-11-27,16436.0707688486,315874237356.33,237204228529.54993,553078465885.8799,0.5711201155705569,0.42887988442944314,0.07281951187294836,10
2022-11-28,16212.5814161309,311593224390.9654,232113714097.03214,543706938487.99756,0.5730903954573018,0.4269096045426982,0.07209937558879317,10
2022-11-29,16443.0368199883,316035861020.9537,240327292932.1619,556363153953.1156,0.5680388048263632,0.43196119517363685,0.07401800843910267,10
2022-11-30,17176.8986914085,330155532207.7363,253242886606.21744,583398418813.9537,0.5659177700188852,0.4340822299811148,0.07556890466419822,10
2022-12-01,16961.2918042081,326027592017.76044,247783777491.74875,573811369509.5092,0.5681790381679733,0.4318209618320267,0.07521307636447867,10
2022-12-02,17075.1091370544,328228712887.5605,250055930478.44913,578284643366.0096,0.5675902285370165,0.43240977146298354,0.07571672191397841,10
2022-12-03,16899.5073831093,324867019678.6778,242008327262.50092,566875346941.1787,0.5730836972036946,0.42691630279630544,0.07343002504786764,10
2022-12-04,17121.7149824664,329153600280.11,248093792103.73047,577247392383.8405,0.5702123640971589,0.4297876359028411,0.07476082103453108,10
2022-12-05,16961.3517866745,326086201568.41547,244842532284.63058,570928733853.046,0.5711504470404678,0.4288495529595322,0.07419984169327294,10
2022-12-06,17070.5158281707,328199310631.1555,246047212711.76962,574246523342.9252,0.571530339827871,0.42846966017212895,0.07440815823519287,10
2022-12-07,16848.2518243717,323944154279.1225,239082373271.5231,563026527550.6456,0.5753621515639561,0.4246378484360439,0.0731561035091891,10
2022-12-08,17231.4563223261,331330076551.5836,247192878215.5611,578522954767.1448,0.5727172514441433,0.4272827485558567,0.07437752375902204,10
2022-12-09,17136.1490008767,329513766613.9268,243668450590.7996,573182217204.7264,0.5748848389276402,0.4251151610723598,0.07371601510814613,10
2022-12-10,17124.2146797195,329300761676.0754,243810963391.6825,573111725067.7578,0.574583885257526,0.425416114742474,0.07397544739025955,10
2022-12-11,17094.3606592636,328742369908.81226,241842415166.6676,570584785075.4799,0.5761499053384758,0.42385009466152423,0.07388809044957119,10
2022-12-12,17195.5249962011,330703233431.764,243499220368.0961,574202453799.8601,0.5759349010846121,0.4240650989153879,0.07413441783440454,10
2022-12-13,17774.9166320865,341864385936.1696,250471348391.2074,592335734327.377,0.5771463143691162,0.42285368563088377,0.07428456257263837,10
2022-12-14,17809.7240835769,342550310001.91003,247078558872.56982,589628868874.4799,0.5809591898982004,0.4190408101017996,0.0734513423353576,10
2022-12-15,17344.0544569258,333608737800.1867,239410414255.71176,573019152055.8984,0.5821947427119206,0.4178052572880794,0.07288539759974982,10
2022-12-16,16606.1101750438,319428047892.88965,219838909639.07703,539266957531.9667,0.5923375119343458,0.4076624880656542,0.07012769469519002,10
2022-12-17,16774.3853702513,322679384960.55084,223841536989.10687,546520921949.6577,0.5904245784579024,0.4095754215420976,0.07076763367646573,10
2022-12-18,16776.1159254822,322727877320.70087,223551286958.974,546279164279.67487,0.5907746412884898,0.4092253587115102,0.07077924903371875,10
2022-12-19,16424.1313857393,315970590232.18774,217519956157.62555,533490546389.8133,0.5922702705238059,0.4077297294761941,0.0710621894520782,10
2022-12-20,16901.8169362946,325175184915.4376,226367404221.4403,551542589136.8779,0.5895740262312508,0.41042597376874923,0.07205074644830563,10
2022-12-21,16800.5329707773,323241590694.8657,224758981392.14618,548000572087.0119,0.5898563015433151,0.41014369845668486,0.07216300670438003,10
2022-12-22,16814.2225791935,323519164532.47,226421386136.17133,549940550668.6414,0.588280249818133,0.411719750181867,0.07237004534845383,10
2022-12-23,16780.5169798363,322884484946.6077,227187997904.18692,550072482850.7947,0.586985342864695,0.41301465713530505,0.07269547487497553,10
2022-12-24,16837.612170076,323992454902.6669,227005187687.04572,550997642589.7126,0.588010600880048,0.411989399119952,0.07249131664318116,10
2022-12-25,16824.8389736996,323761497306.50684,226057545180.69662,549819042487.2035,0.5888510078550837,0.4111489921449163,0.0723800382233865,10
2022-12-26,16879.9382273524,324835384948.265,229324989503.14417,554160374451.4092,0.5861757713547016,0.41382422864529844,0.07253450228273273,10
2022-12-27,16698.9112708942,321363727065.9362,227141361979.4553,548505089045.3915,0.5858901466625076,0.4141098533374924,0.07255416606967767,10
2022-12-28,16536.2942001753,318251590263.80304,221475161503.33224,539726751767.13525,0.5896531702788608,0.41034682972113923,0.07184849947682685,10
2022-12-29,16630.5931551724,320081089139.22046,221642629431.47958,541723718570.7001,0.5908567008727842,0.4091432991272158,0.07221155356482298,10
2022-12-30,16593.6888287551,319387194706.514,221204936509.79984,540592131216.31384,0.5908099216832914,0.4091900783167086,0.07223127555988709,10
2022-12-31,16524.2178024547,318066160917.6291,220723595313.36475,538789756230.99384,0.5903344620777561,0.4096655379222439,0.0723381217556193,10
2023-01-01,16606.7520432496,319670907154.7215,221598198564.1214,541269105718.8429,0.5905951471776251,0.40940485282237493,0.0722601214385684,10
2023-01-02,16688.7192729398,321265002247.2439,225349623163.8447,546614625411.0886,0.5877358330938042,0.41226416690619583,0.07279394833648013,10
2023-01-03,16670.0773836937,320922182113.7682,224536972628.73788,545459154742.5061,0.5883523620852332,0.4116476379147668,0.07283863837084216,10
2023-01-04,16848.3660391584,324369544293.4295,231494511742.9072,555864056036.3367,0.5835411388287814,0.41645886117121855,0.07454266567878086,10
2023-01-05,16824.8001826417,323932356386.7127,229316089833.57138,553248446220.284,0.5855097444914183,0.41449025550858165,0.074303890066156,10
2023-01-06,16957.8622738165,326513313120.37085,233509720812.93573,560023033933.3066,0.5830355062846494,0.4169644937153506,0.07484742072421874,10
2023-01-07,16942.6285891292,326236304322.311,232748582648.26025,558984886970.5713,0.583622763202695,0.416377236797305,0.07457545071639327,10
2023-01-08,17059.2399444769,328498009829.2726,236513938119.02002,565011947948.2926,0.5814001120191095,0.41859988798089054,0.07530464619333262,10
2023-01-09,17182.3198521333,330884397269.81604,243148763454.80035,574033160724.6165,0.5764203532286051,0.4235796467713949,0.07685932646702978,10
2023-01-10,17433.9146320865,335747837175.3695,245809229615.4857,581557066790.8552,0.5773256939823486,0.42267430601765144,0.07661253509257708,10
2023-01-11,17833.7107656341,343463621577.3181,254068305478.99393,597531927056.312,0.5748037988017831,0.4251962011982169,0.07741036714334557,10
2023-01-12,18869.7044842198,363433875432.7606,259859026314.96356,623292901747.7241,0.5830868190760488,0.41691318092395124,0.0751015813362895,10
2023-01-13,19868.7247454705,382694927746.06995,266721566010.68137,649416493756.7513,0.5892904344517835,0.41070956554821647,0.07297318117438625,10
2023-01-14,21010.9227200468,404717454271.446,281626589834.99384,686344044106.4398,0.5896714013135392,0.41032859868646077,0.07384639620079254,10
2023-01-15,20876.0085561075,402139971938.0668,280208852449.3143,682348824387.3811,0.5893466179840079,0.4106533820159921,0.07435902395926555,10
2023-01-16,21180.4119485681,408023232448.03577,282738559861.8079,690761792309.8438,0.5906858731772695,0.4093141268227305,0.07450052840200151,10
2023-01-17,21178.2993962595,408003184105.71906,281951793507.0964,689954977612.8154,0.591347547802865,0.408652452197135,0.07414146355286941,10
2023-01-18,20709.6686040327,398993060386.05273,272418936728.87012,671411997114.9229,0.5942596529411712,0.4057403470588288,0.07339462003909042,10
2023-01-19,21071.8334152542,405989633549.5902,278537160341.6513,684526793891.2415,0.5930953136862812,0.4069046863137188,0.0735733197777901,10
2023-01-20,22660.7169421391,436621242754.6414,296763928325.8542,733385171080.4956,0.5953505197158102,0.4046494802841898,0.07316947360969829,10
2023-01-21,22803.172761543,439385714224.0638,292251992541.4641,731637706765.5278,0.6005509423052142,0.3994490576947858,0.07139908604228815,10
2023-01-22,22716.2771966686,437732794648.68384,292885945905.94965,730618740554.6335,0.5991261520562535,0.4008738479437465,0.07167842161852689,10
2023-01-23,22929.0248936295,441854991915.7521,296014334708.90344,737869326624.6555,0.5988255318011314,0.4011744681988686,0.07099890046173915,10
2023-01-24,22611.1268787259,435747150905.5123,282585282280.3712,718332433185.8835,0.6066093228909708,0.3933906771090292,0.06871581693227007,10
2023-01-25,23109.0845189947,445368746306.41675,291861754803.5334,737230501109.9502,0.6041105809321292,0.3958894190678708,0.06957142267122358,10
2023-01-26,23008.6894766219,443456176561.58954,290687285509.3266,734143462070.9161,0.6040456661027283,0.39595433389727175,0.0696230467895755,10
2023-01-27,23070.4964582116,444669613307.60205,291411092017.6173,736080705325.2194,0.6041044278033828,0.3958955721966172,0.06926679046131054,10
2023-01-28,23008.8094649328,443504792891.1736,287274514293.9821,730779307185.1558,0.6068929272224232,0.39310707277757684,0.06824288012205572,10
2023-01-29,23774.9963679135,458297300768.152,298936349265.76385,757233650033.9158,0.6052257460397135,0.39477425396028654,0.06924488297893899,10
2023-01-30,22799.427261543,439511464587.8264,284421710051.61615,723933174639.4426,0.6071160709090678,0.39288392909093217,0.06868542557857212,10
2023-01-31,23130.0519132087,445901640172.67395,290121449310.6527,736023089483.3267,0.6058256140927425,0.3941743859072575,0.06851783511906424,10
2023-02-01,23727.2026075395,457433839815.10974,298844694935.0033,756278534750.113,0.6048483710651043,0.39515162893489575,0.06919914403361747,10
2023-02-02,23505.6048430742,453182984739.0875,298223389388.2948,751406374127.3823,0.6031130428795931,0.3968869571204069,0.07004021779625953,10
2023-02-03,23445.8131773816,452049702984.0979,301707425741.61835,753757128725.7163,0.5997285939415555,0.40027140605844447,0.07104062621094906,10
2023-02-04,23355.5243863238,450328730991.77454,302761349505.9016,753090080497.6761,0.5979745885036447,0.4020254114963553,0.07154825232925698,10
2023-02-05,22957.2251905319,442670747793.2454,294796565304.032,737467313097.2773,0.6002581266064247,0.39974187339357525,0.07105044830952362,10
2023-02-06,22745.1650371128,438602754424.7974,290746551666.24615,729349306091.0436,0.601361721690659,0.39863827830934095,0.07097221847773591,10
2023-02-07,23266.2692036821,448672031309.6344,301354528598.54895,750026559908.1833,0.5982081906066898,0.40179180939331016,0.07189473723894488,10
2023-02-08,22937.5799453536,442353295733.7822,297025373503.805,739378669237.5872,0.5982770590202667,0.40172294097973327,0.07194451210136024,10
2023-02-09,21818.1989456458,420788022144.0468,278679398909.968,699467421054.0149,0.6015834468887327,0.39841655311126734,0.07084106540390019,10
2023-02-10,21620.5667837522,416996331015.9051,274790872824.88858,691787203840.7937,0.6027812146578411,0.39721878534215893,0.0700374787578536,10
2023-02-11,21864.8626414378,421728294573.3244,279061224926.3571,700789519499.6815,0.6017902420607134,0.3982097579392866,0.0704409387600054,10
2023-02-12,21772.1373252484,419961857108.6628,274137513462.3732,694099370571.036,0.605045725316189,0.39495427468381095,0.06952801628046039,10
2023-02-13,21798.7157168323,420495779524.61456,272560823355.5438,693056602880.1583,0.6067264604033008,0.3932735395966992,0.06909685715529934,10
2023-02-14,22222.415043834,428690299515.88525,281596443035.3261,710286742551.2114,0.6035454047419121,0.3964545952580879,0.07008359319722432,10
2023-02-15,24304.6129827586,468882522753.51,300849648707.8821,769732171461.3921,0.6091502215157549,0.39084977848424507,0.06882821958615078,10
2023-02-16,23742.4488354763,458063860579.9492,293223977273.56177,751287837853.511,0.6097048794090345,0.3902951205909655,0.06923867859780697,10
2023-02-17,24607.3356054939,474775525177.3805,302723951945.47186,777499477122.8523,0.6106441729508217,0.38935582704917826,0.06892439871703893,10
2023-02-18,24636.5266127995,475364602543.9585,302874511023.1347,778239113567.0933,0.610820754517341,0.38917924548265903,0.06863534122136,10
2023-02-19,24366.9907606663,470188548638.2596,300348337825.82965,770536886464.0892,0.610209007379133,0.389790992620867,0.06907735823138687,10
2023-02-20,24797.8430359439,478525110573.91046,304405444710.5066,782930555284.417,0.6111973882537711,0.3888026117462289,0.06859003302891976,10
2023-02-21,24400.3893898305,470880895681.777,296825390806.4862,767706286488.2632,0.6133607396075111,0.38663926039248886,0.06783066680614261,10
2023-02-22,24163.7389812975,466335136342.27606,295377194645.11847,761712330987.3945,0.6122194920197417,0.3877805079802583,0.06795062619183631,10
2023-02-23,23910.0342104033,461464448220.81104,295063959060.16614,756528407280.9772,0.6099763654339838,0.3900236345660162,0.06898329251525354,10
2023-02-24,23175.8242036821,447313723306.11865,286843252520.5561,734156975826.6748,0.6092889368822448,0.39071106311775516,0.06939554896149233,10
2023-02-25,23159.8154403857,447020226642.79895,284757876671.16675,731778103313.9657,0.6108685469248144,0.3891314530751856,0.06882196107383252,10
2023-02-26,23542.0964281122,454423557531.8094,291345008550.3773,745768566082.1868,0.6093358961468082,0.39066410385319184,0.06968701871257542,10
2023-02-27,23504.1894178843,453712418114.22455,289994698030.22485,743707116144.4495,0.6100686792757547,0.3899313207242453,0.06950375087557047,10
2023-02-28,23145.9491277031,446816954241.52673,285741957042.43555,732558911283.9623,0.6099399616317367,0.3900600383682633,0.06941442433409979,10
2023-03-01,23610.6590902981,455812950761.41614,294270505590.5663,750083456351.9824,0.6076829810088791,0.3923170189911209,0.07037956740079847,10
2023-03-02,23470.0254815897,453119084947.0604,290854551302.7048,743973636249.7651,0.6090526100241277,0.3909473899758723,0.07021104342932336,10
2023-03-03,22350.0962340736,431520872630.53033,279372584922.0472,710893457552.5775,0.607012018532489,0.392987981467511,0.07020859842806629,10
2023-03-04,22334.2852638808,431236820216.1602,277573288427.8072,708810108643.9674,0.6083954150162506,0.3916045849837494,0.07011117639242387,10
2023-03-05,22419.8171390999,432910012445.1529,276777111237.76685,709687123682.9197,0.6100012216631004,0.38999877833689955,0.06974321371521078,10
2023-03-06,22414.7033056692,432829758358.50635,277324396684.56903,710154155043.0754,0.6094870462769487,0.3905129537230513,0.06993338444130749,10
2023-03-07,22174.6484725307,428217144455.89264,276933343870.4612,705150488326.3538,0.6072705777631222,0.3927294222368778,0.07035186575304977,10
2023-03-08,21701.3846227352,419095929575.50745,273001696046.68582,692097625622.1932,0.6055445273327469,0.3944554726672531,0.0706972224977578,10
2023-03-09,20349.8141732905,393011644658.68097,256709815177.9375,649721459836.6184,0.6048925100265417,0.39510748997345835,0.0705986254226559,10
2023-03-10,20240.406694623,390915883867.3411,256593566134.08347,647509450001.4246,0.6037222836925099,0.3962777163074901,0.07085575112694209,10
2023-03-11,20585.2343290473,397596985986.37195,260888602422.0523,658485588408.4243,0.6038051446917366,0.39619485530826337,0.07176239020351283,10
2023-03-12,22065.9800359439,426219300507.4272,277873100767.5101,704092401274.9373,0.6053456900481378,0.39465430995186224,0.07189800431413856,10
2023-03-13,24154.4290946815,466582802785.16895,290807883845.9287,757390686631.0977,0.6160397942844358,0.3839602057155642,0.06946496454981911,10
2023-03-14,24769.0175691409,478477196465.55774,295623197922.4702,774100394388.028,0.6181074185394547,0.3818925814605453,0.06891242412297352,10
2023-03-15,24409.8017518995,471560444512.56,284680886877.1644,756241331389.7244,0.6235581486216656,0.3764418513783344,0.06781834681661472,10
2023-03-16,25043.2388468732,483818462449.3984,288769143435.6033,772587605885.0017,0.6262311985903304,0.3737688014096696,0.06697449145472116,10
2023-03-17,27450.6282933957,530352818442.7366,307154105814.67554,837506924257.4121,0.6332518610672763,0.36674813893272373,0.06524515339632748,10
2023-03-18,26985.7359915254,521398305888.955,301720268386.095,823118574275.05,0.6334425223585425,0.3665574776414575,0.06538140200862749,10
2023-03-19,28185.2043319696,544599611414.52515,309306494665.30396,853906106079.8291,0.6377745838060703,0.3622254161939297,0.06392540140433825,10
2023-03-20,27834.3361090006,537846862752.9635,297937212689.2684,835784075442.2319,0.6435237025404879,0.35647629745951215,0.062418493975669356,10
2023-03-21,28172.7950558153,544412485046.96814,319266311452.3525,863678796499.3206,0.6303413806771583,0.3696586193228417,0.06407211604389325,10
2023-03-22,27341.5571297487,528376772923.254,305172523889.47314,833549296812.7272,0.6338878515567437,0.36611214844325635,0.06357608845321447,10
2023-03-23,28387.8897495617,548629664659.69635,319463021150.18567,868092685809.8821,0.6319943407285542,0.3680056592714458,0.06408510537247908,10
2023-03-24,27464.1249453536,530804620773.4184,307486698353.5287,838291319126.947,0.6331982792404841,0.3668017207595159,0.06376074295426908,10
2023-03-25,27488.954880187,531309425740.7959,307827836324.13513,839137262064.931,0.6331615216721053,0.36683847832789473,0.06338799509077794,10
2023-03-26,28049.3916911163,542166852116.8292,313581030513.192,855747882630.0212,0.6335590927208086,0.36644090727919143,0.06340705585667156,10
2023-03-27,27154.9963702513,524904198224.35614,307178296393.27295,832082494617.6292,0.6308319206565784,0.36916807934342155,0.06315129031652895,10
2023-03-28,27283.9634029807,527419972348.9932,319821818232.3705,847241790581.3638,0.6225141136948474,0.37748588630515256,0.06505361558960583,10
2023-03-29,28389.2917784921,548812901630.88776,327071669024.77966,875884570655.6675,0.6265813099322651,0.37341869006773487,0.06321921912279871,10
2023-03-30,28021.5583009936,541731139042.2273,325187830611.54517,866918969653.7725,0.6248924732360883,0.3751075267639117,0.06394350315740241,10
2023-03-31,28514.6813062537,551289644886.5579,331964705860.541,883254350747.0989,0.6241572933326065,0.3758427066673935,0.06396711518445548,10
2023-04-01,28494.5638863238,550925636746.9945,329193241995.99884,880118878742.9934,0.6259672983425143,0.3740327016574857,0.06395661870444712,10
2023-04-02,28161.9980362361,544521897457.7699,325325933882.93445,869847831340.7043,0.6259967293572409,0.37400327064275907,0.06372970529885749,10
2023-04-03,27850.9799436002,538531058881.4758,327896207737.52234,866427266618.9982,0.6215536833033314,0.3784463166966686,0.06503129568416308,10
2023-04-04,28113.9585187025,543644520583.2456,335233945052.5237,878878465635.7693,0.6185662089126057,0.3814337910873943,0.06645066255673802,10
2023-04-05,28190.3116063705,545145463891.8711,340685316225.02966,885830780116.9008,0.6154058722366023,0.38459412776339774,0.06779369798231213,10
2023-04-06,28049.0744763296,542442263241.96606,333814299641.09985,876256562883.0659,0.6190450219935797,0.3809549780064203,0.06674330614768166,10
2023-04-07,27936.8042609585,540295858608.6475,333798607493.18274,874094466101.8303,0.6181206718058596,0.3818793281941404,0.06680586713608905,10
2023-04-08,27964.0512498539,540848505456.9017,330789233481.18353,871637738938.0852,0.6204968891271464,0.3795031108728536,0.0662189498370582,10
2023-04-09,28357.8072703098,548489957869.8929,332590608172.95715,881080566042.8501,0.6225196412324657,0.3774803587675343,0.06563035081757108,10
2023-04-10,29687.5651846873,574232641225.8341,341070052420.24927,915302693646.0834,0.6273691153889147,0.3726308846110853,0.06440797629730106,10
2023-04-11,30247.0959193454,585084494471.6055,338566712654.2123,923651207125.8177,0.6334474420189943,0.3665525579810057,0.06254231054018161,10
2023-04-12,29913.0035463472,578651893926.3026,340737954793.1416,919389848719.4442,0.6293868642690232,0.37061313573097676,0.06424562003569202,10
2023-04-13,30370.82207218,587535115392.9287,354098858152.4877,941633973545.4164,0.6239527586082694,0.3760472413917306,0.0662103591222212,10
2023-04-14,30458.9700414962,589267023015.4194,367455029014.60657,956722052030.026,0.6159229023362427,0.3840770976637573,0.06901845266961314,10
2023-04-15,30342.0591084161,587035196990.9066,367053366809.78534,954088563800.6919,0.6152837579903512,0.3847162420096488,0.06902920522073776,10
2023-04-16,30312.9308533022,586495138075.4222,370703825216.184,957198963291.6062,0.6127201977513522,0.3872798022486478,0.06991628069516519,10
2023-04-17,29469.5050727645,570205069298.4104,363492075509.72186,933697144808.1323,0.6106959547526336,0.3893040452473664,0.07046560038202562,10
2023-04-18,30366.8723813559,587599723277.2472,370173322284.751,957773045561.9982,0.6135062225858088,0.3864937774141912,0.06920842739658362,10
2023-04-19,28796.7440952659,557242719709.9989,341086463166.97345,898329182876.9724,0.6203101606088135,0.3796898393911865,0.06723943231892622,10
2023-04-20,28251.2763790181,546710916057.3362,338754960644.61035,885465876701.9465,0.6174274248643492,0.3825725751356508,0.0687756770064603,10
2023-04-21,27292.0211052016,528172405706.89233,322352802511.8508,850525208218.7432,0.6209955926092361,0.3790044073907639,0.06777039192358077,10
2023-04-22,27827.5475920514,538562166443.6984,329329927352.8365,867892093796.5349,0.6205404684444064,0.37945953155559364,0.06739927089386992,10
2023-04-23,27604.6855742256,534274354377.7351,326192110920.7451,860466465298.4802,0.6209124654177023,0.3790875345822977,0.06748192454048439,10
2023-04-24,27520.1996729982,532663425806.69855,323337761460.7046,856001187267.4031,0.6222694941663693,0.37773050583363066,0.06696418422906988,10
2023-04-25,28302.6942180012,547831002433.11847,328332873210.03485,876163875643.1533,0.6252608874464036,0.3747391125535964,0.06600274984483567,10
2023-04-26,28384.2340333139,549432360964.4666,326582204732.68494,876014565697.1516,0.6271954628142699,0.37280453718573014,0.06577232376581582,10
2023-04-27,29465.5514272355,570387314623.2343,333116236563.1938,903503551186.428,0.6313061126038022,0.3686938873961978,0.06479991709341885,10
2023-04-28,29350.811886616,568193179248.3892,332223403550.3643,900416582798.7534,0.6310336683074866,0.36896633169251336,0.0645275256778623,10
2023-04-29,29221.5145075979,565715172681.3683,334036307154.0043,899751479835.3726,0.6287460319430396,0.3712539680569604,0.06522074480055437,10
2023-04-30,29362.0867974868,568463747930.4902,330337164016.55316,898800911947.0435,0.6324690377750569,0.3675309622249431,0.06421724664748558,10
2023-05-01,28114.9531873174,544350638079.246,321823673919.47974,866174311998.7257,0.6284539157287393,0.3715460842712607,0.06515299717246371,10
2023-05-02,28690.5809959088,555518848523.076,327210954412.8629,882729802935.939,0.629319239789382,0.370680760210618,0.06525876503696307,10
2023-05-03,29045.0427735243,562407679427.0454,331520503618.4248,893928183045.4702,0.6291419043429333,0.37085809565706673,0.06559110220415927,10
2023-05-04,28855.8574465225,558770759439.3372,327234134541.3127,886004893980.6499,0.6306632877939166,0.36933671220608344,0.06504902859600376,10
2023-05-05,29552.9695236704,572291761122.6547,343153269545.7026,915445030668.3572,0.6251514202931772,0.37484857970682284,0.06752604471233903,10
2023-05-06,28899.4629602572,559663552176.2677,328679669349.5766,888343221525.8442,0.6300082430020384,0.3699917569979616,0.06575640512371125,10
2023-05-07,28761.738434249,557021382195.3126,328108417432.8708,885129799628.1833,0.6293103931528469,0.37068960684715313,0.06606997336308224,10
2023-05-08,27727.2854091175,537011131120.9944,317176382805.05493,854187513926.0493,0.6286806144622312,0.3713193855377688,0.06673023519750466,10
2023-05-09,27642.4281092928,535393735937.8805,317359267677.9828,852753003615.8633,0.6278415129207302,0.3721584870792698,0.0668617122321399,10
2023-05-10,27646.004902104,535492387106.549,317158718767.6675,852651105874.2166,0.6280322436895368,0.3719677563104632,0.0666447845696334,10
2023-05-11,26986.271065751,522739066994.56793,309594036715.29553,832333103709.8635,0.6280407022916938,0.37195929770830616,0.06653724909022404,10
2023-05-12,26773.3443591467,518638152372.56696,312655326139.9599,831293478512.5269,0.623892964131742,0.376107035868258,0.0675247811530124,10
2023-05-13,26841.3982913501,519980779846.8074,310554248447.55725,830535028294.3646,0.626079288810576,0.37392071118942405,0.06704506228794024,10
2023-05-14,26918.261597896,521499075810.70135,311245469034.8486,832744544845.5499,0.6262413594164395,0.37375864058356045,0.06686570391590205,10
2023-05-15,27231.6216052016,527594953250.6773,314066349046.0533,841661302296.7306,0.6268494842414317,0.3731505157585683,0.06680875107403511,10
2023-05-16,27025.7181864407,523631551804.15106,316167299706.51227,839798851510.6633,0.6235202047040455,0.37647979529595454,0.06750187246913675,10
2023-05-17,27401.0440610754,530931006408.4277,317808465243.0587,848739471651.4863,0.6255523916842661,0.37444760831573387,0.06650073552306075,10
2023-05-18,26843.2350938048,520146384933.0292,315988657096.7379,836135042029.7671,0.6220841835193789,0.3779158164806211,0.06719776626968497,10
2023-05-19,26889.503631502,521068147947.5579,317812035570.33374,838880183517.8916,0.6211472844219887,0.37885271557801126,0.06743011387574877,10
2023-05-20,27100.8582878434,525185993610.3449,318596457214.95605,843782450825.301,0.6224187207219848,0.3775812792780152,0.06713152491277743,10
2023-05-21,26777.0977831677,518937128063.57935,315338498854.985,834275626918.5643,0.6220212017703282,0.37797879822967184,0.0674637283871966,10
2023-05-22,26858.7370637054,520543460954.97546,317525486728.6901,838068947683.6655,0.6211224773256458,0.37887752267435415,0.06769511941696571,10
2023-05-23,27226.8558763881,527704099086.7753,322382345769.0211,850086444855.7964,0.620765220149219,0.379234779850781,0.06811520410361224,10
2023-05-24,26341.4306446522,510566222468.4846,313350831771.18726,823917054239.6719,0.6196815806169299,0.3803184193830701,0.06837673033267405,10
2023-05-25,26484.8359234366,513370789092.2958,313919202631.0691,827289991723.3649,0.6205451464762315,0.3794548535237685,0.06822538813980451,10
2023-05-26,26720.3838071303,517962100400.9786,318524112529.6008,836486212930.5793,0.6192117603305491,0.38078823966945086,0.06845842401105971,10
2023-05-27,26854.5403702513,520586999345.351,319702317246.2151,840289316591.5662,0.6195330454241503,0.38046695457584967,0.06817371752641462,10
2023-05-28,28097.5211259497,544710821944.3064,331790061880.59705,876500883824.9034,0.6214606647825378,0.3785393352174622,0.06802332368871306,10
2023-05-29,27765.0728693746,538293946912.9947,330696948398.8868,868990895311.8815,0.6194471654617286,0.3805528345382714,0.06824611435457224,10
2023-05-30,27712.4915844535,537301203182.37537,334227882437.31866,871529085619.6941,0.6165040410559923,0.3834959589440077,0.0685911895017604,10
2023-05-31,27217.6832580362,527731641093.47815,330029819645.6631,857761460739.1412,0.6152428912331019,0.38475710876689806,0.06881344173850071,10
2023-06-01,26825.3713451198,520147121316.727,327196989630.0135,847344110946.7405,0.6138558285789758,0.3861441714210242,0.06940732215298118,10
2023-06-02,27255.2279941555,528510029107.58826,335328548668.24646,863838577775.8347,0.6118157288927377,0.3881842711072623,0.06996646698579807,10
2023-06-03,27079.4084643483,525122689418.9404,332933638879.5205,858056328298.4609,0.6119909289175303,0.38800907108246974,0.06986458507617296,10
2023-06-04,27158.25456955,526676790956.7274,334793278291.5849,861470069248.3123,0.6113698081423613,0.3886301918576387,0.06967705914997448,10
2023-06-05,25785.8514842198,500084181918.0878,319047271839.74286,819131453757.8307,0.6105054074335833,0.3894945925664167,0.0702999028020962,10
2023-06-06,27213.7705187025,527802559981.0705,331068614695.82806,858871174676.8986,0.6145305321017744,0.38546946789822556,0.06919854476115628,10
2023-06-07,26339.5790292227,510870113654.00055,321337383697.33685,832207497351.3374,0.6138734814093171,0.3861265185906829,0.06954903857728513,10
2023-06-08,26521.693600526,514427849387.03986,323846650255.5042,838274499642.5441,0.613674696780591,0.38632530321940906,0.06964998174641773,10
2023-06-09,26470.6775780245,513466277051.1745,323411739676.9394,836878016728.1139,0.6135497250347659,0.3864502749652341,0.06945126199905462,10
2023-06-10,25863.2138506721,501707862683.3152,305896370206.0959,807604232889.4111,0.6212298577092974,0.3787701422907026,0.0677758156848886,10
2023-06-11,25906.8281516657,502580307777.01587,306798557566.19904,809378865343.2148,0.6209456773545701,0.37905432264542993,0.06762053891448554,10
2023-06-12,25906.7519354179,502604249932.6571,306301301231.62445,808905551164.2815,0.6213386089503825,0.3786613910496175,0.06725864124505783,10
2023-06-13,25880.8599734074,502125710654.5159,305070923261.7755,807196633916.2915,0.6220612048619961,0.3779387951380039,0.06711232110612557,10
2023-06-14,25097.5853796026,486948042919.9202,289137528620.55505,776085571540.4753,0.6274411750154851,0.37255882498451487,0.06574953213763741,10
2023-06-15,25559.1433293396,495926918719.6621,290849004155.50757,786775922875.1697,0.6303280315281663,0.3696719684718337,0.06509778612976581,10
2023-06-16,26331.8200943892,510944432248.73267,297253001334.33563,808197433583.0684,0.6322024928778949,0.3677975071221051,0.06519184829939303,10
2023-06-17,26514.1713495032,514505988281.2529,299423624968.9382,813929613250.1912,0.6321258987330893,0.36787410126691067,0.0651567212336866,10
2023-06-18,26353.962682934,511422019499.6096,299025965225.9479,810447984725.5575,0.6310362036038535,0.3689637963961465,0.0652698441967365,10
2023-06-19,26778.0634415547,519675836338.162,301570181447.18445,821246017785.3464,0.6327894748757156,0.3672105251242844,0.06479122317036563,10
2023-06-20,28305.4204573349,549340968935.672,309251987454.2548,858592956389.9268,0.6398153686765057,0.3601846313234943,0.06323168241923471,10
2023-06-21,30099.5153509643,584182850882.5013,325493477971.7768,909676328854.2781,0.6421875917319623,0.35781240826803773,0.06293494217260052,10
2023-06-22,29952.5112866745,581355386790.9049,322685646527.68036,904041033318.5852,0.6430630528537464,0.35693694714625357,0.06257775092132291,10
2023-06-23,30638.3537644652,594691002089.5459,327761302265.70013,922452304355.2461,0.644684824658993,0.355315175341007,0.06173885985403557,10
2023-06-24,30549.0162872589,592984835953.4075,325396471824.40894,918381307777.8164,0.6456847835767014,0.35431521642329855,0.061412995524457496,10
2023-06-25,30467.4403705435,591430505950.9973,328324644250.7368,919755150201.7341,0.6430303824026168,0.3569696175973832,0.06235512077535084,10
2023-06-26,30255.8861241964,587351447287.8134,321892753750.4619,909244201038.2753,0.6459776665246924,0.35402233347530765,0.06139527123942192,10
2023-06-27,30667.0762948568,595360633206.1908,327942052095.2971,923302685301.4879,0.6448163128777065,0.35518368712229353,0.0615951786182319,10
2023-06-28,30104.0432717709,584450413633.0168,316790067636.0336,901240481269.0505,0.6484955189873887,0.35150448101261134,0.060778167569764056,10
2023-06-29,30460.792978083,591404272513.048,321873470835.9342,913277743348.9822,0.6475623399562692,0.3524376600437308,0.06083805625849621,10
2023-06-30,30484.503257744,591894717187.0422,337013724312.56134,928908441499.6035,0.6371938188348295,0.3628061811651705,0.06346232704305482,10
2023-07-01,30581.6889655172,593807120118.1417,335294459239.3202,929101579357.4619,0.6391196972550628,0.3608803027449372,0.06288518238547705,10
2023-07-02,30594.2164736996,594083065323.3347,338521819498.3818,932604884821.7166,0.6370147476086874,0.36298525239131263,0.06326677917576976,10
2023-07-03,31135.3575993571,604617684181.0029,340520411045.6118,945138095226.6147,0.6397135902516281,0.3602864097483719,0.06276477848935744,10
2023-07-04,30799.9474558738,598131495142.3197,337846477749.39185,935977972891.7115,0.6390444139346437,0.36095558606535627,0.06293454343370722,10
2023-07-05,30497.8221282876,592293990836.9595,332278658440.515,924572649277.4745,0.6406137920041429,0.3593862079958571,0.06269778360205204,10
2023-07-06,29979.7298094681,582258236308.4534,322482749080.0589,904740985388.5122,0.6435634570687887,0.3564365429312113,0.061854309165387714,10
2023-07-07,30329.8829786674,589091989840.958,325148256408.25397,914240246249.2119,0.6443514079125083,0.35564859208749167,0.061633194020534014,10
2023-07-08,30263.6196341321,587838636815.4672,325065455671.55505,912904092487.0222,0.6439215703524999,0.35607842964750014,0.061593973254092785,10
2023-07-09,30163.2210563998,585920361083.212,323972445149.20667,909892806232.4187,0.6439443823161157,0.3560556176838843,0.06175178694059568,10
2023-07-10,30394.6555806546,590445229947.0143,327514338353.08716,917959568300.1014,0.6432148542668543,0.3567851457331457,0.061864124986751826,10
2023-07-11,30616.247094097,594775689277.0168,327254527984.46893,922030217261.4858,0.6450717971516758,0.35492820284832416,0.061351966806379436,10
2023-07-12,30385.6087852133,590322472174.5057,325609551921.4447,915932024095.9504,0.6445046757232556,0.35549532427674435,0.06159463634932737,10
2023-07-13,31434.7354704851,610728166020.4672,385786236723.7888,996514402744.256,0.6128643643670483,0.3871356356329517,0.06368808963950365,10
2023-07-14,30310.6720204559,588915499105.7461,364370316863.9941,953285815969.7402,0.617774322495993,0.38222567750400704,0.06384342959496231,10
2023-07-15,30290.8905958504,588557285440.3251,362597773840.0772,951155059280.4023,0.6187816378599709,0.38121836214002913,0.06373922150304231,10
2023-07-16,30249.7729658095,587787667157.1555,364587311164.2377,952374978321.3932,0.6171809219443791,0.3828190780556209,0.06362184103354701,10
2023-07-17,30143.7462744009,585753069498.2948,362291195193.2786,948044264691.5735,0.6178541354172502,0.3821458645827498,0.06343890910197778,10
2023-07-18,29835.7474076563,579798246310.3221,363733538939.8212,943531785250.1433,0.6144978424405805,0.3855021575594195,0.06359482284100511,10
2023-07-19,29913.0294646406,581327738448.3727,370608268674.1204,951936007122.4932,0.6106794302335584,0.3893205697664416,0.0631669939649288,10
2023-07-20,29805.6065707189,579263933757.5835,370382409059.1284,949646342816.7119,0.6099785863855902,0.3900214136144098,0.06347721258021277,10
2023-07-21,29919.6934921099,581502126093.2744,367720251469.8271,949222377563.1016,0.6126089521679211,0.3873910478320789,0.06323962151693255,10
2023-07-22,29726.0096271186,577762692312.1979,358628588773.2023,936391281085.4001,0.61700990171811,0.38299009828189,0.06261466736365912,10
2023-07-23,30066.5724482759,584409586208.3058,363334989228.3626,947744575436.6685,0.6166319505854645,0.3833680494145355,0.06279305157098748,10
2023-07-24,29178.3597042665,567172583835.5377,353245109818.79596,920417693654.3337,0.6162121694811111,0.3837878305188889,0.06340055685481565,10
2023-07-25,29221.2548533022,568031588349.4268,355641746586.90607,923673334936.3328,0.6149702138890696,0.3850297861109304,0.06356857369814198,10
2023-07-26,29361.5917580362,570786020995.8511,358960402672.41266,929746423668.2637,0.6139158016266909,0.3860841983733091,0.06372843045455039,10
2023-07-27,29201.6865175336,567702667641.671,357898800443.202,925601468084.873,0.6133338020911777,0.3866661979088223,0.06366213628844326,10
2023-07-28,29316.3130751023,569956745528.741,359801665804.55664,929758411333.2976,0.6130159604702132,0.38698403952978677,0.06395808589306269,10
2023-07-29,29360.376179135,570837626124.9584,361191853792.93195,932029479917.8904,0.6124673504696952,0.38753264953030475,0.06406603082553988,10
2023-07-30,29262.8367337814,568971946350.4606,357401254781.2022,926373201131.6628,0.6141930116883791,0.38580698831162086,0.06361334009236302,10
2023-07-31,29219.8201887785,568161304123.1444,355030145884.8718,923191450008.0162,0.6154317223347454,0.3845682776652546,0.0635248654050614,10
2023-08-01,29499.5875385739,573626834711.752,357366498213.22705,930993332924.979,0.6161449437124764,0.3838550562875236,0.06328867643423247,10
2023-08-02,29143.1519620105,566723906311.3193,348973498628.47363,915697404939.793,0.6188986702966374,0.38110132970336263,0.06307811483820303,10
2023-08-03,29192.3448617767,567708072135.62,345268486568.6904,912976558704.3104,0.6218210826149875,0.3781789173850125,0.06289033181522928,10
2023-08-04,29057.2532437171,565102898970.0577,340832286163.90594,905935185133.9636,0.6237785089299673,0.37622149107003267,0.06285086782548126,10
2023-08-05,29053.0956975453,565050006983.1484,341934721827.018,906984728810.1665,0.6229983692497367,0.3770016307502633,0.06317331665735819,10
2023-08-06,29048.0433275862,564981518319.1797,339820411091.24316,904801929410.4229,0.6244256338924109,0.3755743661075891,0.06289381538707389,10
2023-08-07,29164.3585873758,567270450866.943,340149672969.1879,907420123836.1309,0.6251464299345704,0.37485357006542963,0.06260607198371308,10
2023-08-08,29779.511383986,579258937400.4265,346880237310.92084,926139174711.3474,0.6254556045326188,0.37454439546738116,0.062348294654585426,10
2023-08-09,29582.9442375804,575465345987.597,347138296861.0723,922603642848.6694,0.6237405959191384,0.37625940408086156,0.06271604502282656,10
2023-08-10,29430.1599117475,572516652889.1099,344767733306.0632,917284386195.1731,0.6241430264215725,0.3758569735784275,0.06289094472299821,10
2023-08-11,29399.784739626,571953498583.0272,343948095323.86926,915901593906.8965,0.6244704697404071,0.3755295302595929,0.06280948769653376,10
2023-08-12,29415.733902104,572294481733.854,343613789930.1165,915908271663.9705,0.6248382064441254,0.37516179355587465,0.06284413688608823,10
2023-08-13,29286.1176110462,569797456814.3981,341778775334.6193,911576232149.0173,0.6250683560179222,0.3749316439820778,0.06279278716464617,10
2023-08-14,29408.9717127411,572219165382.1078,343190799163.9396,915409964546.0474,0.625096063560846,0.374903936439154,0.0626965834972192,10
2023-08-15,29167.59721654,567553842371.7332,336354969330.00433,903908811701.7375,0.6278883832355079,0.3721116167644921,0.06264219811143161,10
2023-08-16,28754.2924079486,559540898713.4391,329544115350.36945,889085014063.8086,0.6293446519314311,0.3706553480685689,0.06284076557186481,10
2023-08-17,26660.5627264757,518824196992.3581,302539765406.4612,821363962398.8193,0.6316617489244545,0.3683382510755455,0.06334820546378722,10
2023-08-18,26037.3658474576,506719180176.8718,299704779144.663,806423959321.5349,0.6283533299322946,0.37164667006770535,0.06377966172771327,10
2023-08-19,26093.981808007,507843828672.9706,303122716311.3456,810966544984.3162,0.6262204425249036,0.3737795574750964,0.06395583126277629,10
2023-08-20,26176.4721642315,509475768372.07227,307869236500.1945,817345004872.2668,0.6233301302816333,0.3766698697183667,0.06431584004320685,10
2023-08-21,26128.9050160725,508576908784.2399,303560636428.56177,812137545212.8018,0.626220166500219,0.37377983349978094,0.06381006352204016,10
2023-08-22,25978.2096914085,505666970507.7364,297857537792.7777,803524508300.5142,0.6293111974608488,0.37068880253915115,0.06281754701028212,10
2023-08-23,26452.1935882525,514916563795.64594,306209955161.6701,821126518957.316,0.6270855366472611,0.3729144633527389,0.06346900602582094,10
2023-08-24,26126.7943331385,508605062140.85895,301317941127.1857,809923003268.0447,0.6279671772361498,0.3720328227638502,0.06340770630224903,10
2023-08-25,26040.881255114,506954581484.77936,301487195710.59863,808441777195.3779,0.6270761801097057,0.37292381989029433,0.06347590275600425,10
2023-08-26,26006.1740800701,506301182375.6108,300052807914.923,806353990290.5337,0.6278894734472483,0.3721105265527517,0.06328991020363281,10
2023-08-27,26086.3612594974,507881219035.4735,301723806451.64417,809605025487.1177,0.6273197461069303,0.3726802538930697,0.06351035046464623,10
2023-08-28,26103.2765730567,508229798236.06354,301167382842.23627,809397181078.2998,0.6279115002093122,0.3720884997906878,0.06331825488342765,10
2023-08-29,27672.2221306254,538804434657.6906,313989860887.4346,852794295545.1252,0.6318105520549651,0.36818944794503494,0.06240751713560201,10
2023-08-30,27298.997779661,531558900196.0871,308812653562.82654,840371553758.9136,0.6325284308095239,0.3674715691904761,0.06245808563770297,10
2023-08-31,25954.8665935126,505409690842.3523,298160313792.09894,803570004634.4512,0.6289553964526914,0.3710446035473086,0.06340533091893702,10
2023-09-01,25802.7885298071,502472681320.6064,294472720095.4534,796945401416.0598,0.6304982504796227,0.3695017495203773,0.06312315596772115,10
2023-09-02,25868.2960976037,503772923101.216,295599206557.8383,799372129659.0543,0.6302107671880975,0.36978923281190246,0.06327758732571073,10
2023-09-03,25962.5475689655,505634064276.93616,296615855516.58356,802249919793.5198,0.6302700091351514,0.3697299908648486,0.06299708155107371,10
2023-09-04,25799.5256870251,502483154477.98334,296376936998.82056,798860091476.804,0.6290001964537663,0.37099980354623374,0.06307936600446606,10
2023-09-05,25782.3622200468,502168852413.6942,296746779646.2016,798915632059.8958,0.6285630575520469,0.3714369424479531,0.06332711212861845,10
2023-09-06,25754.7902676797,501653557916.83704,296802134727.1311,798455692643.9681,0.6282797687316692,0.37172023126833076,0.06338222538117629,10
2023-09-07,26210.6045637054,510555856977.819,298959871374.17773,809515728351.9967,0.6306929428254631,0.36930705717453693,0.06280211222670336,10
2023-09-08,25904.6982127411,504618646366.032,297702606691.9731,802321253058.0051,0.6289483725411793,0.3710516274588207,0.06316942896351373,10
2023-09-09,25894.6205976037,504446774367.6367,297736394084.3281,802183168451.9648,0.6288423818977739,0.37115761810222614,0.06312802418096922,10
2023-09-10,25831.4647802455,503240183985.3009,294457591687.8715,797697775673.1724,0.6308657229996906,0.36913427700030943,0.06261422655128418,10
2023-09-11,25135.0393781414,489697629060.51953,282293806969.33215,771991436029.8517,0.6343303904754505,0.3656696095245495,0.06164142516087782,10
2023-09-12,25859.7018068381,503838775481.52295,288436775291.2877,792275550772.8107,0.6359388157189284,0.3640611842810716,0.06164067344812518,10
2023-09-13,26226.8667524839,511016547221.9484,290784526478.40265,801801073700.3511,0.6373358230409721,0.36266417695902786,0.06130046850945456,10
2023-09-14,26556.056943308,517457530984.23016,294327490777.1873,811785021761.4175,0.6374317302152813,0.3625682697847187,0.06128633068627562,10
2023-09-15,26672.6160818235,519760082134.145,298225603621.8215,817985685755.9666,0.6354146425603925,0.3645853574396075,0.06163335744872768,10
2023-09-16,26555.6361031561,517506259356.38794,296487762272.10046,813994021628.4884,0.6357617446883176,0.3642382553116824,0.0615583194087106,10
2023-09-17,26502.4321189363,516494120490.55426,293154723635.1503,809648844125.7046,0.6379236186624684,0.3620763813375316,0.061148370695528205,10
2023-09-18,26764.6319064874,521630111130.5716,297528253227.6649,819158364358.2366,0.6367878713406518,0.36321212865934815,0.06118700290335566,10
2023-09-19,27215.0504848042,530432200788.9904,300064129496.7771,830496330285.7676,0.6386930097649831,0.3613069902350169,0.06038869149851566,10
2023-09-20,27133.4037235535,528865632041.9488,297739157453.753,826604789495.7018,0.6398047032422848,0.3601952967577152,0.05980335883988862,10
2023-09-21,26571.5952919345,517938166731.5329,290605591938.7082,808543758670.2411,0.6405814913262726,0.3594185086737274,0.059638432290720376,10
2023-09-22,26581.1476116306,518145793262.0893,292497673926.8967,810643467188.9861,0.6391783986847247,0.3608216013152753,0.059953225907209064,10
2023-09-23,26575.776386616,518067003459.20776,292176924301.512,810243927760.7197,0.639396341902858,0.360603658097142,0.05993931204414664,10
2023-09-24,26286.6410488019,512454598334.41113,289529883390.7784,801984481725.1895,0.6389831848517119,0.3610168151482881,0.060153778444761406,10
2023-09-25,26288.8095005845,512520696246.095,291395263794.44916,803915960040.5442,0.6375301918626505,0.3624698081373495,0.06038888793127064,10
2023-09-26,26194.5378880772,510705063524.10785,291283795074.439,801988858598.5469,0.6367982024295832,0.3632017975704168,0.06077743944894624,10
2023-09-27,26336.0825973115,513490549820.4747,292250778745.09094,805741328565.5657,0.6372895762150177,0.3627104237849823,0.060619192704317565,10
2023-09-28,27033.4254415546,527111733520.92126,301135934196.88446,828247667717.8057,0.6364180112614755,0.36358198873852454,0.061142604088555264,10
2023-09-29,26911.2514739918,524754246922.80994,304097184089.99316,828851431012.8031,0.6331101416831652,0.36688985831683485,0.06196508579471268,10
2023-09-30,26977.6933126826,526073093616.72375,304424708260.67975,830497801877.4036,0.6334430897077578,0.36655691029224224,0.06194507636313463,10
2023-10-01,27950.1453594389,545060830633.9652,313618625897.53766,858679456531.5029,0.6347663572104665,0.3652336427895335,0.0619513275268276,10
2023-10-02,27565.8892954413,537594432787.1499,302726629011.2694,840321061798.4193,0.6397488498462875,0.36025115015371245,0.06033517043642267,10
2023-10-03,27439.1422393337,535150716312.29047,304436447124.729,839587163437.0195,0.637397449148154,0.362602550851846,0.06038464001621007,10
2023-10-04,27797.251176505,542157740802.6998,302992976852.7266,845150717655.4265,0.6414923746461766,0.3585076253538234,0.05932134757234791,10
2023-10-05,27426.3450926359,534947755956.13696,297251753841.5734,832199509797.7104,0.6428119094736923,0.35718809052630773,0.058812474792024366,10
2023-10-06,27941.9633760959,545032774162.6376,302046059638.9028,847078833801.5403,0.6434262696856994,0.3565737303143006,0.058898032012559096,10
2023-10-07,27972.7515704266,545663221045.6798,300005402812.2127,845668623857.8926,0.6452447278419707,0.35475527215802927,0.05845495344247441,10
2023-10-08,27936.3261157218,544978512422.1076,299233586978.19336,844212099400.301,0.645546910319387,0.35445308968061295,0.05845400111757995,10
2023-10-09,27591.3467618352,538275597960.00214,289475680016.75543,827751277976.7576,0.6502866407837988,0.34971335921620117,0.05724818660442141,10
2023-10-10,27419.7971803039,534956624501.6669,287285804735.2504,822242429236.9172,0.6506069323108682,0.3493930676891318,0.057196919687568154,10
2023-10-11,26828.1725710111,523440934621.2323,285731486494.6642,809172421115.8965,0.646884299268846,0.35311570073115395,0.05834584561504543,10
2023-10-12,26741.3405990649,521774344475.74725,281423359754.027,803197704229.7742,0.6496213095829281,0.3503786904170719,0.0575177241514266,10
2023-10-13,26842.4467703098,523770269515.9214,283458046973.22565,807228316489.147,0.6488502184783843,0.3511497815216157,0.057754079708544306,10
2023-10-14,26861.9892375804,524176108562.75214,284662128588.4078,808838237151.1599,0.648060495271555,0.35193950472844504,0.057913145486233414,10
2023-10-15,27130.3067092344,529440285566.39777,285060900140.76605,814501185707.1638,0.650017820547098,0.349982179452902,0.05736374428085291,10
2023-10-16,28506.7936741671,556327162174.4191,292526226437.90204,848853388612.321,0.6553866305274286,0.3446133694725714,0.0561618364685206,10
2023-10-17,28433.2051522501,554919826688.8004,286334746455.53876,841254573144.3391,0.6596336524087929,0.3403663475912071,0.055051633653253065,10
2023-10-18,28328.0750195792,552893715020.0322,285455143845.439,838348858865.4712,0.6595031521463005,0.3404968478536995,0.05518939453213485,10
2023-10-19,28690.358041204,559989684490.2711,289612101110.27075,849601785600.5419,0.6591201831037136,0.34087981689628644,0.05459772988929993,10
2023-10-20,29704.9853673291,579818457347.6527,295226580174.22327,875045037521.876,0.6626155597541542,0.3373844402458458,0.054050653218349454,10
2023-10-21,29922.5464044418,584093133773.0231,300732693225.7158,884825826998.7389,0.660122157322444,0.33987784267755605,0.0544323059035137,10
2023-10-22,29984.1593196961,585324500584.1046,306565708213.3885,891890208797.4932,0.6562741633561364,0.3437258366438636,0.05546362074654976,10
2023-10-23,32954.1690482174,643334765892.806,323897230663.86145,967231996556.6675,0.6651297394865646,0.3348702605134354,0.0535003853549765,10
2023-10-24,33880.9566537113,661454292586.7697,327209188029.6528,988663480616.4224,0.6690388646441752,0.33096113535582483,0.05267334097409594,10
2023-10-25,34488.6589210988,673349438741.381,327941685285.10345,1001291124026.4844,0.6724811821297746,0.3275188178702254,0.051793494232766156,10
2023-10-26,34181.4922521917,667384425419.413,330539764396.30774,997924189815.7207,0.6687726705398873,0.3312273294601127,0.0527950276724346,10
2023-10-27,33896.938528346,661861216442.4817,326131343258.23114,987992559700.7129,0.6699050614743249,0.33009493852567506,0.05253709673420281,10
2023-10-28,34091.5890327294,665695994028.7043,325874862321.1921,991570856349.8965,0.6713549412688664,0.3286450587311336,0.052101119576597084,10
2023-10-29,34574.3377206312,675152083745.6385,330666148414.58044,1005818232160.219,0.6712466151022127,0.32875338489778727,0.05199577403380383,10
2023-10-30,34495.1050207481,673638496021.2749,334947345467.59827,1008585841488.8732,0.6679039783335156,0.33209602166648444,0.05245340306939815,10
2023-10-31,34636.4264736996,676431849484.7963,337337060961.56885,1013768910446.3651,0.667244618092462,0.33275538190753795,0.05235940547199907,10
2023-11-01,35431.9794532437,692001591886.2856,343366091646.8569,1035367683533.1426,0.6683631360067791,0.3316368639932209,0.052102114288969714,10
2023-11-02,34882.9173366452,681309570415.5433,336638620261.8836,1017948190677.427,0.6692969019986602,0.3307030980013398,0.05157886042399563,10
2023-11-03,34708.2218804792,677927038798.8893,342345615049.8322,1020272653848.7214,0.664456737364841,0.335543262635159,0.052800560155089916,10
2023-11-04,35091.0763062537,685441863797.9692,346446206663.4444,1031888070461.4136,0.6642598973854507,0.33574010261454934,0.052991515787393986,10
2023-11-05,35105.0420265926,685750422606.9633,356920395279.0846,1042670817886.0479,0.6576864057606223,0.3423135942393777,0.054024991231497885,10
2023-11-06,35017.7151484512,684072353457.0869,365933038496.8715,1050005391953.9585,0.6514941339340119,0.3485058660659881,0.054225839262689444,10
2023-11-07,35418.4768901227,691930690430.0776,360112704661.04974,1052043395091.1274,0.6577016629339163,0.3422983370660837,0.0532544326351278,10
2023-11-08,35797.8946090006,699376281704.5089,363838335825.53186,1063214617530.0408,0.6577940804926418,0.34220591950735824,0.05287057341643308,10
2023-11-09,36675.3264333723,716551269713.5323,387720290036.37897,1104271559749.9114,0.6488904503488367,0.35110954965116326,0.05769020729866129,10
2023-11-10,37367.4943722969,730110600644.3364,385035377727.7041,1115145978372.0405,0.6547219958683771,0.3452780041316229,0.05568318383123775,10
2023-11-11,36979.9312405026,722575118046.0164,382162441388.4986,1104737559434.515,0.6540694772936686,0.3459305227063314,0.05533609761817875,10
2023-11-12,37053.3410514319,724046805388.6791,381488272457.934,1105535077846.613,0.6549288393444687,0.34507116065553134,0.055189251552290035,10
2023-11-13,36543.2680870836,714107277954.3351,380974200978.285,1095081478932.6201,0.6521042421887895,0.3478957578112105,0.05644092181577279,10
2023-11-14,35590.6835645821,695523122553.6345,366019070748.59686,1061542193302.2314,0.6552006382242899,0.34479936177571013,0.055701216604766485,10
2023-11-15,37840.5534894798,739525714298.6049,379814551647.05273,1119340265945.6577,0.6606799887376764,0.3393200112623236,0.05434053482440349,10
2023-11-16,36160.4044509059,706723664687.0618,362357697653.64655,1069081362340.7083,0.6610569499965094,0.33894305000349056,0.05419294645948288,10
2023-11-17,36569.7120534775,714757510003.9955,363275140987.91223,1078032650991.9077,0.663020279901857,0.33697972009814303,0.05356487623082824,10
2023-11-18,36577.4249617183,714942322047.271,363060121768.2855,1078002443815.5565,0.6632102980367601,0.3367897019632399,0.05365041450747884,10
2023-11-19,37442.7285119813,731895327518.4427,372331497406.91705,1104226824925.3599,0.6628124865268648,0.33718751347313525,0.05367615283209128,10
2023-11-20,37516.0503708358,733367477325.5004,371312906270.1488,1104680383595.6492,0.6638729973084576,0.3361270026915424,0.05395744812942638,10
2023-11-21,36035.0330862069,704450637687.3756,355059510782.4665,1059510148469.842,0.6648833318913954,0.33511666810860463,0.05398963058627756,10
2023-11-22,37403.0347168323,731226964175.8768,375122116181.0212,1106349080356.898,0.6609369295448683,0.33906307045513173,0.055193378639522755,10
2023-11-23,37311.7192156634,729476032042.607,376277761603.4491,1105753793646.0562,0.6597092736505746,0.34029072634942537,0.05529695346659909,10
2023-11-24,37718.7841630625,737474104744.7795,378984386469.867,1116458491214.6465,0.6605477145347765,0.33945228546522355,0.05512639576670532,10
2023-11-25,37800.1260932203,739102058354.121,380860018887.1106,1119962077241.2314,0.6599348972375284,0.3400651027624716,0.05514628895871899,10
2023-11-26,37482.7055260082,732929768941.7416,377459563399.6371,1110389332341.3787,0.6600655712319193,0.33993442876808067,0.05510204243907274,10
2023-11-27,37229.2452197545,728003902580.5377,369922948008.12915,1097926850588.6669,0.6630714078904342,0.3369285921095658,0.054452918823100924,10
2023-11-28,37828.4655911748,739756186708.6306,374627962752.55804,1114384149461.1887,0.6638251154831187,0.33617488451688127,0.05418507281342848,10
2023-11-29,37846.8531227352,740147934698.2544,371764180471.78986,1111912115170.0442,0.6656532693548931,0.3343467306451069,0.053606713734411136,10
2023-11-30,37712.7114789597,737556192386.4604,374101311025.37836,1111657503411.8389,0.6634743076197417,0.3365256923802583,0.05438604784344394,10
2023-12-01,38703.5536820573,756975202401.7816,380398499354.32,1137373701756.1016,0.66554660199459,0.33445339800540996,0.05389966687146006,10
2023-12-02,39462.2799272355,771845911078.7954,392781366153.17664,1164627277231.9722,0.6627407121300475,0.3372592878699525,0.054856171317117564,10
2023-12-03,39978.2226104617,781978503111.6078,396390489215.28705,1178368992326.8948,0.6636108962502951,0.3363891037497049,0.054868745142319555,10
2023-12-04,41910.2994815897,819810743285.1487,403281498601.1298,1223092241886.2786,0.670277118282444,0.32972288171755604,0.05340025011874742,10
2023-12-05,44067.0054763296,862036250724.3538,410760725431.9172,1272796976156.271,0.677277104576115,0.322722895423885,0.052000548779878725,10
2023-12-06,43745.8343907072,855790704203.0582,405662672240.1282,1261453376443.1865,0.6784164362983108,0.32158356370168917,0.05101339389423825,10
2023-12-07,43282.6182261835,846760011628.9463,422240342979.7477,1269000354608.6938,0.6672653861393533,0.33273461386064673,0.054395907522508766,10
2023-12-08,44205.0522089421,864843357731.6556,432152023264.6455,1296995380996.3013,0.6668052719411511,0.33319472805884887,0.053371667216158276,10
2023-12-09,43740.0063927528,855787955926.2657,429004257774.5226,1284792213700.7883,0.666090552853839,0.333909447146161,0.053542753415516994,10
2023-12-10,43732.7120900059,855683506559.4653,431059110842.4073,1286742617401.8726,0.664999740419898,0.33500025958010204,0.05375946080787561,10
2023-12-11,41209.8947904734,806362223760.3176,405146008598.4516,1211508232358.7693,0.6655854266795654,0.33441457332043456,0.05391580190999309,10
2023-12-12,41467.2735698422,811435726173.2714,403171433045.2944,1214607159218.5657,0.6680643366990524,0.3319356633009476,0.05308379497594075,10
2023-12-13,42939.0607583285,840275791000.0148,415417853109.5935,1255693644109.6084,0.6691726082565628,0.3308273917434372,0.05265295867750647,10
2023-12-14,43033.1371560491,842156042637.0098,423272140727.78455,1265428183364.7944,0.6655107367671415,0.33448926323285855,0.053901612425083296,10
2023-12-15,41978.0970195792,821551732456.0333,405566834008.2743,1227118566464.3076,0.6694966198931921,0.3305033801068079,0.052919588676613345,10
2023-12-16,42203.2140450029,825997582210.4384,407359786680.2667,1233357368890.705,0.669714717765338,0.330285282234662,0.05271396169817965,10
2023-12-17,41428.6657855056,810877031378.7365,401193943447.357,1212070974826.0935,0.6690012781595402,0.33099872184045975,0.05310496763212816,10
2023-12-18,42635.7331911163,834547547301.949,404534965227.8597,1239082512529.8086,0.6735205596583482,0.32647944034165177,0.0519727117876786,10
2023-12-19,42271.863025716,827467989591.4052,396920849686.0933,1224388839277.4985,0.6758212448911957,0.32417875510880434,0.05147813470960053,10
2023-12-20,43605.1555549386,853606590402.8165,401674393487.34894,1255280983890.1655,0.6800123648471562,0.3199876351528438,0.05035854280738116,10
2023-12-21,43870.2382340736,858835832285.3038,411091740379.59546,1269927572664.8994,0.6762872550936636,0.3237127449063364,0.051007656359114674,10
2023-12-22,44009.5016551724,861608364729.856,422528348267.119,1284136712996.975,0.6709631116448623,0.32903688835513767,0.052859072166922205,10
2023-12-23,43768.8067518995,856939861545.1432,419686570461.89984,1276626432007.043,0.6712534223483911,0.32874657765160886,0.05280070761917641,10
2023-12-24,43097.8093258329,843848610986.3271,412091705456.1859,1255940316442.5132,0.6718859168217105,0.3281140831782895,0.052629583959882736,10
2023-12-25,43623.7504029807,854184356141.2782,418716259396.267,1272900615537.5452,0.6710534551674772,0.32894654483252284,0.0521335017887748,10
2023-12-26,42491.1229079486,832043610688.7291,408509170843.8527,1240552781532.5818,0.6707039177009627,0.3292960822990373,0.05246850747283049,10
2023-12-27,43436.9594269433,850599611615.5896,432244529068.59125,1282844140684.181,0.6630576424989073,0.3369423575010927,0.05475905457143923,10
2023-12-28,42670.6797180012,835626290884.1329,427981478306.0619,1263607769190.1948,0.6613019571885497,0.33869804281145033,0.05510661868824401,10
2023-12-29,41998.6033442431,822504553591.4152,417864484472.5857,1240369038064.001,0.6631127739815248,0.3368872260184752,0.05466714434432886,10
2023-12-30,42204.4917744009,826574939575.0736,417689243485.46515,1244264183060.5388,0.6643082319881076,0.3356917680118924,0.054348576253722,10
2023-12-31,42217.1587913501,826864184822.2916,413577804322.0734,1240441989144.365,0.666588354843299,0.33341164515670096,0.05398458325481727,10
2024-01-01,44049.4735534775,862794527491.1962,426278244417.8248,1289072771909.021,0.6693140575868821,0.3306859424131179,0.05329094928684819,10
2024-01-02,44941.160493571,880296744332.1412,425471582632.6296,1305768326964.7708,0.6741599762787717,0.32584002372122833,0.05246039343329548,10
2024-01-03,42773.6515423729,837882334394.8176,396254837035.7874,1234137171430.605,0.6789215605778643,0.32107843942213565,0.051605211858257595,10
2024-01-04,44250.7452670953,866863769397.9294,406507639715.2742,1273371409113.2036,0.6807627085027984,0.3192372914972016,0.05134783780855585,10
2024-01-05,44146.3222022209,864856217418.0073,402516062132.0157,1267372279550.023,0.6824010840169805,0.3175989159830195,0.051366530090491656,10
2024-01-06,43917.9798147282,860421264320.4419,396472817341.66296,1256894081662.105,0.6845614732966432,0.3154385267033568,0.0509798936391525,10
2024-01-07,43844.195949737,859008059190.4152,389773884822.4575,1248781944012.8726,0.6878767452627105,0.3121232547372895,0.05059891315160149,10
2024-01-08,46981.3242995324,920507694271.3322,410936534831.6825,1331444229103.0146,0.6913603094674662,0.3086396905325338,0.049643196032144274,10
2024-01-09,46084.005795149,902970262822.9578,408238524973.59875,1311208787796.5566,0.6886548284506007,0.31134517154939934,0.05076949141375711,10
2024-01-10,46818.1592764465,917394187765.1335,447988543322.23486,1365382731087.3684,0.6718952619493992,0.3281047380506008,0.055338478698418944,10
2024-01-11,46380.8708082992,908875740937.4847,452999208375.12146,1361874949312.6062,0.6673709222687673,0.33262907773123274,0.056460754891791316,10
2024-01-12,42817.4305356517,839091815873.3531,434126200185.09045,1273218016058.4436,0.6590323144114518,0.3409676855885482,0.05883449653388146,10
2024-01-13,42846.9544699006,839712974628.9417,442468807403.3412,1282181782032.2827,0.6549094569866533,0.34509054301334674,0.06021472855712901,10
2024-01-14,41888.1513068381,820955897438.4491,429297040171.2664,1250252937609.7156,0.6566318484385936,0.34336815156140643,0.05918382558236808,10
2024-01-15,42528.9192489772,833544457525.6852,433845358244.328,1267389815770.0132,0.6576859362083941,0.3423140637916059,0.059083045430299054,10
2024-01-16,43171.4472241379,846171395720.2478,443893965225.5875,1290065360945.8354,0.6559135849518984,0.34408641504810156,0.06000692658424731,10
2024-01-17,42689.304327294,836753555542.9312,434614002081.47675,1271367557624.408,0.6581523576914552,0.3418476423085448,0.05913713765761044,10
2024-01-18,41261.9076177674,808811755816.4711,422841150531.35425,1231652906347.8252,0.6566880585008407,0.34331194149915933,0.059782282389872696,10
2024-01-19,41606.8535330216,815607676546.724,426826436335.5884,1242434112882.3125,0.6564595000169486,0.34354049998305136,0.05984733803857495,10
2024-01-20,41668.6904102864,816857089192.0228,426792600274.85175,1243649689466.8745,0.6568224927891001,0.3431775072108999,0.05927078664368408,10
2024-01-21,41537.1123562244,814314028256.8575,423262051356.2925,1237576079613.15,0.6579910856966478,0.34200891430335223,0.05909390252318456,10
2024-01-22,39577.0998603156,775928554108.8254,400613289542.50934,1176541843651.3347,0.6594993270284146,0.34050067297158537,0.05842281881508818,10
2024-01-23,39737.3143617767,779107885559.914,389829768387.00726,1168937653946.9211,0.6665093582444317,0.3334906417555683,0.05634478108177823,10
2024-01-24,40101.8568980129,786292868063.8229,389765044798.1225,1176057912861.9453,0.6685834595937318,0.3314165404062682,0.05569942360546677,10
2024-01-25,39917.6611461134,782726426382.1896,386486265486.1175,1169212691868.3071,0.6694474254564037,0.3305525745435963,0.055566837440268614,10
2024-01-26,41860.7310458796,820866927315.7286,396203643326.3125,1217070570642.041,0.674461240881617,0.32553875911838304,0.054152975517766835,10
2024-01-27,42125.3014155465,826100034581.4243,396542735938.16754,1222642770519.5918,0.6756675412478438,0.3243324587521562,0.05380694049259931,10
2024-01-28,41983.0202744009,823351807165.9026,394030018243.23016,1217381825409.1328,0.6763299648318586,0.3236700351681414,0.05371447381191086,10
2024-01-29,43218.3470821157,847620609856.2836,405284535120.9878,1252905144977.2715,0.676524167255822,0.323475832744178,0.053563581349804726,10
2024-01-30,42950.0541277031,842397364504.327,406170575041.20483,1248567939545.5317,0.6746908500717651,0.3253091499282349,0.054675651670471705,10
2024-01-31,42589.4708059614,835359963215.0078,396422706018.8265,1231782669233.8342,0.6781715509397446,0.32182844906025543,0.0536328593723849,10
2024-02-01,43020.3596548802,843852657325.6138,400763290773.0731,1244615948098.687,0.678002446147913,0.32199755385208695,0.0534670450128566,10
2024-02-02,43155.3852030976,846551917090.7051,403046520417.8381,1249598437508.5432,0.6774591674254693,0.3225408325745307,0.05343954825186952,10
2024-02-03,42982.3789979544,843198728324.983,402558722118.7853,1245757450443.7683,0.6768562596391582,0.3231437403608418,0.053390706590057666,10
2024-02-04,42576.2913050847,835273625240.0701,399462475130.7211,1234736100370.7913,0.6764794720015374,0.32352052799846265,0.05372831722230038,10
2024-02-05,42619.2742738165,836158430969.5535,401544390752.0164,1237702821721.5698,0.6755728566623995,0.3244271433376005,0.053890997007439774,10
2024-02-06,43102.7062632963,845688803310.792,409305515119.3729,1254994318430.165,0.6738586708254097,0.32614132917459027,0.055083264234622314,10
2024-02-07,44253.0314731151,868302802756.0361,417858523895.3667,1286161326651.4028,0.6751118889701916,0.3248881110298084,0.054791689661077544,10
2024-02-08,45332.09157218,889514483023.9789,418118023610.1829,1307632506634.1619,0.6802480655008981,0.3197519344991019,0.0534254906033627,10
2024-02-09,47176.9665137347,925763898219.7605,428878921816.64197,1354642820036.4023,0.6834007345160424,0.31659926548395756,0.052796757078716845,10
2024-02-10,47792.8972156634,937895843905.5869,430471794995.8404,1368367638901.4272,0.6854121781618294,0.3145878218381706,0.05232004098318464,10
2024-02-11,48200.7986057861,945941841244.1549,432458338625.2156,1378400179869.3706,0.6862606774571088,0.31373932254289116,0.05195912230480678,10
2024-02-12,49989.80371654,981107036008.364,452942713772.0112,1434049749780.3752,0.6841513247072639,0.3158486752927361,0.05310770450109406,10
2024-02-13,49628.0941528346,974049946091.3964,448226698901.91095,1422276644993.3074,0.6848526617660798,0.31514733823392016,0.053163164654007854,10
2024-02-14,51844.2929193454,1017592289633.9614,469440047290.6949,1487032336924.6562,0.6843108010269988,0.3156891989730012,0.05361037483809035,10
2024-02-15,51939.1472919345,1019505042839.3536,478064528584.12854,1497569571423.4822,0.680773075450702,0.319226924549298,0.05439862815680749,10
2024-02-16,52157.3123977206,1023831051832.7769,474812359258.3198,1498643411091.0967,0.6831718901612294,0.31682810983877063,0.053735784628131555,10
2024-02-17,51674.8158521333,1014408246958.517,471496155877.6747,1485904402836.1917,0.6826874225705803,0.31731257742941965,0.05392662088914339,10
2024-02-18,52148.0645365283,1023737845114.2452,484228958090.1349,1507966803204.3801,0.6788861949340236,0.3211138050659764,0.05517428676164227,10
2024-02-19,51804.8051537113,1017043227936.4346,494484970376.3727,1511528198312.8071,0.6728575947651357,0.32714240523486426,0.056915965326278385,10
2024-02-20,52308.0531712449,1026969199193.7712,500899536489.9204,1527868735683.6917,0.6721580036351895,0.3278419963648105,0.05762260251173013,10
2024-02-21,51744.321808007,1015946034869.6826,490897047855.3604,1506843082725.043,0.6742215208184783,0.3257784791815217,0.057301419662361054,10
2024-02-22,51292.3252574518,1007114829786.9012,490218125218.69135,1497332955005.5925,0.6726057998123335,0.3273942001876665,0.05795185741632125,10
2024-02-23,50789.1431759205,997285419197.9481,483296644693.23816,1480582063891.1863,0.6735765909367672,0.32642340906323275,0.0575557498505004,10
2024-02-24,51578.2349164231,1012824030063.5236,494187076489.651,1507011106553.1746,0.6720746951759684,0.3279253048240316,0.05797285472107337,10
2024-02-25,51746.4789669784,1016180820662.2231,508778306405.39276,1524959127067.616,0.6663659390112731,0.33363406098872694,0.060134174314893124,10
2024-02-26,54551.8259184687,1071316673976.7393,519774355857.588,1591091029834.3271,0.6733220500201617,0.32667794997983834,0.058217526871386316,10
2024-02-27,57049.888220339,1120420896302.564,534269565458.80756,1654690461761.3716,0.6771181209988407,0.3228818790011593,0.056868627332339085,10
2024-02-28,62460.740619813,1226744513760.7969,552302162969.6913,1779046676730.4883,0.6895516176198895,0.3104483823801105,0.0540595781199496,10
2024-02-29,61394.7818515488,1205859852279.2776,551750695327.1335,1757610547606.4111,0.686079094098217,0.313920905901783,0.05456874805611112,10
2024-03-01,62524.401817066,1228106988685.405,571113587146.4207,1799220575831.8257,0.6825772254842182,0.3174227745157818,0.054989533685465164,10
2024-03-02,62049.6145637054,1218830448923.2932,581698452761.9991,1800528901685.2925,0.6769291222054085,0.32307087779459154,0.055122655169788835,10
2024-03-03,62991.4422913501,1237391640177.7898,586860393647.4733,1824252033825.2632,0.6783008143798588,0.3216991856201412,0.055285024505947376,10
2024-03-04,68091.8388243717,1337637736660.5847,613702058266.8485,1951339794927.433,0.6854970826392279,0.31450291736077207,0.05332107923822457,10
2024-03-05,63950.524329924,1256349969665.857,586673154494.1097,1843023124159.9668,0.6816788965892601,0.31832110341073994,0.055557796788540774,10
2024-03-06,66103.7215400351,1298708781023.34,625662360254.9901,1924371141278.33,0.6748743800848249,0.3251256199151751,0.05779953387654566,10
2024-03-07,67070.3791484512,1317775703379.3416,634473353003.6687,1952249056383.0103,0.6750038879879515,0.3249961120120485,0.057681028975369766,10
2024-03-08,68343.7149552893,1342859547465.889,637032876131.5571,1979892423597.446,0.6782487429422683,0.32175125705773167,0.05699744271055745,10
2024-03-09,68502.5053392753,1346049345988.8496,642350625715.0834,1988399971703.933,0.6769509983624524,0.3230490016375476,0.05713948205358862,10
2024-03-10,68882.2513395675,1353572780460.2922,633894144804.2117,1987466925264.504,0.6810542420876518,0.31894575791234825,0.05621627205072408,10
2024-03-11,72198.0875341905,1418807431184.4077,676853946645.1982,2095661377829.606,0.6770213194718561,0.32297868052814394,0.05641290052413888,10
2024-03-12,71432.7283018702,1403829853146.6147,655935561777.3868,2059765414924.0015,0.6815484146763439,0.31845158532365614,0.05559210754632988,10
2024-03-13,73081.5759053185,1436306869781.038,661303346189.9263,2097610215970.9644,0.6847348753572813,0.3152651246427187,0.05479627146361886,10
2024-03-14,71505.2729076563,1405390053436.6956,644541193669.3888,2049931247106.0845,0.6855791165780334,0.3144208834219666,0.05430223069371204,10
2024-03-15,69424.9141753361,1364557049381.3796,617182661420.6571,1981739710802.0366,0.6885652247585659,0.31143477524143415,0.05382679515313594,10
2024-03-16,65433.6819006429,1286167673667.403,578653182109.9312,1864820855777.3342,0.6897003911570236,0.31029960884297636,0.05378696307784249,10
2024-03-17,68285.0891691993,1342277385497.008,598450581656.1338,1940727967153.1418,0.6916360294771233,0.3083639705228767,0.053283266502141755,10
2024-03-18,67770.8865245471,1332230717578.118,587026498173.5305,1919257215751.6484,0.6941387046219178,0.30586129537808215,0.05208651323153782,10
2024-03-19,61969.3075394506,1218244887373.998,526030156214.0321,1744275043588.0303,0.6984247649774481,0.3015752350225519,0.051087105207410666,10
2024-03-20,67848.1076396844,1333878479086.9724,581352628417.4623,1915231107504.4346,0.696458236220395,0.30354176377960496,0.051866924570233584,10
2024-03-21,65454.7357232612,1286874418578.5916,581189465252.6019,1868063883831.1934,0.6888813759084907,0.31111862409150925,0.05331230658979304,10
2024-03-22,63486.4849997078,1248231144166.5354,555399571721.2009,1803630715887.7363,0.6920658054729144,0.3079341945270856,0.05224508213114549,10
2024-03-23,64361.2429047341,1265492833453.943,564526793138.5372,1830019626592.4805,0.6915187220206521,0.3084812779793479,0.052123263826520716,10
2024-03-24,67289.5658310929,1323142018390.2087,582349825291.1608,1905491843681.3696,0.6943834594610107,0.30561654053898935,0.051349903823941785,10
2024-03-25,70042.0204237288,1377322433812.7395,601492080607.6699,1978814514420.4094,0.6960341273907394,0.30396587260926056,0.051339949256842175,10
2024-03-26,70071.0472144945,1377951907816.7256,602428085941.6141,1980379993758.3398,0.6958017714578434,0.3041982285421566,0.051280316687979624,10
2024-03-27,69267.8879815897,1362216604596.2065,589013982853.4707,1951230587449.6772,0.6981320472106112,0.3018679527893888,0.050504389673570405,10
2024-03-28,70826.8968714202,1392943231125.4192,604109227072.8737,1997052458198.293,0.6974995701325287,0.3025004298674713,0.050350312344882665,10
2024-03-29,69917.0430070134,1375112180619.6648,600881380628.1001,1975993561247.765,0.6959092416026567,0.30409075839734334,0.050292503088981734,10
2024-03-30,69663.0119073641,1370183441931.534,594288212189.661,1964471654121.1948,0.6974819102414,0.30251808975859995,0.05033060817883889,10
2024-03-31,71227.4517939801,1401014986716.4766,617340499865.3445,2018355486581.821,0.6941368832351533,0.3058631167648467,0.051170247268073676,10
2024-04-01,69791.6277305669,1372838341430.1897,593910923573.0934,1966749265003.2832,0.6980240775266785,0.3019759224733215,0.05029959473699188,10
2024-04-02,65533.7548351841,1289144341529.4673,558201080821.8888,1847345422351.356,0.6978361090091133,0.3021638909908867,0.050096408642906154,10
2024-04-03,66130.2162393337,1300936296061.3972,558041732373.7172,1858978028435.1143,0.6998126261645621,0.3001873738354379,0.05016264438710223,10
2024-04-04,68438.135024547,1346397493893.6897,563451450287.7382,1909848944181.4277,0.7049759081709802,0.2950240918290198,0.04862496328331176,10
2024-04-05,67904.9094766219,1335970050153.9253,561723781116.9445,1897693831270.8696,0.703996623764771,0.296003376235229,0.04894611449465354,10
2024-04-06,69136.0710783168,1360259059730.4453,570853876004.7943,1931112935735.2397,0.7043912526082007,0.2956087473917993,0.0487186979302043,10
2024-04-07,69392.6830108124,1365381654693.3076,582395316905.6841,1947776971598.9917,0.7009948647110366,0.29900513528896344,0.04968127414389823,10
2024-04-08,71712.7972840444,1411103414779.7263,617472348899.4745,2028575763679.2007,0.6956128728563862,0.3043871271436138,0.05159727070197463,10
2024-04-09,69074.5418638223,1359253099652.0125,588282522892.9922,1947535622545.0046,0.6979349101074541,0.3020650898925459,0.05065895890349313,10
2024-04-10,70579.4456767972,1388933299151.329,594097495929.7706,1983030795081.0996,0.7004093444219691,0.2995906555780309,0.050174888373534475,10
2024-04-11,70046.5536057861,1378504301565.5657,587931147990.875,1966435449556.4407,0.7010168077861433,0.2989831922138567,0.0500253610206067,10
2024-04-12,67098.113691993,1320536537240.2312,536459703649.65375,1856996240889.885,0.7111142759273553,0.2888857240726447,0.04821196103151694,10
2024-04-13,64551.6482875512,1270486530668.2883,495306517651.68207,1765793048319.9705,0.7194991122414193,0.28050088775858073,0.046945045465087674,10
2024-04-14,65648.8099602572,1292144961483.2134,517910552044.9299,1810055513528.1433,0.7138703491831455,0.2861296508168545,0.04811740503644225,10
2024-04-15,63393.325166277,1247806826197.3333,508437396045.0172,1756244222242.3506,0.7104973274184778,0.2895026725815222,0.048949759734364,10
2024-04-16,63784.8203340152,1255578626046.309,505811737191.06274,1761390363237.3718,0.7128338227867904,0.2871661772132096,0.04842009988488485,10
2024-04-17,61324.2184286967,1207195172504.9727,490084858493.9477,1697280030998.9204,0.7112527988645974,0.28874720113540264,0.048673398366459966,10
2024-04-18,63510.14500263,1250283688855.0876,503558850045.7099,1753842538900.7976,0.7128825200229718,0.2871174799770282,0.04830418731607257,10
2024-04-19,63762.6310300994,1255313599075.9373,502924189806.3368,1758237788882.274,0.7139612212941632,0.2860387787058368,0.04792728038737952,10
2024-04-20,64907.9928366452,1277889041416.1592,522784261366.20746,1800673302782.3667,0.709672898155145,0.290327101844855,0.04861541398103145,10
2024-04-21,64968.192619813,1279102660225.9148,520058884629.70105,1799161544855.6157,0.7109437525959148,0.2890562474040852,0.04844924090545879,10
2024-04-22,66944.5960911748,1318046160711.64,533019297264.54376,1851065457976.1836,0.7120472995874997,0.2879527004125003,0.0478873232718141,10
2024-04-23,66385.3002919345,1307069255153.7227,531556793615.0406,1838626048768.7632,0.7108945595701759,0.2891054404298241,0.048471148971275864,10
2024-04-24,64189.9679064874,1263876147635.96,515277099367.8515,1779153247003.8115,0.7103807104668439,0.2896192895331561,0.04880858664746394,10
2024-04-25,64515.3874725307,1270312365909.4153,518373208868.77795,1788685574778.1934,0.7101932188763477,0.2898067811236523,0.04895450214577299,10
2024-04-26,63777.4715002922,1255809257754.7332,514509644584.1974,1770318902338.9307,0.7093689482135498,0.2906310517864502,0.04907437611241471,10
2024-04-27,63429.3099649328,1248981539069.536,528282506935.89386,1777264046005.4297,0.7027551937916827,0.2972448062083173,0.05128644478601221,10
2024-04-28,62978.5770049678,1240133745037.1575,527547990871.5169,1767681735908.6743,0.7015594039611822,0.2984405960388178,0.05180919641217191,10
2024-04-29,63908.3888766803,1258469166546.7375,522780364188.246,1781249530734.9834,0.7065091919083707,0.2934908080916293,0.050391677488741835,10
2024-04-30,60636.3261633548,1194063184619.588,491119254209.4033,1685182438828.9912,0.7085661214517076,0.2914338785482924,0.049680410000354676,10
2024-05-01,58141.7772799532,1144963991083.4077,487939725833.9705,1632903716917.3782,0.7011827943198569,0.29881720568014314,0.05108812937854195,10
2024-05-02,59170.1088936295,1165241347389.504,491578722231.1809,1656820069620.6848,0.7032998747149871,0.2967001252850129,0.05050787020494144,10
2024-05-03,62983.6554783752,1240367193696.9216,511055434354.8299,1751422628051.7515,0.7082055317948485,0.29179446820515154,0.04933671377742273,10
2024-05-04,63881.1305429573,1258069746191.7712,514066500121.18616,1772136246312.9575,0.7099170556492288,0.2900829443507712,0.04879149357737242,10
2024-05-05,64067.5959918177,1261769810812.1023,516989387613.24774,1778759198425.35,0.7093539203783662,0.2906460796216338,0.04899234900123816,10
2024-05-06,63228.1031341321,1245260648377.0237,508659719281.9171,1753920367658.941,0.7099869933314847,0.29001300666851526,0.04851522714508928,10
2024-05-07,62396.999720339,1228916076889.098,498713840809.0177,1727629917698.1157,0.7113306294941331,0.28866937050586694,0.04831415343373855,10
2024-05-08,61079.27442782,1202987566725.9587,491263459497.5085,1694251026223.4673,0.7100409255217932,0.2899590744782068,0.04863197912315325,10
2024-05-09,62998.4903381064,1240816052414.6277,501827297929.21466,1742643350343.8423,0.712030979930461,0.28796902006953895,0.04816747014270549,10
2024-05-10,60896.6418880772,1199445712976.238,481745022743.49835,1681190735719.7363,0.7134501085998086,0.2865498914001914,0.04779994733744964,10
2024-05-11,60843.5729240211,1198430676128.048,481520621543.28345,1679951297671.3315,0.7133722732255724,0.2866277267744276,0.04784911605044256,10
2024-05-12,61431.2746879018,1210031928139.5818,483080868187.59656,1693112796327.1782,0.7146788629584927,0.2853211370415073,0.047704102275679845,10
2024-05-13,62886.9394491526,1238733522166.955,486601110239.55774,1725334632406.5127,0.7179671113650331,0.2820328886349669,0.04688565538801954,10
2024-05-14,61555.5670046756,1212534592795.9192,476029075664.4191,1688563668460.3384,0.7180863922658772,0.2819136077341228,0.046804040366025756,10
2024-05-15,66281.5322542373,1305656862270.2595,500841180812.43884,1806498043082.6982,0.7227557578984263,0.2772442421015737,0.04569685983764246,10
2024-05-16,65269.2603246639,1285745432661.9907,490611777469.7481,1776357210131.7388,0.7238101803671779,0.2761898196328221,0.04506478007763965,10
2024-05-17,66956.4409476914,1319013797948.891,512933483112.522,1831947281061.413,0.720006416988521,0.27999358301147903,0.04618657607665833,10
2024-05-18,66977.6006914085,1319457427063.7263,516123978145.11487,1835581405208.8413,0.7188226157224591,0.2811773842775409,0.04662139614281626,10
2024-05-19,66259.4704260666,1305342162215.1062,507450474835.6758,1812792637050.782,0.7200725198987773,0.2799274801012227,0.04633535127552295,10
2024-05-20,71202.2025902981,1402750979194.1008,587911028381.4744,1990662007575.5752,0.7046655704764816,0.2953344295235184,0.051429747586728115,10
2024-05-21,70217.2546914085,1383376851822.5369,604073655595.4812,1987450507418.018,0.696056000720109,0.303943999279891,0.05407340395025273,10
2024-05-22,69074.9141350088,1360904192311.322,594027471866.815,1954931664178.137,0.6961390094847397,0.3038609905152603,0.054158122896347964,10
2024-05-23,67758.7306586791,1335008716623.4392,595815102414.3602,1930823819037.7993,0.6914192291706466,0.3085807708293534,0.0555934471273021,10
2024-05-24,68608.998279661,1351795322625.1067,593203717305.7051,1944999039930.8118,0.6950107917139091,0.3049892082860909,0.05433720814616899,10
2024-05-25,69282.7925976037,1365105657154.5444,597785014451.699,1962890671606.2434,0.6954567958884188,0.3045432041115812,0.054098097278233497,10
2024-05-26,68445.0069532437,1348634376225.0068,603879837915.3932,1952514214140.4,0.6907168032160765,0.30928319678392346,0.05587736872628326,10
2024-05-27,69347.815260374,1366449886995.254,614807701056.8324,1981257588052.0864,0.6896881532394316,0.31031184676056844,0.056061075253906606,10
2024-05-28,68342.8204488603,1346675790188.2783,607137817245.5309,1953813607433.809,0.6892549960060101,0.31074500399398985,0.05625965796056445,10
2024-05-29,67584.2632402104,1331757571193.812,596873189002.8604,1928630760196.6724,0.6905197193152752,0.3094802806847248,0.05578141835404498,10
2024-05-30,68375.4760260082,1347374814099.0803,592523790658.6604,1939898604757.7407,0.6945594016071494,0.30544059839285065,0.05480891653175444,10
2024-05-31,67377.7626122151,1327745507331.984,593322447477.334,1921067954809.3179,0.6911496826585574,0.30885031734144264,0.055737735275977064,10
2024-06-01,67714.3526399766,1334408183644.8196,600848557040.2048,1935256740685.0244,0.6895251444376719,0.3104748555623281,0.05631542378467207,10
2024-06-02,67805.4855742256,1336233753379.1138,595457719789.0399,1931691473168.1538,0.691742843999599,0.30825715600040104,0.05576703777105081,10
2024-06-03,68833.3028351841,1356522583774.186,594578106310.4198,1951100690084.606,0.6952601629777307,0.30473983702226926,0.05473347177955715,10
2024-06-04,70554.0894330801,1390464286885.4888,601866860564.2422,1992331147449.731,0.6979082210632216,0.3020917789367784,0.054032151530080286,10
2024-06-05,71087.4433158971,1401002830701.5593,608896126966.0096,2009898957667.5688,0.6970513743274854,0.30294862567251457,0.054346191459224605,10
2024-06-06,70788.5013755114,1395140656059.825,601068251987.2112,1996208908047.0361,0.6988951158547538,0.30110488414524617,0.053848542746987936,10
2024-06-07,69338.1573240795,1366587206919.3804,578273512217.9553,1944860719137.3357,0.7026658482390169,0.2973341517609831,0.0530720699997668,10
2024-06-08,69310.1092618352,1366071661252.042,576346555568.9323,1942418216820.974,0.7032840041460279,0.2967159958539721,0.05309499270255587,10
2024-06-09,69644.0190894214,1372686175118.295,581185276472.4224,1953871451590.7173,0.7025468200585773,0.29745317994142273,0.053208259344667386,10
2024-06-10,69465.9362478083,1369206330030.37,575221820809.3252,1944428150839.6953,0.7041691560776275,0.29583084392237247,0.05277650446524069,10
2024-06-11,67368.263506429,1327886106724.7012,549723583375.0714,1877609690099.7725,0.7072215880256455,0.2927784119743545,0.051919112519650035,10
2024-06-12,68213.8346838106,1344584160572.374,561883911456.8037,1906468072029.1777,0.7052749428639766,0.29472505713602337,0.05220051835126893,10
2024-06-13,66783.4902767388,1316420457334.039,546508044970.9139,1862928502304.953,0.7066403545306577,0.29335964546934234,0.05195999801055115,10
2024-06-14,65982.1865195792,1300651738960.456,545246237727.55005,1845897976688.006,0.704617349055306,0.29538265094469396,0.05274005243644785,10
2024-06-15,66204.904308007,1305069712028.442,558662347726.742,1863732059755.1838,0.7002453518988525,0.2997546481011475,0.053889698206895154,10
2024-06-16,66622.5999336645,1313337507861.0647,565026327071.604,1878363834932.6687,0.6991922882225542,0.3008077117774458,0.05433132264190463,10
2024-06-17,66483.8785260082,1310631966548.8096,550384309654.1597,1861016276202.9692,0.704256047251178,0.29574395274882204,0.05278766771562881,10
2024-06-18,65112.1230020456,1283620750458.029,541130243957.568,1824750994415.5972,0.7034498155564108,0.29655018444358916,0.053410318000201344,10
2024-06-19,64878.7141525424,1279047103315.121,551743495132.3992,1830790598447.5203,0.6986310200629889,0.30136897993701106,0.05483409082127531,10
2024-06-20,64897.7011542957,1279448394407.8145,546502547102.3861,1825950941510.2007,0.7007025026365785,0.2992974973634215,0.054126213497442975,10
2024-06-21,64086.0489228521,1263474830674.3933,545818980437.26074,1809293811111.654,0.6983248507870027,0.3016751492129973,0.054899571546854244,10
2024-06-22,64258.135506429,1266898089628.074,543059675847.2767,1809957765475.3506,0.6999600287884881,0.30003997121151194,0.05440869250766943,10
2024-06-23,63345.0218760959,1248917529606.7346,531929932503.54236,1780847462110.2769,0.7013051685666478,0.2986948314333522,0.05398940645951498,10
2024-06-24,60258.9554374635,1188100921863.343,521693005745.80286,1709793927609.146,0.6948796007976813,0.3051203992023187,0.05555477254489055,10
2024-06-25,61739.6658477498,1217319401227.3342,530419027528.17883,1747738428755.5132,0.6965112062530623,0.3034887937469377,0.05495173512178399,10
2024-06-26,60794.4760584454,1198706106409.1135,525662726197.9905,1724368832607.104,0.6951564443418804,0.3048435556581196,0.05541551549426445,10
2024-06-27,61569.9234275278,1214020888208.736,537045399205.26697,1751066287414.003,0.6933037869180941,0.30669621308190587,0.0559332008159023,10
2024-06-28,60303.3147364115,1189071644235.0774,526557486313.2838,1715629130548.3613,0.6930819855308811,0.3069180144691189,0.05592973236525213,10
2024-06-29,60889.3298430742,1200656669706.713,526193753643.7424,1726850423350.4553,0.6952870112381736,0.3047129887618264,0.05540404170311882,10
2024-06-30,62763.2796861485,1237632202717.0747,536320786273.26984,1773952988990.3445,0.6976691098344608,0.30233089016553916,0.054775479376148226,10
2024-07-01,62835.3997647575,1239082028945.8328,536356643471.9565,1775438672417.7893,0.6979019034537831,0.3020980965462169,0.054708584518505875,10
2024-07-02,62028.6170385739,1223201373387.4175,535934574850.53595,1759135948237.9534,0.6953421505669546,0.3046578494330454,0.05510619485291054,10
2024-07-03,60216.3920859147,1187491669195.1455,516224372774.95166,1703716041970.0972,0.697000932046156,0.302999067953844,0.054713700911681144,10
2024-07-04,57418.2420213326,1132336135774.266,481273230242.65674,1613609366016.9229,0.7017411770293298,0.2982588229706702,0.05365360404113764,10
2024-07-05,56720.9881256575,1118607148795.7935,467315208500.9083,1585922357296.7017,0.7053353801648433,0.2946646198351567,0.052647818909746714,10
2024-07-06,58259.221773232,1148973034600.3093,483461476891.8254,1632434511492.1348,0.7038402009463062,0.29615979905369383,0.052659885576718087,10
2024-07-07,56112.5725587376,1106662108515.9316,459637815833.8115,1566299924349.7432,0.7065454650873253,0.2934545349126747,0.052267645113942586,10
2024-07-08,56691.9149061952,1118116169843.2405,474107129508.3252,1592223299351.5657,0.7022357795534045,0.29776422044659545,0.05327858507504337,10
2024-07-09,57981.4320967271,1143576800885.025,480001675452.64777,1623578476337.6726,0.7043557287508554,0.2956442712491446,0.05284752924509784,10
2024-07-10,57722.0113527177,1138484737067.4297,485582400597.97565,1624067137665.4053,0.701008419334191,0.298991580665809,0.05372556063330146,10
2024-07-11,57307.712738457,1130338357125.1465,485942472307.8831,1616280829433.0295,0.6993452725178053,0.3006547274821947,0.054038653081006416,10
2024-07-12,57859.1202819988,1141241450890.7737,494741704720.96173,1635983155611.7354,0.6975875313728611,0.3024124686271389,0.054103393969899605,10
2024-07-13,59329.0372016365,1170263359782.1216,509616851890.91205,1679880211673.0337,0.6966350050737414,0.30336499492625857,0.053630702457693906,10
2024-07-14,61015.0339412624,1203551433724.7993,519332880977.1784,1722884314701.9778,0.6985677584121416,0.3014322415878584,0.05337489639475516,10
2024-07-15,64734.7611697837,1276955826783.0232,551820701713.3533,1828776528496.3765,0.6982568984702241,0.3017431015297759,0.05388122702870126,10
2024-07-16,65118.8266583869,1284561804277.9807,550717072284.7898,1835278876562.7705,0.6999273084228984,0.3000726915771016,0.052929793813125216,10
2024-07-17,64201.3707805377,1266495577595.2537,548419966238.7892,1814915543834.043,0.6978261781370598,0.3021738218629402,0.05286646787231127,10
2024-07-18,63984.3022022209,1262239275865.3447,545500614103.5757,1807739889968.9204,0.6982416457530546,0.3017583542469454,0.05362440822558155,10
2024-07-19,66755.7833828171,1316943858342.9053,557322979898.1941,1874266838241.0994,0.7026448056770762,0.2973551943229238,0.052542154523784024,10
2024-07-20,67185.4978112215,1325455815468.5513,562725790167.9474,1888181605636.4985,0.7019747525936444,0.2980252474063556,0.052400697772745024,10
2024-07-21,68056.6201215663,1342677522206.0012,566091651573.4695,1908769173779.4707,0.7034258204974172,0.2965741795025828,0.051875660627367,10
2024-07-22,67535.1976738749,1332428244617.5244,553565974011.4688,1885994218628.9932,0.7064858584699806,0.2935141415300194,0.05096511326511684,10
2024-07-23,65916.4081616014,1300525327320.5208,555494242886.1528,1856019570206.6736,0.7007066887639031,0.2992933112360969,0.052835528026964916,10
2024-07-24,65353.3857784921,1289445533977.663,537869587894.20593,1827315121871.8691,0.705650338326308,0.29434966167369203,0.050980067147811704,10
2024-07-25,65722.0611917007,1296753108115.7764,515616175040.8668,1812369283156.643,0.7155015924001941,0.28449840759980594,0.048289997882669924,10
2024-07-26,67912.2433091759,1340001251630.1753,532308731052.5516,1872309982682.7268,0.7156941233150739,0.28430587668492613,0.04828189837834925,10
2024-07-27,68077.3730812391,1343292249647.731,528691049737.11774,1871983299384.8486,0.7175770478770561,0.2824229521229439,0.04780257976183293,10
2024-07-28,68170.6691309176,1345164681876.9836,530212024321.1719,1875376706198.1555,0.7172770555543262,0.2827229444456738,0.04797794493693619,10
2024-07-29,66867.167277031,1319480775875.413,537212672516.6297,1856693448392.0427,0.7106616210759652,0.2893383789240348,0.049697807370915184,10
2024-07-30,66186.9146861484,1306088468540.5605,532945938568.4663,1839034407109.0269,0.7102033890674941,0.28979661093250586,0.04949900477655669,10
2024-07-31,64690.6340385739,1276590367647.944,525553466276.1487,1802143833924.0928,0.7083731851015588,0.2916268148984412,0.04995713298033497,10
2024-08-01,65178.0554891876,1286237547913.6736,518636057032.31494,1804873604945.9885,0.71264688252348,0.28735311747652004,0.04914660311802172,10
2024-08-02,61506.7698877849,1213811646574.5771,484245034252.37823,1698056680826.9553,0.7148239869021625,0.28517601309783747,0.048531248559595286,10
2024-08-03,60688.2444272355,1197683974936.4004,472551721015.8279,1670235695952.2283,0.7170748283245028,0.28292517167549724,0.04786389291840106,10
2024-08-04,58306.2644786675,1150701598520.431,441195770481.51404,1591897369001.9448,0.7228491113355343,0.2771508886644657,0.046280791436026654,10
2024-08-05,54343.6276773816,1072523586902.1216,401262058044.8672,1473785644946.9888,0.7277337722615012,0.27226622773849884,0.04479404994574846,10
2024-08-06,56047.4712866744,1106175094630.1853,407526767181.36334,1513701861811.5486,0.7307747466904423,0.2692252533095577,0.04386696232281337,10
2024-08-07,55129.7410376973,1088083425121.3396,403958530997.1133,1492041956118.453,0.7292579278078671,0.27074207219213287,0.04255970304761551,10
2024-08-08,61908.7896724138,1221904955759.4966,451727569160.3458,1673632524919.8423,0.7300915449274141,0.2699084550725859,0.04339748467445749,10
2024-08-09,60720.9407594974,1198484835251.109,435202460880.66876,1633687296131.7776,0.7336072442314174,0.26639275576858257,0.04270290911661581,10
2024-08-10,60871.5550727645,1201482137168.4636,437866530791.7454,1639348667960.209,0.732902134030725,0.267097865969275,0.04282595635460538,10
2024-08-11,58836.1043722969,1161336033784.414,425890901281.0233,1587226935065.4375,0.7316761126766885,0.26832388732331147,0.043493759022851824,10
2024-08-12,59394.1629538282,1172376697310.6843,450823860557.9277,1623200557868.612,0.7222623794869228,0.27773762051307715,0.04594483696926945,10
2024-08-13,60536.2457846289,1194948367404.5227,448283068982.7078,1643231436387.2305,0.7271941985431509,0.2728058014568491,0.0446427481279288,10
2024-08-14,58840.6466797195,1161502552681.3992,441984947356.4011,1603487500037.8003,0.7243602164993604,0.27563978350063956,0.04532204988095166,10
2024-08-15,57644.1876879018,1137913514476.404,428913503429.1203,1566827017905.5244,0.7262534418110329,0.2737465581889671,0.04464899364764251,10
2024-08-16,58927.2765087668,1163268220731.6543,431958693415.55524,1595226914147.2095,0.7292180256083032,0.2707819743916968,0.04402881206248566,10
2024-08-17,59414.6743351841,1172917480915.17,435068051028.0176,1607985531943.1875,0.7294328572084509,0.27056714279154914,0.04396532586178259,10
2024-08-18,58793.2061458212,1160677609428.6133,435877209130.88855,1596554818559.502,0.7269888862794197,0.2730111137205803,0.04464456790354817,10
2024-08-19,59411.5190169492,1172908290164.1162,440481777036.7994,1613390067200.9155,0.7269837059298406,0.27301629407015937,0.044300479691344916,10
2024-08-20,59123.3002662186,1167245960130.3333,434355923297.4381,1601601883427.7715,0.7287990681130923,0.27120093188690775,0.04360460926861833,10
2024-08-21,61133.0256493279,1206951189414.0603,443732799272.9539,1650683988687.0142,0.7311824659873829,0.2688175340126171,0.04299380226355484,10
2024-08-22,60394.4737749854,1192400134476.1396,443357732705.0127,1635757867181.1523,0.7289588259972507,0.2710411740027493,0.04343524794651485,10
2024-08-23,64106.8029152543,1265727472786.8767,465312598063.6161,1731040070850.4927,0.7311947852050593,0.2688052147949407,0.043147798996919104,10
2024-08-24,64023.226703682,1264107951577.8176,465121786660.6603,1729229738238.478,0.7310237174532587,0.26897628254674133,0.043140698835047876,10
2024-08-25,64498.0183413209,1273509292081.1409,462376214439.9351,1735885506521.076,0.7336366870378491,0.2663633129621509,0.04276327415335415,10
2024-08-26,62983.4427729398,1243630467610.3733,449838398360.5962,1693468865970.9695,0.7343686633986765,0.26563133660132354,0.04265168966387676,10
2024-08-27,59548.0076215663,1175823003704.9958,417186767905.93524,1593009771610.9312,0.738114118732583,0.26188588126741696,0.04133383316980671,10
2024-08-28,59100.7747548217,1167021768381.1953,425798354670.9124,1592820123052.1077,0.7326764343892065,0.2673235656107935,0.04279918744801201,10
2024-08-29,59339.7909947399,1171765932988.4949,424744916449.87164,1596510849438.3665,0.7339542561835444,0.2660457438164556,0.04258807779138938,10
2024-08-30,59142.9399640561,1167905016492.7952,425746508145.2861,1593651524638.0813,0.7328484291809194,0.2671515708190806,0.04272348056898792,10
2024-08-31,58959.926273232,1164318100826.983,423687689758.48676,1588005790585.4697,0.7331951229206283,0.2668048770793717,0.042628920145656134,10
2024-09-01,57349.0807180012,1132533186813.884,408645444437.9229,1541178631251.807,0.7348487474771145,0.2651512525228855,0.04230134421179283,10
2024-09-02,59159.0238877849,1168306929893.2593,426067950698.7065,1594374880591.9658,0.7327680234522296,0.2672319765477704,0.04291158536222721,10
2024-09-03,57637.7754444769,1138291265398.3296,411593804449.67267,1549885069848.0022,0.7344359188581397,0.26556408114186025,0.04232996944641871,10
2024-09-04,58033.3989704851,1146131838403.5774,413643916633.21533,1559775755036.7927,0.7348055223339087,0.2651944776660913,0.04226751818039232,10
2024-09-05,56112.9529400935,1108231128685.7102,401290469801.46857,1509521598487.1787,0.7341604981315695,0.26583950186843053,0.04218574070728464,10
2024-09-06,53838.9534623028,1063344022288.4587,378758423600.7263,1442102445889.185,0.7373567844084836,0.2626432155915164,0.04124489535287767,10
2024-09-07,54066.4399248977,1067863679558.0648,386348401610.89685,1454212081168.9617,0.734324582628737,0.265675417371263,0.041979595359982164,10
2024-09-08,54859.2584082408,1083551229332.9728,391843267247.5456,1475394496580.5183,0.7344145798593461,0.2655854201406539,0.04192671330621707,10
2024-09-09,57135.7814371712,1128541804948.6787,402670176836.1695,1531211981784.8481,0.7370251920528996,0.2629748079471004,0.04134085457740499,10
2024-09-10,57664.4998214494,1139009699685.7004,406186235682.0733,1545195935367.7737,0.7371296245447369,0.26287037545526315,0.04143825633877369,10
2024-09-11,57409.1950663355,1133986205007.4746,400026572222.81165,1534012777230.2861,0.7392286569183123,0.2607713430816877,0.04080021907850297,10
2024-09-12,58124.6418065459,1148145814023.139,406007734524.6007,1554153548547.7397,0.7387595743651006,0.26124042563489935,0.04064250694149892,10
2024-09-13,60536.8814503215,1195818457804.4065,418459609511.82086,1614278067316.2273,0.7407760050859645,0.25922399491403547,0.040351801101540005,10
2024-09-14,60007.1702507306,1185380845498.9973,417234008696.9241,1602614854195.9214,0.7396542234682689,0.2603457765317311,0.040281606523543415,10
2024-09-15,59129.9197536528,1168079552742.0537,400770593845.7932,1568850146587.847,0.7445450129717968,0.25545498702820324,0.03922363727056376,10
2024-09-16,58227.46421654,1150274777284.253,398054642825.7487,1548329420110.0017,0.74291346682706,0.25708653317293995,0.03941768065286366,10
2024-09-17,60238.2177255991,1190025146381.112,403548374234.41833,1593573520615.5303,0.7467651357067325,0.25323486429326747,0.03879706027855851,10
2024-09-18,61306.2337317358,1211150580513.792,407278128508.4792,1618428709022.2712,0.7483496639437859,0.2516503360562141,0.03847560971391537,10
2024-09-19,62994.6096528346,1244529728528.069,422512227455.6081,1667041955983.6772,0.7465497338330067,0.2534502661669933,0.03918484326949832,10
2024-09-20,63153.9518270018,1247706329948.0483,432852815235.65735,1680559145183.7056,0.7424352386072427,0.2575647613927573,0.04045246687121028,10
2024-09-21,63367.7296078317,1251956581811.1748,441742566821.47687,1693699148632.6516,0.7391847500318447,0.2608152499681553,0.04110520404743026,10
2024-09-22,63571.9521729983,1256018426232.2217,436471829175.0626,1692490255407.2842,0.7421126486367692,0.2578873513632308,0.040601365198685305,10
2024-09-23,63336.0126347165,1251385764258.587,445117987741.4244,1696503752000.0112,0.7376262874652214,0.2623737125347786,0.04180777420362156,10
2024-09-24,64342.7891113384,1271306695183.4255,448615055747.23456,1719921750930.6602,0.7391654268547472,0.2608345731452528,0.04127095099216694,10
2024-09-25,63059.6269167154,1245981917271.069,437282841773.83594,1683264759044.905,0.7402174319731182,0.2597825680268818,0.04083107258319241,10
2024-09-26,65057.7861461134,1285489555328.316,447734927605.1089,1733224482933.4248,0.7416751655577053,0.2583248344422947,0.04042112249477384,10
2024-09-27,65767.7132542373,1299545301087.6182,457541311044.1191,1757086612131.7373,0.7396023008285177,0.26039769917148226,0.04102619233446755,10
2024-09-28,65770.5276478667,1299627426191.8,457675776617.11523,1757303202808.9153,0.7395578771577066,0.2604421228422934,0.04066711612118616,10
2024-09-29,65617.7610689655,1296640538015.1345,457285604174.565,1753926142189.6995,0.7392788708858264,0.26072112911417356,0.040481421791895164,10
2024-09-30,63260.0425482174,1250077896709.859,443291979492.4799,1693369876202.3389,0.7382190472842027,0.26178095271579727,0.0410409886946769,10
2024-10-01,60858.2487086499,1202646051653.5708,419953087364.10754,1622599139017.6782,0.7411849437943452,0.2588150562056548,0.04025464558333456,10
2024-10-02,60686.0993135593,1199273528113.5735,402897464397.9209,1602170992511.4944,0.74853029652824,0.25146970347176,0.03902177857875571,10
2024-10-03,60765.2367498539,1200867438226.5305,399191104873.9892,1600058543100.5198,0.750514687981069,0.24948531201893098,0.03866532416260336,10
2024-10-04,62052.5100496785,1226339830656.776,409918238895.7913,1636258069552.5671,0.7494782476410442,0.2505217523589558,0.038920722788144374,10
2024-10-05,62030.4538977206,1225933206941.3413,409721557852.0273,1635654764793.3687,0.7495060897500658,0.25049391024993417,0.03892171528309159,10
2024-10-06,62789.8814555815,1240971909274.3645,413724626512.5588,1654696535786.9233,0.7499694853015426,0.2500305146984574,0.03883591828298821,10
2024-10-07,62416.508829924,1233622849152.0457,411119753457.76044,1644742602609.8062,0.7500400653540478,0.24995993464595223,0.03887723513454645,10
2024-10-08,62126.3273769725,1227920018306.1497,411559220086.84106,1639479238392.9907,0.7489695444449487,0.2510304555550513,0.03926821294252779,10
2024-10-09,60615.2581917008,1198077958961.5269,401668496574.94,1599746455536.4668,0.7489174017639924,0.25108259823600765,0.03905244687691232,10
2024-10-10,60221.1172869667,1190316820566.9536,403834082352.01776,1594150902918.9714,0.7466776315764229,0.25332236842357714,0.0395562819055255,10
2024-10-11,62462.539962595,1234647595504.9775,413352702061.90765,1648000297566.8853,0.7491792309308539,0.2508207690691461,0.0390264804124356,10
2024-10-12,63202.8806992987,1249309568739.9368,418736551872.4325,1668046120612.3691,0.7489658429116416,0.2510341570883584,0.03921088916116,10
2024-10-13,62759.431113384,1240571118552.432,415298777495.5632,1655869896047.995,0.7491960096099689,0.2508039903900311,0.0392791736815329,10
2024-10-14,66089.7587410871,1306430701379.4463,440490634053.1178,1746921335432.564,0.7478474702216368,0.2521525297783632,0.039808416514676835,10
2024-10-15,66933.974833723,1323151391127.9893,435983546123.31116,1759134937251.3003,0.7521602596304817,0.24783974036951828,0.03885206294652431,10
2024-10-16,67662.9534038574,1337591659770.797,439697133899.5942,1777288793670.3914,0.752602314567264,0.247397685432736,0.038602914342975504,10
2024-10-17,67337.9075482174,1331199044933.5325,438283419855.3232,1769482464788.8557,0.7523098258520343,0.24769017414796568,0.03865941732574083,10
2024-10-18,68390.5375625365,1352037490364.0715,445292868922.0229,1797330359286.0945,0.7522476229139674,0.2477523770860326,0.03862299569241393,10
2024-10-19,68357.8982963179,1351429188789.67,447339807545.2365,1798768996334.9065,0.751307806362731,0.24869219363726902,0.038762182808284,10
2024-10-20,69012.3532089421,1364405010361.8098,460084553315.9848,1824489563677.7947,0.7478283447187556,0.2521716552812444,0.039791669958958574,10
2024-10-21,67440.4625058445,1333364068408.307,449377497384.36194,1782741565792.669,0.747928972989109,0.252071027010891,0.03955083227611518,10
2024-10-22,67425.7553211572,1333102370303.0415,442528670730.8579,1775631041033.8994,0.7507766757258388,0.24922332427416116,0.038906246866297886,10
2024-10-23,66647.2866642315,1317742395147.647,427954736648.2394,1745697131795.8862,0.7548516699411766,0.24514833005882342,0.037836241176148366,10
2024-10-24,68130.9948369374,1347109398128.7732,431024358506.826,1778133756635.599,0.7575973365904904,0.24240266340950956,0.037165751449244264,10
2024-10-25,66261.5376861485,1310177531436.6272,409530868157.3659,1719708399593.9932,0.7618602850029387,0.23813971499706132,0.03644964071285886,10
2024-10-26,67023.3399611338,1325271090943.35,420322499356.6518,1745593590300.002,0.7592094163886027,0.24079058361139727,0.03701068171122634,10
2024-10-27,68000.1475008767,1344619989932.5825,425786456246.37024,1770406446178.9526,0.759497906729079,0.24050209327092098,0.03688954841722334,10
2024-10-28,69862.5205470485,1381482823559.9583,436071165906.36,1817553989466.3184,0.7600780122991548,0.23992198770084516,0.03673193066377255,10
2024-10-29,72678.7866201052,1437208187257.8213,449329648261.5049,1886537835519.3262,0.7618231451277448,0.23817685487225515,0.03625844340113139,10
2024-10-30,72450.2843819404,1432727864892.0596,450959360850.2146,1883687225742.2742,0.7605975372729343,0.23940246272706567,0.036726801866657985,10
2024-10-31,70367.0819576271,1391566605240.4385,428979140894.4676,1820545746134.906,0.7643678321156125,0.23563216788438746,0.03578073912167487,10
2024-11-01,69483.5830303916,1374127913099.3047,428549070218.31146,1802676983317.6162,0.762270737251209,0.23772926274879103,0.03615956443415062,10
2024-11-02,69241.6794865576,1369374466600.2305,424671931565.51605,1794046398165.7466,0.7632882114979269,0.23671178850207308,0.0359447282120136,10
2024-11-03,68742.7546227352,1359535717301.9387,417370082168.7369,1776905799470.6755,0.7651141201221429,0.23488587987785714,0.03570698912660483,10
2024-11-04,67779.0969795441,1340509299537.1174,410238846343.62,1750748145880.7373,0.7656779775498527,0.23432202245014733,0.035360011326585256,10
2024-11-05,69538.0241729982,1375326900715.9143,418769016817.7503,1794095917533.6646,0.7665849341023917,0.2334150658976083,0.034930146085641114,10
2024-11-06,75696.0366192285,1497156604749.206,465055802051.2863,1962212406800.4924,0.7629941588181127,0.23700584118188728,0.035972617969746,10
2024-11-07,75972.2955546464,1502657637883.2903,488288056334.52576,1990945694217.816,0.7547456679744549,0.24525433202554514,0.03806487079819,10
2024-11-08,76507.4474012273,1513276367734.307,500537014634.38605,2013813382368.6929,0.7514481634610835,0.24855183653891655,0.03869252892277024,10
2024-11-09,76799.2527469316,1519081480991.7898,527619061044.5042,2046700542036.294,0.7422099373074051,0.25779006269259486,0.040885638643894925,10
2024-11-10,80409.2865666277,1590524775490.166,550585425450.8892,2141110200941.0552,0.7428504963411517,0.25714950365884826,0.03964139948857891,10
2024-11-11,88859.998448568,1757720678966.796,588732745141.1509,2346453424107.947,0.7490967691528034,0.25090323084719657,0.03792752378749982,10
2024-11-12,88048.7488877849,1741713696652.337,588853242717.2864,2330566939369.623,0.7473347653011158,0.25266523469888424,0.03696966309084794,10
2024-11-13,90369.3819693162,1787657675322.5647,579368055961.0348,2367025731283.5996,0.7552337313853986,0.24476626861460138,0.035309572345025464,10
2024-11-14,87204.2569827586,1725080813100.306,565546358968.907,2290627172069.213,0.7531041428893787,0.24689585711062134,0.035048864796869625,10
2024-11-15,91139.0844427236,1802962571173.1033,592556046956.3198,2395518618129.423,0.7526397655723394,0.24736023442766064,0.033986071033735146,10
2024-11-16,90567.6957568673,1791703486489.722,629986522598.0233,2421690009087.745,0.7398566619865025,0.26014333801349754,0.03460821337482725,10
2024-11-17,89732.9704292811,1775232152213.3113,610347027497.5491,2385579179710.8604,0.7441514275910452,0.25584857240895476,0.03421474869000987,10
2024-11-18,90587.6965534775,1792185787343.0757,638601135884.619,2430786923227.695,0.7372862550055768,0.26271374499442324,0.03520221977054868,10
2024-11-19,92254.1385800701,1825205105778.552,629684557156.7223,2454889662935.2744,0.7434978171671398,0.2565021828328602,0.033730657826591195,10
2024-11-20,94160.0406858562,1862955744741.5977,627021270495.9491,2489977015237.547,0.7481819042268828,0.2518180957731172,0.032640483324712075,10
2024-11-21,98545.5688798948,1949767734681.4053,679356804242.3074,2629124538923.713,0.7416034142983517,0.25839658570164825,0.0341499751686403,10
2024-11-22,98938.3495450029,1957583287126.9268,718947964051.0812,2676531251178.008,0.7313881675266619,0.2686118324733381,0.033610583326003494,10
2024-11-23,97707.0484590883,1933263035602.3704,753542276641.5603,2686805312243.9307,0.7195396803751937,0.28046031962480633,0.03477099684984733,10
2024-11-24,97980.2082819988,1938708892763.704,748382819637.1858,2687091712400.8896,0.7214896625286701,0.2785103374713299,0.034332218400409245,10
2024-11-25,93343.0290745178,1847003530882.5168,739040797034.5137,2586044327917.0303,0.7142195943602462,0.2857804056397538,0.03674513917860875,10
2024-11-26,91875.5699593805,1818006432546.3628,718045863862.9033,2536052296409.266,0.7168647251953097,0.28313527480469025,0.03618442259761679,10
2024-11-27,95989.0802273524,1899443244839.8489,779117739452.9672,2678560984292.816,0.709128243104509,0.29087175689549105,0.038225490824980016,10
2024-11-28,95737.9402822911,1894516141679.9128,775710723383.3297,2670226865063.2427,0.709496322753476,0.29050367724652404,0.037437696955167625,10
2024-11-29,97398.9417399182,1927421800509.8132,814602431453.9564,2742024231963.7695,0.7029193170657875,0.2970806829342125,0.03691635627686739,10
2024-11-30,96463.6248980129,1908962307847.3225,841765544708.8104,2750727852556.133,0.6939844325469734,0.3060155674530266,0.038493276092698335,10
2024-12-01,97469.6044529515,1928918216380.8752,883287753645.3849,2812205970026.2603,0.6859092957415431,0.31409070425845687,0.038125538150268055,10
2024-12-02,95726.4417258913,1894459110890.3772,926199808233.3916,2820658919123.7686,0.6716370767291803,0.32836292327081973,0.03799458598585286,10
2024-12-03,96010.8774228521,1900135290511.2388,901568991968.1792,2801704282479.418,0.6782069408230623,0.3217930591769377,0.03774480297615822,10
2024-12-04,98920.2528255406,1957759688318.8252,907597064824.2175,2865356753143.043,0.6832516356545606,0.3167483643454394,0.038866269534167344,10
2024-12-05,96949.6644117475,1918806150363.6316,890360259772.9987,2809166410136.6304,0.6830517919621237,0.31694820803787627,0.039140793995357595,10
2024-12-06,99953.1056580947,1978292068450.6504,942367120329.5447,2920659188780.1953,0.6773443735066118,0.3226556264933882,0.04015350382973057,10
2024-12-07,99977.7002282291,1978823210378.297,960492824676.2413,2939316035054.5386,0.6732257391783256,0.3267742608216744,0.040070865772572406,10
2024-12-08,100798.98356429,1995124567555.0056,963513332015.8137,2958637899570.8193,0.6743388800111088,0.32566111998889125,0.03969927478803299,10
2024-12-09,97390.1988597311,1927704967520.9807,859258962915.591,2786963930436.572,0.6916863711325499,0.30831362886745006,0.03813706405141521,10
2024-12-10,96835.5017387493,1916772101161.006,863127953911.9514,2779900055072.9575,0.6895111562241762,0.31048884377582375,0.037510543774615795,10
2024-12-11,101310.201899766,2005389739960.3052,902160796885.5898,2907550536845.895,0.6897179307967414,0.3102820692032586,0.03787226525500767,10
2024-12-12,100090.890479544,1981300299243.624,902702070047.4082,2884002369291.032,0.6869967654467227,0.3130032345532773,0.038735286060496775,10
2024-12-13,101289.823976914,2005087006885.8284,915883907992.2169,2920970914878.0454,0.6864453859067418,0.31355461409325824,0.038557201339392805,10
2024-12-14,101366.87166803,2006662563398.3247,904009901407.94,2910672464806.2646,0.6894154487189574,0.31058455128104256,0.038164368323240806,10
2024-12-15,104551.367141146,2069747720545.494,922476436850.666,2992224157396.16,0.69170877971475,0.30829122028525,0.03775819729383014,10
2024-12-16,105855.672229982,2095617308590.057,928901055231.7725,3024518363821.829,0.6928763712123744,0.30712362878762556,0.03774174157025576,10
2024-12-17,106115.910582992,2100814326264.9373,919072011161.3229,3019886337426.2603,0.6956600651584076,0.3043399348415924,0.03654247914143333,10
2024-12-18,100469.770656926,1989080900958.2937,849029943942.711,2838110844901.005,0.7008467990360236,0.29915320096397635,0.03619534122307246,10
2024-12-19,97697.045779661,1934231301840.7524,802544136708.755,2736775438549.5073,0.7067555761410576,0.29324442385894245,0.035107210288462434,10
2024-12-20,97617.4422051432,1932701352301.5583,813129308303.7716,2745830660605.33,0.7038676419599329,0.2961323580400671,0.03556253903908665,10
2024-12-21,97093.0190832846,1922362435573.652,786609337582.7311,2708971773156.3833,0.709628079045576,0.290371920954424,0.03428501920840412,10
2024-12-22,95149.1058252484,1883920629195.2527,775661339958.4027,2659581969153.6553,0.7083521587397296,0.29164784126027044,0.03445483266843734,10
2024-12-23,94800.7562060199,1877064601089.3376,806539297759.9531,2683603898849.291,0.6994566530083701,0.3005433469916299,0.03610220594165417,10
2024-12-24,98637.7330543542,1953077820204.931,829146679879.1705,2782224500084.1016,0.7019842648017416,0.2980157351982584,0.035430134466094054,10
2024-12-25,99235.3678869082,1964958123095.0613,821436098509.9756,2786394221605.037,0.7051974583708378,0.2948025416291622,0.03517650380004571,10
2024-12-26,95628.3030902981,1893573831131.2705,775826916180.7899,2669400747312.0605,0.7093628909177444,0.2906371090822556,0.034772491516296175,10
2024-12-27,94219.9821461134,1865733631847.3723,772668483536.3881,2638402115383.7603,0.7071452910717508,0.29285470892824916,0.035258922744011024,10
2024-12-28,95123.5811098773,1883669106004.3423,790104476358.3276,2673773582362.67,0.7044983608297324,0.2955016391702676,0.035712442455850806,10
2024-12-29,93457.5783202806,1850724503071.058,768550979337.8783,2619275482408.9365,0.7065787907765069,0.29342120922349313,0.03581227364173308,10
2024-12-30,92523.163085038,1832266408959.4832,765090156533.6753,2597356565493.158,0.705435069370844,0.294564930629156,0.03626623795220891,10
2024-12-31,93389.7326016949,1849465014110.3464,764112939507.454,2613577953617.8003,0.7076372111075763,0.29236278889242373,0.03568331070895978,10
2025-01-01,94455.7965718878,1870618380200.1172,806330069643.669,2676948449843.786,0.6987875991072139,0.3012124008927861,0.035475750918068816,10
2025-01-02,96851.393682934,1918111729016.921,832145631507.5774,2750257360524.498,0.6974299047603022,0.3025700952396978,0.03559667874916944,10
2025-01-03,98120.6846759205,1943293181040.9524,871401221760.6919,2814694402801.6445,0.6904100065380699,0.30958999346193006,0.03675321219575957,10
2025-01-04,98230.0478571011,1945504870252.1655,875716381913.1836,2821221252165.349,0.6895967016975176,0.31040329830248237,0.03723699593538797,10
2025-01-05,98414.8120964348,1949212211950.715,870044031509.5867,2819256243460.302,0.6913923544453302,0.3086076455546698,0.03696825025724577,10
2025-01-06,102179.560366745,2023819606221.713,878103297541.5449,2901922903763.258,0.6974064002862354,0.30259359971376465,0.03604513433628827,10
2025-01-07,96974.9957857978,1920775996884.6816,811943950487.6992,2732719947372.381,0.702880658785246,0.29711934121475403,0.034880820900131705,10
2025-01-08,95039.2809210988,1882472571006.6912,811351218856.2775,2693823789862.9688,0.698810582225369,0.30118941777463104,0.034991247705150684,10
2025-01-09,92346.1691589714,1829173131917.1704,779065344727.2523,2608238476644.423,0.7013059382018076,0.29869406179819236,0.03483996338323566,10
2025-01-10,94759.1196358854,1877010385895.2708,798775248837.2611,2675785634732.5317,0.7014801042098032,0.2985198957901968,0.03450616695389435,10
2025-01-11,94606.5080099357,1874028218724.514,830086423798.0421,2704114642522.556,0.6930283906071049,0.30697160939289514,0.03473734521439984,10
2025-01-12,94353.7752586207,1869072635804.9497,814626260265.3909,2683698896070.341,0.6964539272799106,0.3035460727200894,0.034531444777842465,10
2025-01-13,94375.7299102864,1869545289653.9631,799794660663.7068,2669339950317.67,0.7003773683571005,0.2996226316428995,0.03319857226224245,10
2025-01-14,96569.475726768,1913048986189.611,832918003653.9836,2745966989843.5947,0.6966758862234447,0.3033241137765553,0.033412002528145836,10
2025-01-15,100172.405985096,1984466832794.948,925015823798.8578,2909482656593.8057,0.6820686242268947,0.31793137577310526,0.034351197182501535,10
2025-01-16,99977.7298234951,1980650188550.284,915503794659.9086,2896153983210.1924,0.6838898069759627,0.3161101930240373,0.03303870205183817,10
2025-01-17,104296.588034191,2066259604648.943,955360853099.2566,3021620457748.1997,0.6838249983880439,0.3161750016119561,0.03335587001136729,10
2025-01-18,104398.156261251,2068314222988.1396,923160633538.7025,2991474856526.8423,0.6914028438097891,0.3085971561902109,0.031642063727912104,10
2025-01-19,100954.572281999,2000137986542.099,862872473267.8228,2863010459809.922,0.6986135798731558,0.30138642012684425,0.03173755110529162,10
2025-01-20,102588.998699006,2032568393070.494,893761103508.9589,2926329496579.4526,0.6945794707828821,0.30542052921711793,0.03202516168762473,10
2025-01-21,105987.888705435,2099953742682.1108,906033916055.6548,3005987658737.7656,0.6985902741742777,0.30140972582572234,0.031349251707003076,10
2025-01-22,103791.128861485,2056477666295.4973,891500033728.1285,2947977700023.626,0.6975892885075134,0.30241071149248655,0.031213410062096495,10
2025-01-23,104184.616743717,2064318362060.2712,898959853581.8726,2963278215642.1436,0.6966333269564203,0.30336667304357967,0.032018562323513015,10
2025-01-24,104716.12488194,2074895497988.584,890829396549.2089,2965724894537.793,0.6996250737248357,0.30037492627516427,0.031613350905937,10
2025-01-25,104866.085348919,2077908832637.7983,894317597701.6724,2972226430339.4707,0.6991085239762408,0.3008914760237592,0.03169246974865377,10
2025-01-26,102833.369273232,2037674834179.0256,870251906785.3699,2907926740964.3955,0.7007311447960494,0.29926885520395063,0.031517211208853806,10
2025-01-27,101907.44629661,2019377065358.7551,860005239924.0668,2879382305282.822,0.7013230100267653,0.29867698997323466,0.031111522172358255,10
2025-01-28,101138.144066043,2004179506349.8545,843017012021.6139,2847196518371.4683,0.7039133032855068,0.29608669671449317,0.030362032907996713,10
2025-01-29,103918.795458796,2059331945599.1267,856105665150.1273,2915437610749.254,0.7063543181326689,0.2936456818673311,0.030059041394307182,10
2025-01-30,104987.446410871,2080556697805.9504,886250448432.205,2966807146238.1553,0.701278039067706,0.298721960932294,0.031011808377475605,10
2025-01-31,102263.043670953,2026606623485.5928,877556995350.205,2904163618835.798,0.6978279771640434,0.30217202283595657,0.032197592586509956,10
2025-02-01,100610.290439801,1993910895067.3057,830161123204.7678,2824072018272.073,0.7060410932038812,0.2939589067961188,0.031010261110808707,10
2025-02-02,97424.7809000584,1930832016063.4487,743990044424.7308,2674822060488.1797,0.7218543784968837,0.2781456215031163,0.029194415023214237,10
2025-02-03,101582.408702221,2013279341602.09,770313138483.8998,2783592480085.9897,0.7232665542837997,0.2767334457162003,0.028327541366003406,10
2025-02-04,97848.1497592051,1939309473574.1904,723701177657.9856,2663010651232.176,0.7282394731229751,0.2717605268770249,0.027835099127435623,10
2025-02-05,96559.3327562829,1913809109907.9287,712168032844.0183,2625977142751.9473,0.7287988454851182,0.2712011545148818,0.028799488400698434,10
2025-02-06,96541.3006811806,1913495458438.8672,690590209737.6456,2604085668176.5127,0.7348051109926713,0.2651948890073287,0.027813297083573784,10
2025-02-07,96384.1109836353,1910431989078.9983,688430628226.7126,2598862617305.711,0.7351031087051375,0.2648968912948625,0.02710978914885954,10
2025-02-08,96603.318157218,1914825201259.517,697578791804.836,2612403993064.353,0.732974381582316,0.267025618417684,0.027298849684792393,10
2025-02-09,96309.7532405026,1909049334363.78,688780342673.9718,2597829677037.752,0.7348631633697507,0.26513683663024934,0.02723964869268955,10
2025-02-10,97375.2253535944,1930211390619.1672,699352744914.572,2629564135533.7393,0.7340423321629233,0.26595766783707675,0.02730588072135231,10
2025-02-11,95806.2580385739,1899147805926.7593,695876520994.4438,2595024326921.203,0.7318420048030734,0.2681579951969266,0.02717950319229283,10
2025-02-12,97756.4976548802,1937847635266.715,721995808217.7356,2659843443484.4507,0.7285570284272423,0.27144297157275765,0.02801497052420179,10
2025-02-13,96534.7406332554,1913676151860.9067,721379259860.2488,2635055411721.1553,0.7262375369218286,0.2737624630781714,0.027709315634443066,10
2025-02-14,97414.3589821742,1931159716999.0176,750414290943.325,2681574007942.343,0.7201590227527817,0.27984097724721835,0.02797413857760016,10
2025-02-15,97583.2431767972,1934556498527.5264,748605758371.4716,2683162256898.998,0.7209986997817064,0.2790013002182936,0.027609504298447503,10
2025-02-16,96182.2661706604,1906827963922.086,739106601404.6709,2645934565326.757,0.7206633107673259,0.2793366892326741,0.027677329968700218,10
2025-02-17,95790.5109985389,1899102368220.6968,740416957345.8884,2639519325566.585,0.7194879574571956,0.2805120425428044,0.028639403709370282,10
2025-02-18,95444.031886616,1892274974606.2864,716507778636.2384,2608782753242.525,0.7253478551459787,0.27465214485402134,0.027944380054711185,10
2025-02-19,96647.9132977791,1916181201685.9424,744316764066.7981,2660497965752.74,0.7202340412779805,0.2797659587220195,0.028124595988290226,10
2025-02-20,98392.2197247224,1950804507961.5483,744259971736.2021,2695064479697.7505,0.7238433524159428,0.2761566475840572,0.027855016193616754,10
2025-02-21,96048.9937247224,1904384514551.3691,714331498868.253,2618716013419.622,0.7272207084664172,0.2727792915335828,0.02764984318182502,10
2025-02-22,96605.7091057861,1915464594989.7832,731638360674.006,2647102955663.789,0.7236078940153879,0.27639210598461206,0.028635555647566504,10
2025-02-23,96091.6329774985,1905310407147.9175,737052016368.0217,2642362423515.9395,0.7210632387864125,0.27893676121358746,0.029366343515480654,10
2025-02-24,91869.6543430742,1821634093760.3489,655964245946.3428,2477598339706.6914,0.7352418931536746,0.2647581068463254,0.02742467818619106,10
2025-02-25,88769.7356265342,1760208246634.8357,657751728203.4133,2417959974838.249,0.7279724498965645,0.2720275501034355,0.028155690646574503,10
2025-02-26,83987.89564173,1665430715502.8591,620788342127.7528,2286219057630.612,0.7284650654731554,0.27153493452684463,0.02774719041543993,10
2025-02-27,84625.4191364699,1678112099535.171,617242324893.0757,2295354424428.2466,0.7310906244699767,0.26890937553002325,0.02716082864161044,10
2025-02-28,84243.7779114553,1670585267601.7073,603140127084.3322,2273725394686.0396,0.7347348415538918,0.2652651584461082,0.026469952664077985,10
2025-03-01,85844.3685628288,1702364201940.7178,608816763423.2051,2311180965363.923,0.7365776317185359,0.26342236828146415,0.025732073687028695,10
2025-03-02,94328.0094444769,1870638896492.398,749827836434.6099,2620466732927.008,0.7138571434573918,0.2861428565426082,0.0267083969147687,10
2025-03-03,86315.9305511397,1711790108875.507,626813037550.6005,2338603146426.1074,0.7319711818106007,0.2680288181893993,0.024950200543192365,10
2025-03-04,87323.690650789,1731815528260.4128,637319674888.906,2369135203149.319,0.7309905850701515,0.26900941492984853,0.02485080731841346,10
2025-03-05,90619.4090976038,1797214619202.8445,656713997793.8591,2453928616996.7036,0.7323825993774857,0.26761740062251427,0.02473056233072071,10
2025-03-06,90222.0693275862,1789382285455.2207,659842944286.1846,2449225229741.4053,0.7305911533681807,0.2694088466318193,0.024454499323251982,10
2025-03-07,86553.5921937464,1716663461110.232,621297304985.967,2337960766096.199,0.7342567445973972,0.2657432554026028,0.024663780127308306,10
2025-03-08,86171.2789362946,1709117730734.5408,621705278396.1207,2330823009130.6616,0.7332679161134584,0.26673208388654157,0.025527614082849193,10
2025-03-09,80647.7964108709,1599605268650.108,569079439900.0802,2168684708550.188,0.7375923583283244,0.26240764167167563,0.024993766609354193,10
2025-03-10,79005.9601291642,1567078358406.0225,534914460444.1421,2101992818850.1646,0.7455203197426945,0.2544796802573055,0.0237917890052166,10
2025-03-11,82747.1601917008,1641320516183.5276,559180422608.6993,2200500938792.227,0.745884942491498,0.25411505750850205,0.02323961923833732,10
2025-03-12,83630.1581101695,1658875091592.0261,566041561413.2882,2224916653005.3145,0.7455897682060559,0.25441023179394406,0.022797021703622314,10
2025-03-13,81110.2890490941,1608931653806.9155,560696561008.5385,2169628214815.454,0.7415702113478319,0.25842978865216815,0.02297521472639078,10
2025-03-14,84105.8335517241,1668389628844.3645,581588735222.2511,2249978364066.6157,0.7415136320817386,0.2584863679182614,0.022765407239425783,10
2025-03-15,84352.8773018703,1673324978903.161,588996106843.2849,2262321085746.446,0.7396496410018,0.2603503589982,0.02299438741800481,10
2025-03-16,82492.1028287551,1636449800880.6472,567948608748.4766,2204398409629.124,0.7423566419447606,0.2576433580552394,0.022847015130186277,10
2025-03-17,84013.947518118,1666676385336.546,580847427859.0709,2247523813195.6167,0.7415611685852621,0.2584388314147379,0.022947076801991772,10
2025-03-18,82680.8065514319,1640266102189.8103,574022845778.1178,2214288947967.928,0.7407642546809875,0.2592357453190125,0.02334894103310264,10
2025-03-19,86774.23507218,1721514946126.3872,621967090354.5736,2343482036480.961,0.7345970309682692,0.2654029690317308,0.023704800669632032,10
2025-03-20,84124.9712878434,1668993504738.9026,595944462470.0786,2264937967208.9814,0.7368826559058285,0.26311734409417153,0.023515069492397716,10
2025-03-21,84069.4081800117,1667929256877.527,588189339662.8629,2256118596540.39,0.739291480259587,0.260708519740413,0.023386688613308927,10
2025-03-22,83821.220305377,1663044522837.712,587941154394.5776,2250985677232.2896,0.7388072432706531,0.26119275672934694,0.023606580985975425,10
2025-03-23,85760.8814506137,1701569937335.213,598941347611.831,2300511284947.044,0.7396485939752222,0.2603514060247778,0.02329598552714133,10
2025-03-24,87322.5718568089,1732597247212.6855,613414557150.0769,2346011804362.7627,0.7385287848895985,0.2614712151104015,0.023749995822764446,10
2025-03-25,87422.8426084161,1734627459888.4236,615630319917.2292,2350257779805.653,0.7380583844006521,0.2619416155993479,0.023622058443237517,10
2025-03-26,86836.6760955582,1723038102417.2332,596662234243.917,2319700336661.1504,0.7427847792173362,0.2572152207826638,0.023094298706954768,10
2025-03-27,87211.3240169492,1730512308533.819,596113493654.26,2326625802188.079,0.7437862620221765,0.25621373797782354,0.022971446480253666,10
2025-03-28,84309.0783550555,1672964353420.1504,563218992592.2468,2236183346012.3975,0.7481338041459841,0.25186619585401593,0.02248899996665551,10
2025-03-29,82497.1792472238,1637046774655.5232,542500427041.47864,2179547201697.002,0.7510948941050296,0.2489051058949704,0.022104983953816795,10
2025-03-30,82216.4666765049,1631511606002.1655,539237432643.60144,2170749038645.767,0.7515892334656946,0.24841076653430538,0.021927483173761326,10
2025-03-31,82461.4496279953,1636411209942.2063,537186360679.22327,2173597570621.4297,0.7528584095143048,0.24714159048569517,0.022112678032061166,10
2025-04-01,85226.7137936879,1691322616301.7249,555959357812.6296,2247281974114.3545,0.752608099821683,0.24739190017831703,0.022390691074759616,10
2025-04-02,82555.631296318,1638359405101.183,525043954851.8101,2163403359952.9932,0.757306490055919,0.242693509944081,0.02174884181692666,10
2025-04-03,82931.697399474,1645862024148.4058,530573816751.9749,2176435840900.3806,0.7562189489893352,0.24378105101066483,0.021867914093572773,10
2025-04-04,83774.1797375804,1662629046893.7307,539141738715.0105,2201770785608.741,0.7551326676514378,0.24486733234856217,0.021641483288664113,10
2025-04-05,83302.1715756867,1653304002042.126,537654422288.5361,2190958424330.662,0.7546030922732869,0.24539690772671308,0.021643795433190748,10
2025-04-06,77949.0884926943,1547096309796.6248,473711419965.88947,2020807729762.5142,0.7655831314434055,0.2344168685565945,0.02012980827920281,10
2025-04-07,79421.8044105786,1576362060476.6785,474486818168.74567,2050848878645.424,0.7686388192180489,0.23136118078195111,0.01964496115023539,10
2025-04-08,76351.4295303916,1515457839297.2393,448031632570.046,1963489471867.2852,0.7718186733418202,0.2281813266581798,0.019267363693107595,10
2025-04-09,82720.6034891876,1641909959540.38,508280544840.39154,2150190504380.7715,0.76361138987228,0.23638861012771994,0.020102718988038074,10
2025-04-10,79558.9558252484,1579190648363.4094,478456964269.6794,2057647612633.0889,0.7674738077928625,0.23252619220713755,0.01913384396398452,10
2025-04-11,83359.8995157802,1654675324685.486,492215338876.8868,2146890663562.3728,0.770731063658293,0.22926893634170697,0.018780861428600023,10
2025-04-12,85269.2495119813,1692613865286.0972,520710675524.5557,2213324540810.653,0.764738218041065,0.235261781958935,0.019308841308996922,10
2025-04-13,83568.9544360023,1658907541993.389,506552990150.4581,2165460532143.8472,0.7660760920685259,0.2339239079314741,0.019065831092363008,10
2025-04-14,84589.0324135009,1679196255170.0217,511525371347.70026,2190721626517.722,0.7665037103957387,0.23349628960426128,0.0191922443177301,10
2025-04-15,83671.3439713618,1661016663554.037,500672658101.3449,2161689321655.382,0.7683882447465027,0.2316117552534973,0.019012528111336118,10
2025-04-16,84151.5357562829,1670588196755.446,499061471709.7256,2169649668465.1716,0.7699806199298683,0.23001938007013167,0.018749059408263047,10
2025-04-17,84940.5838538866,1686293103287.5042,499636609147.26904,2185929712434.7732,0.7714306154012819,0.22856938459871812,0.018655039116558362,10
2025-04-18,84434.7727463472,1676287312525.932,500363807105.35516,2176651119631.287,0.7701221832968279,0.2298778167031721,0.01882133657791482,10
2025-04-19,85124.721496201,1690021871643.1616,506824273363.9892,2196846145007.151,0.7692945978416074,0.23070540215839264,0.018969369325948216,10
2025-04-20,85101.7461545879,1689598441895.586,501723294205.0755,2191321736100.6614,0.7710407897026271,0.22895921029737287,0.01862809276120154,10
2025-04-21,87360.7198933372,1734482195997.8015,502429314514.8022,2236911510512.6035,0.7753915109499943,0.22460848905000574,0.018051266594158663,10
2025-04-22,93495.6106890707,1856331181814.378,547142877866.1585,2403474059680.5366,0.772353325111866,0.22764667488813395,0.0188030727733018,10
2025-04-23,93695.7404772063,1860338085945.4592,553859970327.0043,2414198056272.4634,0.7705822151219162,0.22941778487808384,0.0191879041588527,10
2025-04-24,93849.8817790766,1863439928975.8303,551575385553.5977,2415015314529.4277,0.7716058435591853,0.22839415644081473,0.018854338163384204,10
2025-04-25,94771.4128007014,1881780070424.8152,552412930366.5287,2434193000791.3438,0.773061162287895,0.226938837712105,0.01888297886314211,10
2025-04-26,94694.5111014027,1880292468574.824,557173298498.0378,2437465767072.862,0.771412872326349,0.22858712767365097,0.019220233932203908,10
2025-04-27,93812.876534775,1862825953569.6736,558638418561.6299,2421464372131.3037,0.7692972793690405,0.23070272063095953,0.019116781675613304,10
2025-04-28,95066.0211867329,1887751317170.654,564488477062.1117,2452239794232.7656,0.7698069828286416,0.23019301717135843,0.018933078113060723,10
2025-04-29,94102.8403024547,1868668111983.0476,555441790186.3612,2424109902169.4087,0.7708677359515427,0.22913226404845732,0.019053055171992832,10
2025-04-30,94236.7325143191,1871365778928.6255,550262033199.5254,2421627812128.151,0.7727718394859574,0.2272281605140426,0.0190507752385413,10
2025-05-01,96411.7422635885,1914598090283.48,560414922399.1116,2475013012682.592,0.7735709188083439,0.22642908119165606,0.019066203350789866,10
2025-05-02,96842.1021057861,1923192534185.832,560448326172.5938,2483640860358.426,0.7743440546828043,0.22565594531719568,0.019013548183463642,10
2025-05-03,95943.61135301,1905398528848.1636,555744717278.9858,2461143246127.1494,0.7741924537901218,0.2258075462098782,0.0191303898893718,10
2025-05-04,94377.7899196376,1874342989258.676,546461620103.35254,2420804609362.0283,0.7742644664546615,0.22573553354533848,0.019170494070793107,10
2025-05-05,94853.7298594389,1883847029957.3733,544809893076.30536,2428656923033.6787,0.7756744116843916,0.22432558831560845,0.01921303795026654,10
2025-05-06,96677.9245029223,1920118226994.4229,547311537755.9159,2467429764750.339,0.7781855655732132,0.22181443442678683,0.01876567816992628,10
2025-05-07,97137.3757086499,1929289214331.7031,544836638969.60944,2474125853301.3125,0.7797862068161914,0.22021379318380863,0.018680264894660088,10
2025-05-08,103069.539295733,2047161802262.9504,623170484361.2704,2670332286624.2207,0.7666318579591196,0.2333681420408804,0.021277588854309467,10
2025-05-09,102940.802949445,2044649883878.203,646830513181.3254,2691480397059.5283,0.7596748191486014,0.24032518085139865,0.022752960244811826,10
2025-05-10,104582.821806254,2077313318157.566,702036540263.134,2779349858420.7,0.7474097986850601,0.2525902013149399,0.024713546190373033,10
2025-05-11,103976.137798948,2065311256125.5457,676823495284.0681,2742134751409.614,0.7531764276222596,0.24682357237774044,0.02411749859328283,10
2025-05-12,102920.074689071,2044380972696.56,693535566342.2902,2737916539038.85,0.7466922178037769,0.2533077821962231,0.02422837685340839,10
2025-05-13,104145.711825248,2068769059377.2952,723773671240.7893,2792542730618.0845,0.7408191239814641,0.2591808760185359,0.0256995866013327,10
2025-05-14,103572.719642022,2057433647794.1636,706269721140.4655,2763703368934.629,0.7444480731618014,0.2555519268381986,0.02513267511405875,10
2025-05-15,103716.283947399,2060332819995.956,674672936537.8242,2735005756533.7803,0.753319372390326,0.24668062760967402,0.024496501775250645,10
2025-05-16,103566.269191116,2057396779611.088,677335770232.2125,2734732549843.3003,0.7523210193731655,0.24767898062683447,0.02459010029436262,10
2025-05-17,103190.041364991,2049968934871.8545,661961421327.5236,2711930356199.378,0.7559076619300703,0.2440923380699297,0.023981095908581485,10
2025-05-18,106015.689848919,2106156816753.2776,671668015242.4841,2777824831995.7617,0.7582036104271139,0.24179638957288607,0.023260087876064074,10
2025-05-19,105615.828960257,2098259532017.2593,673317350712.59,2771576882729.849,0.757063441065575,0.242936558934425,0.023921197060595437,10
2025-05-20,106893.330247516,2123688965537.7632,671303853594.3533,2794992819132.116,0.75981911330892,0.24018088669107995,0.02362470045699838,10
2025-05-21,109704.855619521,2179595937622.9265,684332869968.6211,2863928807591.548,0.7610510190914562,0.23894898090854377,0.02331703324514433,10
2025-05-22,111477.014787843,2214857125536.543,704121614423.7802,2918978739960.323,0.7587780942750713,0.24122190572492874,0.0238383096468519,10
2025-05-23,107291.888969901,2131757821570.904,666137766774.9259,2797895588345.83,0.7619147156349892,0.23808528436501075,0.023504483407207986,10
2025-05-24,107917.328289304,2144232082359.298,670100980888.008,2814333063247.306,0.7618970584402633,0.23810294155973666,0.023440617866418316,10
2025-05-25,108914.876558445,2164103972791.515,673913374823.0242,2838017347614.539,0.7625407838364787,0.23745921616352128,0.023385192618405094,10
2025-05-26,109371.985172122,2173238869041.109,672043967417.6788,2845282836458.7876,0.763804160765227,0.23619583923477305,0.02342398779050564,10
2025-05-27,109066.345636762,2167213819846.428,685346931029.7323,2852560750876.16,0.7597432654784902,0.24025673452150975,0.024401884481400998,10
2025-05-28,107895.402399474,2144001770511.488,680749630726.5188,2824751401238.007,0.7590054719759884,0.24099452802401156,0.024812161252464,10
2025-05-29,105732.957892168,2101084126510.3755,669668696974.032,2770752823484.407,0.7583080340844411,0.24169196591555886,0.024905869291876236,10
2025-05-30,103981.302957919,2066326288336.2883,637509771988.3293,2703836060324.6177,0.7642202567888708,0.23577974321112916,0.024285901044672088,10
2025-05-31,104708.964150205,2080839122058.3977,642157040394.2675,2722996162452.665,0.7641726237998581,0.23582737620014194,0.02418664681595851,10
2025-06-01,105750.15972443,2101574335240.2617,644190308460.6931,2745764643700.955,0.7653876453182078,0.2346123546817922,0.024011694828926147,10
2025-06-02,105899.696926651,2104590104579.1655,655505992235.1637,2760096096814.329,0.7625060978884971,0.2374939021115029,0.02463078470477242,10
2025-06-03,105483.98555114,2096375961866.664,658333935193.1205,2754709897059.7847,0.7610151486747162,0.2389848513252838,0.02460164045144599,10
2025-06-04,104782.844900351,2082482835627.2383,652295200203.467,2734778035830.705,0.761481483448682,0.23851851655131795,0.024908025236958585,10
2025-06-05,101669.190496785,2020643792695.6504,612526596606.1119,2633170389301.762,0.7673805694098909,0.23261943059010914,0.02381504967436979,10
2025-06-06,104421.051549094,2075379908381.1829,630295698706.51,2705675607087.693,0.7670468340493556,0.23295316595064441,0.023749366421068157,10
2025-06-07,105685.250402104,2100553227975.266,639717207394.1462,2740270435369.412,0.7665496079740368,0.23345039202596318,0.023911557303255063,10
2025-06-08,105727.739632379,2101448276113.1252,646268054261.9867,2747716330375.112,0.7647981172154843,0.2352018827845157,0.02373614279223707,10
2025-06-09,110198.15871391,2190350694809.1885,676739804731.3273,2867090499540.5156,0.7639628728706741,0.2360371271293259,0.02428995550600617,10
2025-06-10,110074.119081824,2187943357305.6511,694344052480.4113,2882287409786.0625,0.759099647688518,0.240900352311482,0.025493861773213833,10
2025-06-11,108645.785558153,2159600242681.1956,684122370756.5901,2843722613437.7856,0.7594271791756959,0.2405728208243041,0.025537711740097967,10
2025-06-12,105998.985830801,2107037660426.0664,656547898275.6958,2763585558701.762,0.7624289589267793,0.2375710410732207,0.025027962060741656,10
2025-06-13,106024.822087376,2107599273522.1548,640852718590.5779,2748451992112.7324,0.7668313943886811,0.2331686056113189,0.024315270674062334,10
2025-06-14,105467.108742256,2096562615729.3809,632736542198.4836,2729299157927.8643,0.7681688574297334,0.2318311425702666,0.02401782575410814,10
2025-06-15,105512.797437756,2097515696363.0137,637744612309.0275,2735260308672.041,0.7668431738335537,0.23315682616644628,0.024135364031615043,10
2025-06-16,107243.933345997,2131978316689.5857,650594673968.9912,2782572990658.577,0.7661895389076535,0.2338104610923465,0.02391764479246026,10
2025-06-17,104628.396527469,2080020784384.478,630627052137.2717,2710647836521.75,0.7673519061972727,0.23264809380272733,0.024022162995902888,10
2025-06-18,104813.367028638,2083743868284.6497,632339171531.1456,2716083039815.7954,0.7671870991197564,0.23281290088024365,0.02406652547298822,10
2025-06-19,104709.720767095,2081724883731.6504,632423731818.7969,2714148615550.4473,0.7669900136656529,0.2330099863343471,0.024095616213918473,10
2025-06-20,103274.958839567,2053249239006.7852,608860836139.3724,2662110075146.1577,0.7712863784920898,0.2287136215079102,0.023269658674196628,10
2025-06-21,101548.196381648,2018963554074.3127,580825676230.1779,2599789230304.4907,0.7765873981399057,0.22341260186009426,0.022314906869310414,10
2025-06-22,100899.234151958,2006094738210.3289,571031105814.1877,2577125844024.5166,0.7784232744635984,0.22157672553640162,0.022074995845827117,10
2025-06-23,105496.947495324,2097542487005.0583,616989470573.9172,2714531957578.9756,0.772708709930166,0.22729129006983395,0.02295281655795735,10
2025-06-24,105964.065136762,2106868694059.577,622841742393.4264,2729710436453.0034,0.7718286401092602,0.22817135989073978,0.023056568363163,10
2025-06-25,107305.065199591,2133579562773.2737,618243360980.1722,2751822923753.446,0.7753331598325022,0.22466684016749783,0.022533755257967882,10
2025-06-26,107012.822824079,2127821320993.0576,608210075786.1338,2736031396779.1914,0.7777035466398127,0.22229645336018733,0.022569770190042332,10
2025-06-27,107090.95905114,2129413451733.8088,613102287737.8844,2742515739471.6934,0.7764452984120376,0.22355470158796242,0.02261663932520919,10
2025-06-28,107357.617171245,2134764370076.9768,620908657280.0397,2755673027357.0166,0.7746798509416928,0.22532014905830722,0.022711182349855193,10
2025-06-29,108360.901696376,2154771519854.2256,633629148176.2648,2788400668030.49,0.7727625174384243,0.22723748256157572,0.023100809249240194,10
2025-06-30,107153.101135885,2130802792373.5325,633720830007.194,2764523622380.7266,0.7707667155104819,0.22923328448951807,0.023228102007898394,10
2025-07-01,105566.356597896,2099293644623.7915,611119486394.2875,2710413131018.079,0.7745290268112226,0.2254709731887774,0.0227411894109097,10
2025-07-02,108927.13451841,2166178189392.104,645720263456.6022,2811898452848.706,0.7703614571136346,0.22963854288636543,0.023685177251836324,10
2025-07-03,109632.159126826,2180250385703.646,650260607900.6783,2830510993604.324,0.770267414834292,0.22973258516570805,0.02362737748284246,10
2025-07-04,108081.395758621,2149464119255.1885,633156695793.9056,2782620815049.094,0.7724603034773407,0.22753969652265926,0.02322404383694754,10
2025-07-05,108244.788813852,2152766699219.0437,634343790616.7421,2787110489835.7856,0.7724009173909295,0.22759908260907047,0.02326632684568705,10
2025-07-06,109180.005545587,2171420830654.5227,648975103492.0883,2820395934146.611,0.7698992912183255,0.23010070878167455,0.023536830873079746,10
2025-07-07,108249.401004091,2152963631063.5625,644893976649.9579,2797857607713.5205,0.7695043611683364,0.23049563883166357,0.023490026374675014,10
2025-07-08,108956.631703098,2167078035042.8591,659995230628.6904,2827073265671.55,0.7665447023807804,0.23345529761921957,0.024004331678283468,10
2025-07-09,111416.806720047,2216066450892.27,696372116549.7545,2912438567442.0244,0.7608972342508933,0.23910276574910672,0.024913969609284624,10
2025-07-10,115873.903783752,2304779478142.8335,737739573414.8644,3042519051557.6978,0.7575234334072094,0.2424765665927906,0.02546244381281425,10
2025-07-11,117618.605087084,2339537436457.521,766395660726.2406,3105933097183.7617,0.7532478528204122,0.24675214717958782,0.025154543233053155,10
2025-07-12,117382.372540912,2334893219628.712,766293066995.1704,3101186286623.8823,0.7529032453482831,0.24709675465171688,0.025049719353412932,10
2025-07-13,118899.737107832,2365126544898.0674,790265309549.5015,3155391854447.569,0.7495508177738333,0.25044918222616674,0.0249759963576868,10
2025-07-14,119871.096197838,2384502915692.5654,805632704511.3334,3190135620203.899,0.7474612993224905,0.2525387006775095,0.025125191835906988,10
2025-07-15,117710.89100789,2341591953037.3784,816976624273.1531,3158568577310.5312,0.741345927980834,0.258654072019166,0.026614917183082138,10
2025-07-16,118730.187791642,2361917162381.5225,861031917094.4955,3222949079476.018,0.7328434623501775,0.2671565376498225,0.028352583261930804,10
2025-07-17,119501.663770894,2377315036151.223,934105811370.6953,3311420847521.9185,0.7179138942518504,0.28208610574814963,0.029199563106325658,10
2025-07-18,117958.511213033,2346669299827.583,927009396554.2546,3273678696381.838,0.716829450129357,0.28317054987064305,0.030030381549790736,10
2025-07-19,117908.52473232,2345727189536.0054,938410325961.2236,3284137515497.229,0.7142597343950912,0.28574026560490884,0.03046525192926931,10
2025-07-20,117305.680953828,2333788554645.3423,968469791656.7853,3302258346302.1274,0.7067250075266587,0.2932749924733413,0.03201095737977992,10
2025-07-21,117432.435634717,2336365376851.4854,981344543805.4191,3317709920656.9043,0.7042102633219021,0.29578973667809794,0.03206868597140824,10
2025-07-22,120068.00578872,2388857383305.068,979292641066.203,3368150024371.271,0.7092491029258691,0.29075089707413093,0.031198159840720247,10
2025-07-23,118650.587165693,2360708516578.7466,914066673637.5424,3274775190216.289,0.7208765119607581,0.2791234880392419,0.030590264106409245,10
2025-07-24,118377.081936879,2355321152006.9604,917346234455.3118,3272667386462.2725,0.7196946325037461,0.2803053674962539,0.031336378759166776,10
2025-07-25,117520.17335038,2338330202043.7227,921401479432.0815,3259731681475.804,0.7173382445346151,0.28266175546538486,0.03167591439150488,10
2025-07-26,117983.204598773,2347599668866.052,928148127408.4291,3275747796274.481,0.7166606878392728,0.28333931216072716,0.03172789372756875,10
2025-07-27,119438.164235535,2376601218524.4136,952031619380.803,3328632837905.217,0.7139871936191262,0.2860128063808738,0.03234729462519015,10
2025-07-28,118022.637320281,2348488298493.5293,923935919080.6039,3272424217574.1333,0.7176601022206336,0.2823398977793664,0.03212014433255908,10
2025-07-29,117871.370895383,2345519559459.0205,923543185526.4452,3269062744985.466,0.7174899175786388,0.2825100824213612,0.03216109055936549,10
2025-07-30,117732.643660725,2342809433816.109,919206773030.683,3262016206846.792,0.7182090110094123,0.28179098899058774,0.03228381027975954,10
2025-07-31,115848.339985096,2305368665823.8267,895495742422.9204,3200864408246.747,0.7202331532333097,0.2797668467666903,0.031950807085252275,10
2025-08-01,113282.144336061,2254355122015.228,855961606482.0073,3110316728497.2354,0.7247992146138862,0.2752007853861138,0.03074008178996036,10
2025-08-02,112545.673659264,2239750089818.0874,821488654286.9844,3061238744105.072,0.7316482891545462,0.26835171084545384,0.03015238594438302,10
2025-08-03,114263.693947691,2273995431945.681,860861974781.3387,3134857406727.02,0.7253903884323304,0.2746096115676696,0.030667400725316308,10
2025-08-04,115199.933659264,2292689374189.235,905998767663.4844,3198688141852.719,0.7167592689612065,0.28324073103879355,0.032284151190528305,10
2025-08-05,114111.36101841,2271073998199.12,876372744640.3162,3147446742839.4365,0.7215607391502021,0.27843926084979786,0.031671522003093255,10
2025-08-06,115034.678748977,2289501873478.173,889681844114.6996,3179183717592.8726,0.7201540007922773,0.2798459992077227,0.032007895063551645,10
2025-08-07,117444.913924313,2337531175120.7417,958628024776.95,3296159199897.6914,0.7091681661472224,0.29083183385277755,0.03324318808770363,10
2025-08-08,116740.687720923,2323564790361.163,974515489622.8412,3298080279984.0044,0.704520385529376,0.295479614470624,0.03440322256763073,10
2025-08-09,116511.655739375,2319048455360.759,1001305239466.4769,3320353694827.236,0.6984341634969774,0.3015658365030226,0.03657934828490201,10
2025-08-10,119189.198160275,2372392553182.501,994105052667.2145,3366497605849.7153,0.7047064429988511,0.2952935570011489,0.03564680114565113,10
2025-08-11,118742.043048644,2363546734531.7153,981934906732.278,3345481641263.993,0.706489225760246,0.293510774239754,0.035603584535675956,10
2025-08-12,120154.32493507,2391709484341.113,1050289678491.6396,3441999162832.7524,0.6948605653851306,0.30513943461486936,0.03827922066853773,10
2025-08-13,123442.67982225,2457225396914.5664,1076306433717.7273,3533531830632.294,0.6954020834375413,0.3045979165624587,0.038567104742662284,10
2025-08-14,118510.27128083,2359101850712.3994,1023410096426.5468,3382511947138.9463,0.6974408036334698,0.30255919636653017,0.038484132733275424,10
2025-08-15,117311.209947715,2335282091620.0776,1007387620721.9785,3342669712342.056,0.6986278312205282,0.3013721687794718,0.037762687426610486,10
2025-08-16,117462.42684623,2338348119563.3086,1009931606573.9977,3348279726137.306,0.6983729887648633,0.3016270112351367,0.03765178963990431,10
2025-08-17,117601.952231888,2341181540292.769,1022245209177.6162,3363426749470.3853,0.6960703219302808,0.30392967806971916,0.03816016331797941,10
2025-08-18,116312.914397989,2315575768549.4985,994198738465.9675,3309774507015.466,0.6996173798672256,0.3003826201327744,0.037154308329780075,10
2025-08-19,112886.10147543,2247401509643.0674,936302427965.3351,3183703937608.4023,0.7059078211057888,0.29409217889421124,0.03626234521266859,10
2025-08-20,114277.320860316,2275149059638.685,982629393654.3916,3257778453293.0767,0.698374396005623,0.301625603994377,0.03795727677618733,10
2025-08-21,112347.102298302,2236772618107.5776,952423768438.1998,3189196386545.7773,0.7013593228513058,0.29864067714869424,0.0375851671234926,10
2025-08-22,116800.977035073,2325500247698.1377,1063096205419.0045,3388596453117.142,0.6862724080227757,0.31372759197722433,0.04136185415681802,10
2025-08-23,115280.444723834,2295281301319.894,1051116365644.6709,3346397666964.565,0.6858961575244843,0.3141038424755157,0.04144994006820796,10
2025-08-24,113516.122474401,2260210071457.8794,1048362722089.9562,3308572793547.8354,0.6831374772426331,0.3168625227573669,0.0421724566792823,10
2025-08-25,110089.533314144,2192032047921.661,968278319708.547,3160310367630.208,0.6936129028255472,0.3063870971744528,0.039763154936669806,10
2025-08-26,111895.295495307,2228039674983.534,1016495435505.4972,3244535110489.0312,0.6867053673670105,0.3132946326329895,0.04112744255900715,10
2025-08-27,111252.307236061,2215288753962.2065,997545487479.4764,3212834241441.683,0.6895123082876968,0.31048769171230317,0.04051183412134938,10
2025-08-28,112481.152904109,2239813780373.4775,999888712348.9713,3239702492722.4487,0.6913640327792181,0.3086359672207819,0.04004266495266324,10
2025-08-29,108473.330441642,2160062777589.67,960991108432.4105,3121053886022.0806,0.6920940350513346,0.3079059649486654,0.0402568416786715,10
2025-08-30,108746.150824851,2165549227144.0295,961576379753.2815,3127125606897.311,0.6925047149905361,0.3074952850094639,0.04020471344056301,10
2025-08-31,108316.44689481,2157036868947.128,959097671398.052,3116134540345.1797,0.6922155770296713,0.3077844229703287,0.04059046186425143,10
2025-09-01,108992.324614863,2170551279014.5664,942297185472.3597,3112848464486.9263,0.697287806900143,0.302712193099857,0.039457654558264194,10
2025-09-02,111140.947159836,2213397100781.946,961683897703.6758,3175080998485.6216,0.6971151607904309,0.3028848392095691,0.038890577605112955,10
2025-09-03,111780.743587376,2226186647369.0947,977738387102.0818,3203925034471.177,0.6948310660884541,0.30516893391154587,0.03986261224470111,10
2025-09-04,110900.633412981,2208707196345.665,951892864224.377,3160600060570.042,0.6988252717894669,0.30117472821053315,0.03892586103252097,10
2025-09-05,110711.229484804,2204984484343.382,955044611564.9429,3160029095908.3247,0.6977734753133901,0.30222652468660993,0.03891899047238892,10
2025-09-06,110243.650741672,2195720165768.225,949070168369.7139,3144790334137.939,0.6982087619428288,0.30179123805717123,0.0387973034673535,10
2025-09-07,111307.784421087,2216968057740.0366,964858806713.4435,3181826864453.48,0.6967594882384744,0.30324051176152556,0.038776289279298375,10
2025-09-08,112112.311575102,2233048249212.6406,976807730168.1202,3209855979380.7607,0.6956848729529093,0.30431512704709074,0.03840005086151693,10
2025-09-09,111486.396779836,2220639486843.1694,973887396563.0328,3194526883406.202,0.6951387694929605,0.3048612305070395,0.03865703619553853,10
2025-09-10,113930.748423437,2269387779972.4683,986043691487.1741,3255431471459.6426,0.6971081406161315,0.30289185938386853,0.03816883361790623,10
2025-09-11,115445.812932648,2299620481124.1,1010264408358.224,3309884889482.324,0.6947735519236645,0.3052264480763355,0.038649956873875214,10
2025-09-12,116149.174031958,2313674623907.2764,1051734527919.7062,3365409151826.9824,0.6874868758977641,0.31251312410223586,0.04048999203314042,10
2025-09-13,115965.627551268,2310069502058.3306,1051493100407.7542,3361562602466.085,0.6872010952179306,0.3127989047820694,0.0402391099515745,10
2025-09-14,115395.933423437,2298776200578.862,1030104006527.583,3328880207106.445,0.6905553992815566,0.3094446007184434,0.03994849340702787,10
2025-09-15,115420.931814144,2299332980316.204,1011691671922.155,3311024652238.3594,0.6944475568195425,0.3055524431804575,0.039196715843284775,10
2025-09-16,116798.867050906,2326841616711.2607,1015797442509.3356,3342639059220.596,0.6961091447467891,0.3038908552532109,0.03858626035071092,10
2025-09-17,116575.777628866,2322443908090.331,1035550625909.9984,3357994534000.3296,0.6916163455822061,0.3083836544177939,0.03941681688790686,10
2025-09-18,117014.426762174,2331240531967.0737,1034609891619.2356,3365850423586.3096,0.6926156063355721,0.30738439366442794,0.03919462606413071,10
2025-09-19,115612.372541695,2303368556120.7207,1004702205092.7974,3308070761213.518,0.6962875713322901,0.30371242866770987,0.038608325349458565,10
2025-09-20,115753.165960549,2306228956192.687,1006245656741.9152,3312474612934.602,0.6962253981320456,0.30377460186795435,0.0387371475939782,10
2025-09-21,115320.858829047,2297674188701.3037,999883025784.5074,3297557214485.811,0.6967806892350101,0.30321931076498987,0.03860994476106092,10
2025-09-22,112727.70773813,2246060606259.752,948256919610.4176,3194317525870.1694,0.7031425611478304,0.29685743885216964,0.037298696474856646,10
2025-09-23,112052.393282022,2232655622694.466,940252394582.0311,3172908017276.497,0.7036622588923621,0.2963377411076379,0.03721869795669494,10
2025-09-24,113324.623592192,2258059127591.7627,949959292539.5533,3208018420131.316,0.7038797263200665,0.29612027367993354,0.03664808808193613,10
2025-09-25,109166.347974874,2175251165398.735,888558500113.9103,3063809665512.6455,0.7099824737431154,0.2900175262568846,0.035499754883926656,10
2025-09-26,109669.102166861,2185314295488.7644,916461749264.0216,3101776044752.786,0.7045364539408375,0.2954635460591625,0.03676249708304726,10
2025-09-27,109644.73069287,2184881768009.1887,916680764004.7701,3101562532013.959,0.7044454997947323,0.29555450020526775,0.036664919870254206,10
2025-09-28,112170.00778609,2235260600040.1855,940099929998.0293,3175360530038.215,0.703939152387614,0.29606084761238605,0.036876842239941046,10
2025-09-29,114341.141435418,2278575750081.584,952654326319.0924,3231230076400.6763,0.7051728586965028,0.2948271413034972,0.03691078524243097,10
2025-09-30,113971.742796902,2271271762904.084,937110105433.5526,3208381868337.6367,0.7079181519252573,0.2920818480747427,0.03633393103245485,10
2025-10-01,118393.270386324,2359441494737.0894,981447897626.4816,3340889392363.571,0.7062315502363462,0.2937684497636538,0.036643005377491704,10
2025-10-02,120558.594007013,2402645137487.716,1012804864334.2097,3415450001821.926,0.7034637123090829,0.2965362876909171,0.037148881019950224,10
2025-10-03,122348.127640269,2438354357753.2856,1018041904337.7201,3456396262091.006,0.7054614612614358,0.29453853873856417,0.03694231363669835,10
2025-10-04,122379.744317651,2439035713312.36,1002337910856.398,3441373624168.758,0.7087390035720094,0.29126099642799064,0.036678853302877026,10
2025-10-05,123523.768313852,2461893696556.56,1006558878211.3455,3468452574767.9053,0.7097959806243855,0.29020401937561446,0.03657671669509154,10
2025-10-06,124824.453666861,2487865019395.093,1036057392437.6306,3523922411832.7236,0.705993131699288,0.294006868300712,0.03761910725249663,10
2025-10-07,121587.699236704,2423405991080.0264,985058835371.1257,3408464826451.1523,0.7109963325052834,0.2890036674947166,0.03671434331799632,10
2025-10-08,123390.353094682,2459392369263.4487,999509984829.4137,3458902354092.8623,0.7110326102016988,0.28896738979830117,0.03670621000533261,10
2025-10-09,121603.33278609,2423819431448.1187,969080061727.619,3392899493175.738,0.7143799680253526,0.28562003197464736,0.03592753457424591,10
2025-10-10,113754.852328171,2267429035644.9536,837494263158.9144,3104923298803.868,0.7302689366009304,0.2697310633990696,0.033994836349317395,10
2025-10-11,110940.113648159,2211374961639.216,820258136446.4807,3031633098085.6963,0.7294335726297398,0.27056642737026015,0.03380102716008718,10
2025-10-12,115152.917045003,2295401165962.6973,893200800058.2233,3188601966020.9204,0.7198769838391416,0.28012301616085844,0.036018032387279256,10
2025-10-13,115332.252929573,2299030741394.9785,918281774593.2076,3217312515988.186,0.7145811076698713,0.28541889233012874,0.0368461263670024,10
2025-10-14,113327.079410286,2259119504832.801,889120654941.1968,3148240159773.9976,0.7175816933213176,0.2824183066786824,0.03648889724827556,10
2025-10-15,110862.872485389,2210046641902.439,855848658999.1012,3065895300901.54,0.7208486999711193,0.27915130002888067,0.03593869952113906,10
2025-10-16,108135.049605786,2155719311026.778,830371601096.4193,2986090912123.1973,0.721920187451359,0.278079812548641,0.035974521164109326,10
2025-10-17,106625.668651373,2125682123928.4111,818576181965.3524,2944258305893.7637,0.7219754189614609,0.2780245810385391,0.036000310720410114,10
2025-10-18,107143.913935126,2136069072945.8809,832905741272.5549,2968974814218.4355,0.7194635207803836,0.28053647921961644,0.036293877782266656,10
2025-10-19,108706.663763881,2167271973156.9055,851088189759.3602,3018360162916.2656,0.7180296108410537,0.28197038915894634,0.0366880889574635,10
2025-10-20,110640.249515488,2205873161783.9473,863611231466.8079,3069484393250.755,0.7186461565448146,0.28135384345518544,0.03599184929161795,10
2025-10-21,108700.382071888,2167248302706.2048,841486973332.9119,3008735276039.1167,0.720318706655809,0.279681293344191,0.035707344657229544,10
2025-10-22,107667.630188486,2146708963448.5056,821695572971.234,2968404536419.7397,0.7231861214030147,0.27681387859698525,0.03528504716560551,10
2025-10-23,110060.936797195,2194476255972.5576,834540294648.8073,3029016550621.3647,0.7244847359854764,0.27551526401452364,0.035036006454301466,10
2025-10-24,111024.94314699,2213759431224.074,858067278755.5972,3071826709979.6714,0.7206654672387832,0.2793345327612168,0.035423852675979826,10
2025-10-25,111614.535857686,2225571303267.163,870624539469.9031,3096195842737.0664,0.7188083106848102,0.2811916893151898,0.035434637601388,10
2025-10-26,114557.100460549,2284298071832.6084,906809027460.9567,3191107099293.565,0.7158324684051807,0.28416753159481933,0.03636843263636094,10
2025-10-27,114087.773805085,2274991986566.8306,896852415017.0532,3171844401583.884,0.7172457720280341,0.2827542279719659,0.036103033690676904,10
2025-10-28,112980.685846289,2252973055585.6294,874723212239.8254,3127696267825.455,0.7203298730640553,0.27967012693594473,0.03526591839255446,10
2025-10-29,110206.347983051,2197691726032.41,860065846458.6201,3057757572491.0303,0.7187266073032861,0.2812733926967139,0.035413970204216286,10
2025-10-30,108019.723841905,2154140935697.1548,826317514813.115,2980458450510.2695,0.7227548954183055,0.2772451045816945,0.035096205727781854,10
2025-10-31,109554.239627703,2184790344305.3535,843726618607.4272,3028516962912.781,0.7214060119392747,0.27859398806072533,0.03515286258208623,10
2025-11-01,110005.295855348,2193832993167.6711,846735043559.0902,3040568036726.761,0.7215207706811853,0.27847922931881475,0.03519555361165955,10
2025-11-02,110389.168627119,2201542028456.724,850605318725.9688,3052147347182.693,0.7213092220101607,0.2786907779898393,0.03526584526082666,10
2025-11-03,106495.802789889,2123942098026.172,781213177906.2319,2905155275932.4043,0.7310941744222249,0.2689058255777751,0.03376362307124825,10
2025-11-04,101349.73723232,2021350949128.4888,730080728494.7008,2751431677623.1895,0.7346542403969931,0.2653457596030069,0.03239003035820575,10
2025-11-05,103915.88479135,2072575814667.2568,765129039058.031,2837704853725.288,0.7303704653943895,0.26962953460561045,0.032988377378755755,10
2025-11-06,101241.573677966,2019281654873.9136,732295785303.3486,2751577440177.262,0.7338632834349111,0.26613671656508886,0.03263152487508779,10
2025-11-07,103428.471746932,2062945632162.0864,770398146605.2467,2833343778767.333,0.7280957741949641,0.2719042258050359,0.03324099800809136,10
2025-11-08,102335.021439217,2041174456726.6416,760665244173.6912,2801839700900.333,0.7285122186221924,0.2714877813778076,0.03327602567913094,10
2025-11-09,104685.54544097,2088104138262.236,792128913587.8657,2880233051850.1016,0.7249774933736539,0.2750225066263461,0.034163340569031204,10
2025-11-10,106082.478156926,2116014386447.3752,810577747117.7773,2926592133565.1523,0.7230301626860667,0.2769698373139333,0.03365861280947093,10
2025-11-11,102974.405611631,2054067273200.924,771986361805.426,2826053635006.35,0.7268323742186544,0.27316762578134557,0.03320944602038374,10
2025-11-12,101682.126652835,2028334526602.0337,768581122453.4427,2796915649055.4766,0.7252040394164214,0.2747959605835786,0.03354110932456792,10
2025-11-13,100035.310145237,1995531055051.6216,740826703161.7413,2736357758213.363,0.7292654072962135,0.2707345927037865,0.03246543728946606,10
2025-11-14,94502.5476025716,1885204557913.1167,711543983708.4811,2596748541621.5977,0.7259865665451991,0.2740134334548009,0.03293378712491828,10
2025-11-15,95541.3158389831,1905969346288.112,720096187986.1659,2626065534274.278,0.7257889498233079,0.2742110501766921,0.03317858255349699,10
2025-11-16,94182.3130996493,1878905175037.5244,704924578716.0494,2583829753753.5737,0.7271783956771946,0.27282160432280544,0.03281409728057336,10
2025-11-17,91911.4713471654,1833638268626.4456,686915572041.2578,2520553840667.703,0.7274743506929845,0.2725256493070155,0.03283723654253241,10
2025-11-18,92836.4419111631,1852130060915.0713,709091694110.4033,2561221755025.4746,0.7231431863644503,0.2768568136355497,0.03357991167164835,10
2025-11-19,91320.4811332554,1821925037070.4468,681485377797.3276,2503410414867.7744,0.7277772059467434,0.27222279405325656,0.03302033504082345,10
2025-11-20,86911.2980590298,1733993481993.45,646758735357.1758,2380752217350.626,0.7283384929167853,0.2716615070832147,0.03273192785792028,10
2025-11-21,84948.0463205727,1694864140154.9482,625988984028.7786,2320853124183.7266,0.7302763464409465,0.2697236535590535,0.03245556451154253,10
2025-11-22,84775.0015452952,1691449473896.7937,629706300018.5537,2321155773915.3477,0.7287100214922847,0.2712899785077153,0.032699807042719964,10
2025-11-23,86872.4546630625,1733336869377.817,646210537265.9967,2379547406643.8135,0.7284313246032649,0.2715686753967351,0.032257255884897335,10
2025-11-24,88377.6024421391,1763408070508.766,686832267968.4498,2450240338477.216,0.7196877966692424,0.28031220333075757,0.0334774951503872,10
2025-11-25,87434.550610754,1744622674821.233,683997592015.841,2428620266837.0737,0.7183595964524134,0.28164040354758657,0.03388288303952858,10
2025-11-26,90449.2770675044,1804823283719.3833,695875917249.2444,2500699200968.628,0.7217274604719743,0.27827253952802566,0.03343706058353038,10
2025-11-27,91336.2000452952,1822561745081.4656,691698029655.1826,2514259774736.6484,0.724889990841287,0.275110009158713,0.03301035146712212,10
2025-11-28,90990.1266104617,1815698698812.7937,691186915781.6849,2506885614594.4785,0.7242846216206426,0.27571537837935745,0.033360010478311254,10
2025-11-29,90842.0738243717,1812783212323.2876,686730719310.1528,2499513931633.4404,0.7252542941973634,0.2747457058026366,0.0329288833926313,10
2025-11-30,90607.7021513735,1808153535032.7244,684746997516.7091,2492900532549.4336,0.7253211716327752,0.2746788283672248,0.0331385763409543,10
2025-12-01,86504.6368156049,1726309340197.7156,640692255524.9355,2367001595722.6514,0.7293232684410883,0.2706767315589117,0.03242359421322457,10
2025-12-02,91528.0245809468,1826593716093.038,685108865916.7759,2511702582009.814,0.7272332835806676,0.27276671641933237,0.03281376846313623,10
2025-12-03,93609.0938658679,1868163523113.6948,716325850577.8882,2584489373691.583,0.72283660444898,0.27716339555102,0.034075241843961275,10
2025-12-04,92205.5929544126,1840191787722.4072,696446161750.9114,2536637949473.3184,0.7254451854686184,0.27455481453138164,0.03401616255099231,10
2025-12-05,89279.8344634717,1781834205884.992,671501301611.1394,2453335507496.1313,0.7262904728850266,0.2737095271149734,0.03384249089351099,10
2025-12-06,89169.5570610754,1779678725951.9172,673491598143.1879,2453170324095.105,0.7254607266653542,0.2745392733346458,0.03404991368778784,10
2025-12-07,90067.847399474,1797652167928.569,674712454455.1697,2472364622383.739,0.7270983218467819,0.2729016781532181,0.033842216854596444,10
2025-12-08,90673.1444436003,1809775147324.2783,689517630125.5311,2499292777449.8096,0.7241149030850677,0.27588509691493235,0.0344660523235773,10
2025-12-09,92808.8518477498,1852439848225.965,722466018201.3381,2574905866427.303,0.7194204154718231,0.2805795845281769,0.035836406670646886,10
2025-12-10,92102.9300917592,1838394451226.9824,714629432162.6183,2553023883389.6006,0.7200850972009637,0.2799149027990363,0.03615312045464209,10
2025-12-11,92623.7198708358,1848835839973.1755,700342654361.9095,2549178494335.085,0.7252673141883761,0.2747326858116239,0.034953016773280735,10
2025-12-12,90331.6083091759,1803124581759.215,677102097466.6073,2480226679225.8223,0.7269999137022598,0.2730000862977402,0.03418292593915369,10
2025-12-13,90245.267264173,1801441441839.3125,682144296708.8328,2483585738548.1455,0.7253389379230367,0.2746610620769633,0.03451556829183838,10
2025-12-14,88096.3826142607,1758581468490.5964,667927505979.8286,2426508974470.425,0.7247372612229466,0.27526273877705343,0.03474258264710141,10
2025-12-15,86352.5802565751,1723807816697.5964,644553059877.8527,2368360876575.449,0.7278484599822264,0.27215154001777364,0.03430371022968523,10
2025-12-16,87752.4290336061,1751792518937.351,648182787450.6398,2399975306387.9907,0.7299210597186655,0.2700789402813345,0.03371160366388245,10
2025-12-17,86059.5522241379,1718034910274.9507,621854741872.6202,2339889652147.571,0.7342375776986421,0.26576242230135794,0.03284570909548091,10
2025-12-18,85434.1928673291,1705589102848.2754,615109421947.8066,2320698524796.082,0.7349464329918269,0.26505356700817306,0.0330848157162818,10
2025-12-19,88168.0738325541,1760207641640.7705,649746202565.9564,2409953844206.727,0.730390603069898,0.269609396930102,0.03380444123283804,10
2025-12-20,88292.4536373466,1762731347927.292,651679660402.8275,2414411008330.1196,0.7300875210747365,0.2699124789252635,0.03370003384594953,10
2025-12-21,88533.4309830508,1767580565650.2673,652728172906.224,2420308738556.491,0.7303120207319002,0.26968797926809984,0.03389609056160166,10
2025-12-22,88474.4622331969,1766441678579.3882,652041862794.2303,2418483541373.6187,0.7303922678655517,0.26960773213444833,0.03396195992286742,10
2025-12-23,87365.9937872589,1744350079363.6633,642231330257.055,2386581409620.7183,0.7308990476217947,0.2691009523782053,0.03391772078189808,10
2025-12-24,87625.6707895967,1749578331319.5293,637559410912.3911,2387137742231.9204,0.7329188845565789,0.26708111544342106,0.03362863292874112,10
2025-12-25,87231.3047685564,1741741838969.6328,628704215393.6216,2370446054363.2544,0.7347738775846122,0.2652261224153878,0.033304722523078895,10
2025-12-26,87334.8077808299,1743851052661.9036,632761075084.1726,2376612127746.076,0.73375500878039,0.26624499121961,0.033504228781522885,10
2025-12-27,87695.4159076564,1751088738231.2805,640147489115.3948,2391236227346.6753,0.7322943330338781,0.26770566696612186,0.03355141708710794,10
2025-12-28,87747.6491548802,1752174226540.3965,639900284547.633,2392074511088.0293,0.7324914915561824,0.26750850844381757,0.033574514086886845,10
2025-12-29,87133.5103991818,1739952832712.9773,634954278435.7819,2374907111148.7593,0.7326403734044781,0.2673596265955219,0.03367138806324633,10
2025-12-30,88428.4922735243,1765844968792.5852,641481700766.8435,2407326669559.4287,0.7335294337580521,0.26647056624194787,0.033577407171712294,10
2025-12-31,87516.9780376972,1747679146138.2644,634786189849.9634,2382465335988.2275,0.7335591077606765,0.26644089223932355,0.03391488235620538,10
2026-01-01,88684.2178474576,1771030307456.4983,645937984635.664,2416968292092.162,0.7327486724798815,0.2672513275201185,0.03383791260181554,10
2026-01-02,89940.1801671537,1796152439786.1328,680264658251.201,2476417098037.334,0.7253028745479346,0.27469712545206537,0.034737110500642245,10
2026-01-03,90598.1301832262,1809335929206.2751,682561607327.4205,2491897536533.696,0.7260876110191575,0.27391238898084247,0.034495697716148715,10
2026-01-04,91359.7636823495,1824587914852.661,693726640221.5886,2518314555074.2495,0.7245274071010026,0.2754725928989974,0.0343709015868346,10
2026-01-05,93948.5821794272,1876329155088.757,735663513353.6066,2611992668442.364,0.7183516162806413,0.28164838371935874,0.034376825633042896,10
2026-01-06,93574.2871122151,1868891796056.5056,736671329347.3097,2605563125403.8154,0.7172698208057657,0.28273017919423427,0.03517032273943555,10
2026-01-07,91208.9562606663,1821692646787.202,704291760435.1248,2525984407222.3267,0.7211812715781598,0.2788187284218402,0.034683309300562765,10
2026-01-08,91096.9161554647,1819492476510.5996,692404851915.006,2511897328425.6055,0.724349859335617,0.275650140664383,0.03412967064839529,10
2026-01-09,90539.6032288136,1808401358128.1196,685458704962.3187,2493860063090.4385,0.7251414724076838,0.2748585275923162,0.03407352310695878,10
2026-01-10,90406.1424114553,1805781433869.588,684555683089.8362,2490337116959.424,0.7251152551082546,0.2748847448917454,0.0340912159459282,10
2026-01-11,90717.2063153127,1812029241680.1577,687198932525.2358,2499228174205.3936,0.7250355371238865,0.27496446287611354,0.03431043395923475,10
2026-01-12,91141.1498489188,1820537738213.6345,682811914295.6769,2503349652509.3115,0.7272406938394567,0.27275930616054334,0.03391522807326793,10
2026-01-13,95304.4982942724,1903740522551.245,729149591337.7201,2632890113888.9653,0.7230611382179127,0.27693886178208726,0.03485982940446404,10
2026-01-14,97043.9927258913,1938525133766.5828,730520078813.0115,2669045212579.594,0.7262990992546828,0.27370090074531717,0.03458739210955855,10
2026-01-15,95546.1397381648,1908645921457.2375,715050400391.6598,2623696321848.8975,0.7274644956289111,0.27253550437108887,0.03469047419269421,10
2026-01-16,95489.1299602572,1907545876899.8352,710886739482.8727,2618432616382.708,0.7285067658281223,0.27149323417187765,0.03451087767675723,10
2026-01-17,95106.980462595,1899956122538.015,711233907393.1202,2611190029931.1353,0.7276207785567113,0.27237922144328874,0.03477058475796089,10
2026-01-18,94261.3294313267,1883103755876.9592,702247835757.6401,2585351591634.5996,0.728374338705073,0.27162566129492705,0.03502953949335198,10
2026-01-19,92526.2419643483,1848484453618.5076,684437291313.869,2532921744932.3765,0.7297834831718649,0.2702165168281351,0.03442377572739457,10
2026-01-20,88236.5631922852,1762822147346.9717,638378670804.8829,2401200818151.8545,0.7341419068413332,0.2658580931586668,0.03329478569236877,10
2026-01-21,89599.361874927,1790086994742.5425,653946136349.9888,2444033131092.5312,0.7324315582998411,0.2675684417001589,0.033392822528023815,10
2026-01-22,89395.700735827,1786063068452.813,644690245335.0164,2430753313787.829,0.73477759274124,0.26522240725876,0.03297577990675548,10
2026-01-23,89439.7718909994,1786982708956.3025,644982924076.2645,2431965633032.567,0.734789457829634,0.265210542170366,0.033000918459694197,10
2026-01-24,89185.0386990064,1781920520861.2185,643987552462.7695,2425908073323.9883,0.7345375286292791,0.2654624713707209,0.033084720357829174,10
2026-01-25,86445.6705926359,1727217015608.661,613568133725.2775,2340785149333.9385,0.7378793462100244,0.2621206537899756,0.03246924483260619,10
2026-01-26,88337.4545511397,1765049801467.8804,638449674457.4827,2403499475925.3633,0.7343666263078025,0.2656333736921975,0.033170295459062735,10
2026-01-27,89260.3805397429,1783524598036.6025,652630403501.6813,2436155001538.2837,0.7321063712737552,0.2678936287262448,0.03386523831132086,10
2026-01-28,89177.7892507306,1781904984387.2815,649589993553.6262,2431494977940.9077,0.7328433743656233,0.2671566256343767,0.03373530421725265,10
2026-01-29,84520.3973106371,1688877168322.3572,610608767559.0747,2299485935881.4316,0.7344585770101622,0.26554142298983785,0.03334739310690699,10
2026-01-30,84017.0340292227,1678853413751.91,587013056920.1985,2265866470672.1084,0.7409321932611163,0.25906780673888374,0.03213206104327266,10
2026-01-31,78702.38550263,1572688463359.5845,540797483848.21014,2113485947207.7947,0.7441206152505163,0.2558793847494837,0.03105678648787654,10
2026-02-01,76911.0523772648,1536921339757.8943,512741925085.5076,2049663264843.4019,0.7498408963656369,0.2501591036343631,0.02951756764778865,10
2026-02-02,78716.6018088837,1573030843440.0928,526682960691.7731,2099713804131.8657,0.74916440533212,0.25083559466787997,0.029798218047261304,10
2026-02-03,75684.7660277616,1512475464307.3,506499621908.9659,2018975086216.2659,0.7491303258931293,0.25086967410687067,0.029483198537369457,10
2026-02-04,73095.1914646406,1460758146742.2793,489217710267.88257,1949975857010.1619,0.7491160167398252,0.2508839832601748,0.029378039050418796,10
2026-02-05,63494.6884456458,1268923762593.2031,413284741542.12286,1682208504135.326,0.7543201449010889,0.2456798550989111,0.029136880757648125,10
2026-02-06,70647.6982188778,1411906693993.6548,470917696840.56006,1882824390834.2148,0.7498876161085248,0.25011238389147517,0.02921647708648046,10
2026-02-07,69166.2594424313,1382335759076.3145,468349110372.52997,1850684869448.8445,0.7469320044141228,0.2530679955858772,0.030163680292925252,10
2026-02-08,70522.5892393337,1409480417712.4243,469745957025.6818,1879226374738.1062,0.7500322668198253,0.24996773318017473,0.029689956912665856,10
2026-02-09,70244.1017773232,1403950284903.542,472204842814.4281,1876155127717.9702,0.7483124738257723,0.25168752617422774,0.029995795115423465,10
2026-02-10,68688.793113384,1372895651922.4705,455804251591.8691,1828699903514.3396,0.750749562180258,0.249250437819742,0.02936806504319549,10
2026-02-11,66989.7165920514,1338968761086.8115,441703909371.7514,1780672670458.563,0.7519454772908921,0.24805452270910788,0.028960539748243478,10
2026-02-12,66221.5443115137,1323651411101.5576,442518150776.7402,1766169561878.2979,0.7494475273902195,0.25055247260978053,0.029368938928695368,10
2026-02-13,68860.8411633548,1376438775426.905,463179306803.26013,1839618082230.165,0.7482198553725082,0.25178014462749176,0.0297485813416086,10
2026-02-14,69798.0791253653,1395209152714.0444,482790255152.30914,1877999407866.3535,0.7429231057634782,0.2570768942365218,0.029895370354452416,10
2026-02-15,68629.9599760374,1371901612478.9856,460228054679.5701,1832129667158.5557,0.7488015925241054,0.2511984074758946,0.028563066185869925,10
2026-02-16,68747.4380286383,1374287575683.3733,466525744502.7301,1840813320186.1035,0.7465654233447392,0.2534345766552608,0.029039510905089844,10
2026-02-17,67471.0508465809,1348806897572.9492,463990812943.4514,1812797710516.4006,0.744047110026812,0.255952889973188,0.029530156588180315,10
2026-02-18,66380.7069611339,1327041682412.6785,451795230356.3905,1778836912769.0688,0.7460164970080969,0.2539835029919031,0.02940423611559437,10
2026-02-19,66932.3522118644,1338103087136.072,449961270577.8763,1788064357713.9482,0.7483528662507681,0.25164713374923187,0.029101942596915828,10
2026-02-20,67977.3092612507,1359022838573.6174,456282530130.33514,1815305368703.9526,0.7486469560456924,0.2513530439543076,0.02893767278752889,10
2026-02-21,68020.6677612507,1359914969948.6675,457011829576.06494,1816926799524.7324,0.7484698724815941,0.25153012751840587,0.029028527826332293,10
2026-02-22,67550.0240768556,1350540164036.8376,448534766841.1166,1799074930877.954,0.75068588909622,0.24931411090377997,0.028908829631459562,10
2026-02-23,64689.9123308007,1293387338339.2383,429692579675.857,1723079918015.0952,0.750625275599032,0.24937472440096797,0.02870330809874816,10
2026-02-24,64123.7510780245,1282100773328.0007,428456960893.2887,1710557734221.2896,0.7495220697193605,0.25047793028063947,0.028934996693597843,10
2026-02-25,68038.5221794272,1360406516183.8442,467829470800.05804,1828235986983.9023,0.7441088162957283,0.25589118370427166,0.030237083503908344,10
2026-02-26,67519.2645292227,1350053680284.782,459472341287.2894,1809526021572.0713,0.7460813849539941,0.2539186150460059,0.030042719861459403,10
2026-02-27,65864.1358170661,1316988256328.348,440588373450.2286,1757576629778.5764,0.7493205326098726,0.25067946739012736,0.02929828358370752,10
2026-02-28,66965.6353091759,1339043246944.108,447381949266.98334,1786425196211.0913,0.7495658087358733,0.2504341912641267,0.029320838972403434,10
2026-03-01,65733.5212597896,1314436530955.2664,439990629011.3122,1754427159966.5786,0.749211230280034,0.250788769719966,0.029489772501413603,10
2026-03-02,68922.6242974869,1378236536262.6736,456707691540.2625,1834944227802.936,0.7511054098428377,0.2488945901571623,0.02949957887703698,10
2026-03-03,68431.1740306838,1368437726302.048,446344676183.4006,1814782402485.4487,0.754050581726985,0.24594941827301497,0.0290394762532158,10
2026-03-04,72667.4630575687,1453181528720.1433,474337603616.8653,1927519132337.0085,0.7539128947364805,0.2460871052635195,0.02927820391765324,10
2026-03-05,70987.427176505,1419621513717.0713,464034635444.1137,1883656149161.185,0.7536521537379558,0.2463478462620442,0.029253536429814455,10
2026-03-06,68226.7053927528,1364443146701.8782,446324787907.95807,1810767934609.8362,0.7535162958338297,0.24648370416617027,0.02905847185853345,10
2026-03-07,67315.5529135009,1346249079545.666,443233120078.9027,1789482199624.5688,0.7523120821364456,0.24768791786355437,0.029270876204307263,10
2026-03-08,66202.6978731736,1324020725745.869,437690341264.3319,1761711067010.2007,0.7515538447475749,0.24844615525242508,0.02934791648253702,10
2026-03-09,68528.5384699007,1370565923110.882,447347089461.8412,1817913012572.7231,0.7539227199717591,0.24607728002824092,0.02914126465766422,10
2026-03-10,69891.8238576856,1397861675303.8767,456385810651.55884,1854247485955.4355,0.7538700663701331,0.2461299336298669,0.029115768142767076,10
2026-03-11,70298.5753530099,1406027387800.1365,459139880377.822,1865167268177.9585,0.7538344746815411,0.24616552531845892,0.029243381062189197,10
2026-03-12,70538.1074623027,1410846656064.088,462222908575.42615,1873069564639.5142,0.753227046500868,0.24677295349913198,0.029472543936237803,10
2026-03-13,70930.0132793688,1418712062331.4456,466052572016.61304,1884764634348.0586,0.7527263810434235,0.2472736189565765,0.02949517735062572,10
2026-03-14,71136.2179199299,1422864934640.0215,467478038153.93115,1890342972793.9526,0.7527019991176562,0.24729800088234377,0.029469271379763223,10
2026-03-15,72712.1461957919,1454415017618.7727,482759441901.6992,1937174459520.472,0.7507919642812132,0.2492080357187868,0.02995114614439709,10
2026-03-16,74723.9575534775,1494685195333.6306,517327509792.88525,2012012705126.5159,0.7428805949014345,0.25711940509856546,0.031467314358140715,10
2026-03-17,74086.013609585,1481953960271.912,510564903205.5721,1992518863477.4841,0.7437590616760846,0.25624093832391537,0.03135970130987932,10
2026-03-18,71253.9579275278,1425334864470.0562,486437397337.70233,1911772261807.7585,0.7455568285744817,0.2544431714255183,0.03088225398048702,10
2026-03-19,69948.9048267095,1399258410166.362,475832988384.7127,1875091398551.0747,0.7462347762074961,0.2537652237925039,0.030565472865117557,10
2026-03-20,70510.4196797194,1410520483673.4092,477355632876.60626,1887876116550.0154,0.7471467387653878,0.25285326123461216,0.03044344920017518,10
2026-03-21,69707.285009059,1394484296727.609,472071924866.8668,1866556221594.4756,0.7470893619997115,0.25291063800028846,0.030478831550068728,10
2026-03-22,68018.1534815897,1360727895569.4656,458351053028.4177,1819078948597.8833,0.7480312476917468,0.2519687523082532,0.030258871042890993,10
2026-03-23,70726.2110461718,1414938935053.9592,476085033728.3483,1891023968782.3076,0.748239556141155,0.251760443858845,0.030372423864963027,10
2026-03-24,70610.0187121566,1412641989096.3225,476965853100.59094,1889607842196.9136,0.7475847408920273,0.2524152591079727,0.03054892633816395,10
2026-03-25,71281.2973921683,1426105842430.46,479024702329.537,1905130544759.997,0.7485606938342992,0.25143930616570076,0.030422170670185742,10
2026-03-26,68722.9718366452,1374957542916.4944,457461223082.0087,1832418765998.5032,0.7503511579501132,0.2496488420498868,0.02996133425871567,10
2026-03-27,66214.1715134424,1324794804322.246,443588675206.8082,1768383479529.0542,0.7491558361962632,0.25084416380373675,0.030037356596224207,10
2026-03-28,66351.0725251315,1327569960241.544,445728058247.10455,1773298018488.6484,0.7486445856252685,0.2513554143747315,0.030058220362725586,10
2026-03-29,65966.7523939217,1319910065564.9556,442236256023.83777,1762146321588.7935,0.7490354514799276,0.25096454852007244,0.030058675986934524,10
2026-03-30,66651.2320037989,1333633950994.4387,447490318630.3861,1781124269624.8247,0.7487596310589574,0.2512403689410426,0.0303487299130757,10
2026-03-31,68214.8680388662,1364949957429.4087,459387860950.85815,1824337818380.2668,0.7481892573170882,0.2518107426829118,0.03080606843005934,10
2026-04-01,68116.8167933957,1363022478623.5503,465711533971.50415,1828734012595.0544,0.7453366477770932,0.2546633522229068,0.031429516892447766,10
2026-04-02,66908.3179918177,1338870647177.839,450235315795.46826,1789105962973.3074,0.7483461990997872,0.25165380090021283,0.030734840984619757,10
2026-04-03,66891.7422279369,1338566550263.67,449775914203.84235,1788342464467.5122,0.7484956471478939,0.25150435285210615,0.030670756719633385,10
2026-04-04,67295.1309137931,1346663972184.613,451481526913.04944,1798145499097.6626,0.7489182454147286,0.2510817545852714,0.03067443902404854,10
2026-04-05,68921.8060911748,1379250124896.7249,458352013349.70776,1837602138246.4326,0.7505705920721778,0.2494294079278222,0.03062724803458686,10
2026-04-06,68742.9133085915,1375697653591.4316,455578744794.96594,1831276398386.3975,0.7512233843037608,0.2487766156962392,0.03057559081534882,10
2026-04-07,72057.1243614845,1442053417557.3213,483349286303.85547,1925402703861.1768,0.7489619780139742,0.25103802198602576,0.031196153356192982,10
2026-04-08,71085.0583702513,1422632685924.1665,469289196340.1065,1891921882264.273,0.7519510711623801,0.24804892883761986,0.030788895329924352,10
2026-04-09,71788.6797825833,1436746639526.9473,470240198724.278,1906986838251.2253,0.7534119327454273,0.24658806725457272,0.030509692237463155,10
2026-04-10,72945.0707241379,1459918626570.64,478346205437.9961,1938264832008.636,0.7532090571223526,0.24679094287764736,0.030770182305764393,10
2026-04-11,73119.1091168907,1463429926532.0017,482801755383.0364,1946231681915.038,0.7519299681176843,0.2480700318823157,0.03127565533621351,10
2026-04-12,70685.3697019287,1414754502718.0571,465785426680.9858,1880539929399.043,0.7523129291756995,0.24768707082430053,0.030984349763419437,10
2026-04-13,74632.7455856224,1493795013094.8875,496304296938.9105,1990099310033.7979,0.7506133013379711,0.2493866986620289,0.031798171151667796,10
2026-04-14,74173.5083603156,1484641267129.7373,487630460975.78876,1972271728105.5261,0.7527569583709521,0.24724304162904787,0.0313213041062551,10
2026-04-15,74761.964654588,1496448887839.818,495618545465.29443,1992067433305.1125,0.7512039315642064,0.2487960684357936,0.03152373515536258,10
2026-04-16,75095.7442159556,1503165549783.1584,504189736009.5545,2007355285792.713,0.7488288497915565,0.2511711502084435,0.031288449228628785,10
2026-04-17,77114.481438048,1543607893397.0964,516131064273.7134,2059738957670.8098,0.7494191861781535,0.2505808138218465,0.03141129632363504,10
2026-04-18,75792.0637510228,1517173171126.9143,501768779403.18304,2018941950530.0974,0.7514694371121281,0.2485305628878719,0.031057652755523156,10
2026-04-19,73905.2041016949,1479439310993.9817,485347710004.7807,1964787020998.7625,0.7529769360151497,0.2470230639848503,0.03065894932045694,10
2026-04-20,75814.1453237873,1517683423347.0813,495902001699.9768,2013585425047.058,0.7537218955146204,0.24627810448537957,0.030518942110233833,10
2026-04-21,76107.4432977791,1523586908754.2576,498918157691.343,2022505066445.6006,0.7533167328138496,0.2466832671861504,0.030531920043274114,10
2026-04-22,78317.7422720631,1567866712950.4104,506123826413.45,2073990539363.8604,0.7559661836409873,0.24403381635901267,0.030411412969793952,10
2026-04-23,78233.6837492694,1566213501915.1277,500840964562.3441,2067054466477.4717,0.7577030636179405,0.2422969363820595,0.02978899973771315,10
2026-04-24,77444.269277031,1550445734881.661,498359234619.2901,2048804969500.951,0.7567561373395728,0.2432438626604272,0.029900446428631534,10
2026-04-25,77624.7114821742,1554092175350.093,497428837803.9245,2051521013154.0176,0.7575316876529696,0.24246831234703037,0.029878068196996656,10
2026-04-26,78538.7733573933,1572428798917.5513,505014088837.5298,2077442887755.081,0.7569059097536701,0.24309409024632989,0.0301611812446662,10
2026-04-27,77256.297159848,1546785594139.162,491996010320.99115,2038781604460.1533,0.758681356921863,0.241318643078137,0.029744329601459386,10
2026-04-28,76295.531117183,1527582774590.8953,488323844344.33496,2015906618935.2302,0.7577646505261936,0.24223534947380643,0.029981972204445404,10
2026-04-29,75795.0098530099,1517591460634.257,483196571342.1661,2000788031976.423,0.7584968704231734,0.24150312957682663,0.029739476820489746,10
2026-04-30,76299.6161285798,1527728226837.0825,483553023192.3159,2011281250029.3984,0.7595796096715723,0.24042039032842766,0.029575711048970166,10
2026-05-01,78132.6437852133,1564469061455.333,490423342730.2275,2054892404185.5605,0.7613386755767377,0.23866132442326227,0.02934510090932412,10
2026-05-02,78712.5387317358,1576113892815.107,494919220846.8731,2071033113661.98,0.7610278572650334,0.23897214273496659,0.02946050583513154,10
2026-05-03,78649.1732893045,1574882442469.4604,495133191949.8973,2070015634419.3577,0.760807027871177,0.23919297212882296,0.029574864404957938,10
2026-05-04,79826.107817066,1598486719022.307,498564905551.7816,2097051624574.0884,0.7622543481002572,0.23774565189974284,0.029406486674548458,10
2026-05-05,80936.7548252484,1620764931897.133,504814715164.5211,2125579647061.6543,0.762504916782411,0.23749508321758905,0.029166530268788855,10
2026-05-06,81364.6201285798,1629368819802.4692,504780426792.4472,2134149246594.9165,0.7634746362758669,0.23652536372413313,0.02886484128577365,10
2026-05-07,79988.9987343659,1601856781311.401,492019817377.49365,2093876598688.8945,0.7650196684534429,0.23498033154655706,0.028632410857015036,10
2026-05-08,80179.6922957335,1605712436185.0662,498986693803.825,2104699129988.891,0.7629178029800113,0.23708219701998867,0.028764941664160458,10
2026-05-09,80663.6296519579,1615447075021.543,501616623374.5526,2117063698396.0957,0.7630602122389697,0.2369397877610303,0.028840617079757862,10
2026-05-10,82256.781137931,1647391609832.0415,515446675601.92676,2162838285433.9683,0.7616804367329277,0.23831956326707227,0.028870440194330986,10
2026-05-11,81714.7420499708,1636578096185.1265,510543048022.47516,2147121144207.6016,0.7622197287750655,0.2377802712249345,0.028624950563509683,10
2026-05-12,80525.563024547,1612795007979.5327,497293956423.58734,2110088964403.12,0.7643255972554424,0.23567440274455764,0.028283148855309758,10
2026-05-13,79291.9110017534,1588121422920.642,492942383169.53394,2081063806090.176,0.7631296158594698,0.2368703841405302,0.02846707984565394,10
2026-05-14,81175.8271116306,1625892297141.8928,504692204805.3692,2130584501947.262,0.7631203060267723,0.23687969397322772,0.028195935399798647,10
2026-05-15,79063.4145756868,1583618048523.5847,488557841055.7627,2072175889579.3474,0.7642295504389156,0.2357704495610844,0.02811733338310919,10
2026-05-16,78164.4952711864,1565649830508.3457,479706708847.1575,2045356539355.5032,0.7654654826105212,0.23453451738947884,0.027896290441557326,10
2026-05-17,77497.697113384,1552327640770.8088,472742076027.6613,2025069716798.4702,0.7665551599996063,0.23344484000039367,0.027654284308286436,10
2026-05-18,76975.9111998831,1541909617519.7688,468803264497.58624,2010712882017.355,0.7668472367734401,0.23315276322655987,0.02767355669631456,10
2026-05-19,76807.460956166,1538569462749.442,462930680275.62964,2001500143025.0715,0.7687081452934821,0.23129185470651792,0.02749742634754939,10
2026-05-20,77408.1722089421,1550639385411.9675,465155208483.8051,2015794593895.7727,0.7692447385798197,0.23075526142018032,0.02745405969812207,10
2026-05-21,77595.3861717446,1554420448473.3013,467511852420.9546,2021932300894.2559,0.7687796707069844,0.23122032929301561,0.02747759583120923,10
2026-05-22,75567.5430431093,1513834758642.7256,454093830784.0754,1967928589426.801,0.7692528919881491,0.23074710801185094,0.027349932610525974,10
2026-05-23,76619.8666090415,1534955087416.121,462971214093.5027,1997926301509.6238,0.7682741281579386,0.2317258718420614,0.027619055405389104,10
