date,btc_price,btc_mcap,alt_mcap,n_alts,eth_btc,alt_share
2014-05-20,490.335648158971,6273913162.718684,348915308.7449278,3,,0.05268373025940974
2014-05-21,493.933491817651,6322109034.304463,344414191.2754864,3,,0.051663240286022455
2014-05-22,526.81428842782,6745232578.297365,341419703.0299883,3,,0.04817785457452122
2014-05-23,523.699320280538,6707509362.755702,355715212.65230846,3,,0.05036158893925023
2014-05-24,527.691243132671,6760669281.582314,357972828.06648344,3,,0.05028667301328122
2014-05-25,573.312458796026,7347466289.31905,365928515.5778214,3,,0.04744065678389891
2014-05-26,584.847974868498,7497613476.323515,367846010.64921165,3,,0.046767262771928525
2014-05-27,573.928269245471,7359576774.76447,356243545.61893624,3,,0.04617053415277485
2014-05-28,579.189318819404,7429487155.296797,356043050.6997629,3,,0.045731381329113835
2014-05-29,570.349310929281,7318103409.655446,346126646.7906787,3,,0.045161307038214915
2014-05-30,620.846360607832,7968618784.834808,361342761.1226273,3,,0.04337868297819315
2014-05-31,627.892420689655,8061363103.304023,344946443.98887825,3,,0.04103423054412289
2014-06-01,630.074953535944,8092140707.087939,353945727.78255713,3,,0.041906477101780235
2014-06-02,663.505723845704,8524698178.61551,368426116.9571671,3,,0.041428198315026706
2014-06-03,672.387897136178,8641808154.46159,370071019.7380736,3,,0.041064800424484085
2014-06-04,643.887368790181,8278421132.739145,355778533.9784273,3,,0.041205733908361436
2014-06-05,661.503558153127,8507425132.2468815,360466031.1580301,3,,0.04064845006731293
2014-06-06,650.133315897136,8363454618.504367,355595980.3391469,3,,0.040783795931441526
2014-06-07,656.800271770894,8451764871.919811,358938626.36606866,3,,0.040738929239407515
2014-06-08,657.819974868498,8467123090.854522,361640071.24892807,3,,0.040961578038612535
2014-06-09,648.336322326125,8347582865.630777,361230039.25313663,3,,0.041478677197274307
2014-06-10,650.936609585038,8383780238.002946,357561543.0861231,3,,0.04090465194481563
2014-06-11,631.489022209235,8135608711.298166,355030598.66249394,3,,0.041814354102404916
2014-06-12,591.975077147867,7629087562.663397,332001394.76358557,3,,0.04170301280880149
2014-06-13,597.044999707773,7696859223.017364,330953287.55499244,3,,0.04122583669201768
2014-06-14,575.559461718293,7422437719.846514,322240999.9601844,3,,0.04160805265376164
2014-06-15,589.724646405611,7607913697.277698,324424488.58830327,3,,0.04089897341572871
2014-06-16,590.567482174167,7621562611.521574,317480945.482131,3,,0.039989822854927415
2014-06-17,609.080002922268,7863277527.037325,318131084.45922476,3,,0.038884634610742416
2014-06-18,607.629796025716,7846955363.483023,317540465.90184504,3,,0.03889284440062838
2014-06-19,595.751476914085,7696045540.252878,327968491.2142478,3,,0.040873369603801835
2014-06-20,591.531522793688,7644281888.102515,324033912.8970968,3,,0.04066529502463335
2014-06-21,592.764349503215,7662969895.204457,325759374.52527386,3,,0.04077737065888762
2014-06-22,599.634633547633,7754483949.454893,322689337.56494415,3,,0.03995077561150158
2014-06-23,589.552299824664,7626693090.721795,317607512.9245691,3,,0.03997929191888711
2014-06-24,579.973718585622,7505506467.194577,312746020.26994187,3,,0.04000203635932539
2014-06-25,562.236779953244,7278599165.190247,298982179.6716736,3,,0.03945614914109796
2014-06-26,580.749230274693,7520740158.499389,298581713.7656727,3,,0.03818511613196721
2014-06-27,600.638305376973,7781263113.330781,303535767.4271058,3,,0.037544009678401755
2014-06-28,594.390304208065,7703024797.867049,298330420.7141383,3,,0.037284986425966817
2014-06-29,600.840518410286,7788974904.506178,292808839.81509334,3,,0.03623071948947382
2014-06-30,638.94611396844,8285063972.982667,291391521.69155204,3,,0.03397575162285859
2014-07-01,642.95659672706,8339204790.290083,272344741.2266496,3,,0.03162552107839785
2014-07-02,651.298347749854,8449628746.898273,267306685.69560042,3,,0.030665213452895648
2014-07-03,646.413389130333,8388499950.529135,267102821.08756825,3,,0.030858950917138552
2014-07-04,630.635502922268,8186367619.644586,245106161.39574122,3,,0.02907038173408143
2014-07-05,630.468341905318,8186593458.815447,242522877.41816,3,,0.02877204059643182
2014-07-06,634.67267445938,8243439551.879233,239392840.75943983,3,,0.028220861815822604
2014-07-07,622.854978959673,8092281240.717175,252160352.8642293,3,,0.030218960734076275
2014-07-08,624.894331092928,8121120346.3892145,260195026.42449605,3,,0.031044652879723984
2014-07-09,621.939091759205,8085295133.413473,262271006.60517985,3,,0.031418859366425314
2014-07-10,616.522849795441,8017179778.299044,261458972.85762763,3,,0.03158236283967545
2014-07-11,634.494378141438,8253353630.980082,265493893.33061346,3,,0.031165470748591193
2014-07-12,636.923957934541,8287456960.000429,289605427.9686617,3,,0.033765106847641294
2014-07-13,629.87575043834,8198267373.456794,300093080.40049726,3,,0.03531187951251103
2014-07-14,619.197459088252,8061371837.189572,288598732.0967765,3,,0.03456284422825724
2014-07-15,621.934601402689,8099479060.359117,289350010.62818974,3,,0.03449230019823676
2014-07-16,616.351882232612,8028993953.251206,279230387.311534,3,,0.03360891279118023
2014-07-17,624.259274985389,8134685025.076653,296149648.2006989,3,,0.035126966626375024
2014-07-18,630.750140268849,8221979325.367266,297577659.9980398,3,,0.034928771590965545
2014-07-19,629.17336440678,8204209766.049146,301582138.05462426,3,,0.035456091737809926
2014-07-20,625.248676212741,8155455986.217747,289844577.74680126,3,,0.03432022052400904
2014-07-21,621.305331385155,8106428368.504002,290462572.8687992,3,,0.034591681003934976
2014-07-22,619.823264465225,8089291599.24513,287944565.81004596,3,,0.03437226313508728
2014-07-23,619.772816773817,8090895378.982157,284855626.29102606,3,,0.03400956237974212
2014-07-24,602.87964552893,7872516830.5178385,265270835.1568867,3,,0.03259741419351624
2014-07-25,601.578514319112,7857977844.637789,256122119.6152831,3,,0.03156506830623696
2014-07-26,594.702607247224,7770155179.104973,258144016.1555513,3,,0.032154259560723104
2014-07-27,591.575444184687,7731559647.227797,261868315.4155811,3,,0.03276045229148258
2014-07-28,587.493004967855,7680407552.468034,258498004.4763823,3,,0.03256091190683907
2014-07-29,584.11239333723,7638387993.689982,258226187.22721556,3,,0.032700874236864685
2014-07-30,562.914625073057,7363607117.266952,245204692.8965488,3,,0.03222641051116755
2014-07-31,581.975561952075,7615187932.454973,256280557.6812045,3,,0.032558163448453414
2014-08-01,596.506759205143,7807670878.872717,263247072.5162968,3,,0.0326167449727316
2014-08-02,589.757261542957,7721730033.748467,260203174.25136784,3,,0.03259901673827351
2014-08-03,586.753736703682,7684663690.325994,255543578.04376242,3,,0.03218348960004282
2014-08-04,587.60833547633,7697736644.30162,252636754.79213408,3,,0.03177671564720867
2014-08-05,581.881988603156,7624684694.6667,244490092.4244813,3,,0.031069343233492513
2014-08-06,582.248371420222,7631872806.490932,243331036.2584516,3,,0.030898379409249693
2014-08-07,586.046633547633,7684003054.893186,242820332.0350246,3,,0.030632741538741657
2014-08-08,589.024412624196,7725373119.050059,238507407.5169103,3,,0.029948642087392653
2014-08-09,588.978521332554,7727451082.260733,236022084.6984192,3,,0.029638083754420952
2014-08-10,589.373502045587,7735241242.426254,235659231.17428234,3,,0.029564944632639815
2014-08-11,573.441483927528,7528750393.807314,207420762.87395084,3,,0.02681181151154005
2014-08-12,568.307520163647,7463818388.651987,195942286.78241947,3,,0.02558073222977127
2014-08-13,548.370175336061,7203960811.173461,176412746.80233422,3,,0.023902956322812297
2014-08-14,505.107499707773,6637890303.918651,174953298.71482486,3,,0.02567992293954868
2014-08-15,500.323060132671,6577079233.508922,734584115.080736,4,,0.10046744223014993
2014-08-16,521.7479628872,6860784727.658821,730870007.9798837,4,,0.09627281975151546
2014-08-17,497.764658971362,6547529019.656276,993272954.3352879,4,,0.1317198035117636
2014-08-18,468.957918176505,6170930387.993115,603143542.7505447,4,,0.08903704756058536
2014-08-19,486.794350672122,6407900293.387209,652443437.9587495,4,,0.09240958553647785
2014-08-20,515.120353886616,6782945022.741428,693280011.9024068,4,,0.09273129268980525
2014-08-21,519.307852133255,6840226845.525137,819952439.172648,4,,0.10704089404416563
2014-08-22,516.159368790181,6800781531.593973,803178488.9855477,4,,0.10562634295969575
2014-08-23,497.12575949737,6552013007.6780815,750294350.3078698,4,,0.10274757190100095
2014-08-24,508.430741963764,6702866072.334485,755311335.4266127,4,,0.10127291081070608
2014-08-25,501.610286674459,6614667025.942611,660981953.0607469,4,,0.09084852155020959
2014-08-26,511.852321741672,6751941118.805074,768600739.341877,4,,0.10220018102941042
2014-08-27,510.162323787259,6731803470.867446,642306520.5546882,4,,0.08710292107140324
2014-08-28,506.285151665693,6682832259.805304,630360994.5318158,4,,0.08619504129170627
2014-08-29,508.866571887785,6719069017.947292,698815773.3349112,4,,0.09420687877980899
2014-08-30,501.275723261251,6621120334.482542,706556573.836198,4,,0.09642299772170361
2014-08-31,478.511425482174,6322686205.265619,646673977.2753569,4,,0.09278814128380783
2014-09-01,474.541489772063,6271843933.857898,612756268.1658145,4,,0.0890039000355745
2014-09-02,474.430670660433,6272122810.292736,614027041.8873928,4,,0.08916841124115156
2014-09-03,473.95920338983,6267892342.198352,618049049.0347562,4,,0.08975520033057939
2014-09-04,489.555201344243,6476075980.695105,675421877.0725591,4,,0.09444481289174177
2014-09-05,478.749782875511,6334872080.810288,676922859.6639794,4,,0.09654059558367423
2014-09-06,480.64249181765,6362067497.940154,683067909.1959302,4,,0.09695596602785579
2014-09-07,478.36550087668,6333781569.22385,684256052.5828255,4,,0.09749962731129892
2014-09-08,468.975495908825,6211141850.891306,658090920.5504102,4,,0.09580268167449069
2014-09-09,473.51202717709,6272952283.811393,645788616.509566,4,,0.0933390375233748
2014-09-10,477.778417592051,6331347487.483828,693082375.7456083,4,,0.09866742059361501
2014-09-11,477.270682057276,6326647559.469149,667194094.9595679,4,,0.0953973692751651
2014-09-12,473.997282291058,6285080622.479268,625099945.3560116,4,,0.09046072518939022
2014-09-13,477.960973991818,6339800916.430825,640686909.8137727,4,,0.09178254095723465
2014-09-14,475.648063997662,6311000675.694806,697851077.2237002,4,,0.09956710483041861
2014-09-15,472.655629748685,6273163405.083723,693328108.088569,4,,0.0995232832448901
2014-09-16,464.177754529515,6162628008.039854,688395871.0829394,4,,0.10048072860768976
2014-09-17,456.339891291642,6060691069.1306095,735918527.6064776,4,,0.10827729872255382
2014-09-18,426.880106954997,5671343316.691176,737252832.4740001,4,,0.11504123763049716
2014-09-19,393.893890707189,5234786700.077503,620499222.6451397,4,,0.10597248893297673
2014-09-20,411.041342781999,5464482172.793501,694601806.1613742,4,,0.11277680391025291
2014-09-21,400.404530683811,5324715500.714623,659329812.5892262,4,,0.1101812867498498
2014-09-22,400.881622150789,5332743727.964326,659813517.457382,4,,0.11010550094644103
2014-09-23,438.491800993571,5834698972.616527,656164912.8774829,4,,0.10109053655306212
2014-09-24,423.700091759205,5639528633.478035,694889454.9589082,4,,0.10970059842235272
2014-09-25,409.537749853887,5452786187.234508,684123570.3051877,4,,0.11147688288306438
2014-09-26,405.298251899474,5397697184.168388,725863999.9353846,4,,0.11853625335199783
2014-09-27,400.599334599649,5336459764.17459,639302839.4886093,4,,0.10698263667581281
2014-09-28,375.549989772063,5003993225.188914,709686889.514161,4,,0.12420836925888028
2014-09-29,373.0645578609,4972153983.458165,668544196.7468618,4,,0.11852153321959193
2014-09-30,389.264040411455,5189547431.442713,660916425.2766322,4,,0.11296820926729764
2014-10-01,382.909365867914,5106312655.53271,686806284.3968668,4,,0.1185555296755595
2014-10-02,372.525699006429,4969125807.05118,675022304.8836014,4,,0.11959684464272638
2014-10-03,357.665713617767,4772213722.0931835,674630438.9215657,4,,0.12385712147782134
2014-10-04,328.826113091759,4388682580.260336,644969409.1834759,4,,0.12813150582043736
2014-10-05,322.826261542957,4309969413.808049,769457790.8112695,4,,0.15148514976482216
2014-10-06,326.803532729398,4364384310.694091,789835071.323779,4,,0.15324048372472646
2014-10-07,333.570194915254,4455868952.722568,628713339.7231317,4,,0.12365093208486919
2014-10-08,354.407334307423,4735489718.929568,668396475.8216574,4,,0.12368811106178891
2014-10-09,361.716424897721,4834490053.511129,717018841.6798086,4,,0.12915746965675132
2014-10-10,358.890390810053,4798109635.995668,625723270.7605469,4,,0.11536551393040016
2014-10-11,361.908376972531,4839760837.727771,669114737.5959443,4,,0.12146121807382179
2014-10-12,377.871243717124,5054628618.96669,660937411.1750824,4,,0.11563813762093623
2014-10-13,391.994208942139,5245064708.897221,640229865.5058029,4,,0.1087846763508426
2014-10-14,400.880592054354,5365291551.155064,662939233.5721908,4,,0.10997243756024931
2014-10-15,394.625879894798,5283069667.50673,626988634.2115587,4,,0.10608840085879834
2014-10-16,382.321476329632,5119758564.702795,618618279.0131845,4,,0.10780370405450546
2014-10-17,382.200789596727,5119499232.526596,626420537.3036422,4,,0.10902006334873512
2014-10-18,391.293177089421,5242894153.666234,653213108.918495,4,,0.11078718208938082
2014-10-19,388.684497954413,5209233125.406047,651108276.4395851,4,,0.11110415448399094
2014-10-20,381.190858562244,5110107339.437175,685523558.3456265,4,,0.11828281863289171
2014-10-21,385.204633541204,5165387968.708736,675563853.974374,4,,0.11565989148392698
2014-10-22,380.778763296318,5107553013.098543,652406833.0537678,4,,0.11326586477674486
2014-10-23,357.344793103448,4794571841.573631,639757414.9617431,4,,0.11772518461084501
2014-10-24,357.48843395675,4797920118.279345,652146238.6385128,4,,0.11965840339003085
2014-10-25,345.811246639392,4642538389.7121725,628031117.104534,4,,0.11915811304495048
2014-10-26,353.081956165985,4741251517.256755,623342954.1176604,4,,0.11619572689861853
2014-10-27,350.015711864407,4701468719.300908,630163562.2006313,4,,0.1181933653577398
2014-10-28,354.653805084746,4764991907.390335,616956294.1598539,4,,0.11463437979246047
2014-10-29,333.599350087668,4483405058.008984,616272282.7472148,4,,0.12084534796388346
2014-10-30,344.609382232613,4632838862.435347,617636198.6855463,4,,0.11763434574883798
2014-10-31,337.182912624196,4534584097.182944,630278669.4855392,4,,0.12203202639827174
2014-11-01,324.371315020456,4363577474.228034,598352831.2333596,4,,0.12058872140440528
2014-11-02,324.248566627703,4363182675.130129,605003483.4332522,4,,0.1217755261425625
2014-11-03,325.361865575687,4379538202.274339,598511852.8790047,4,,0.12023017973863427
2014-11-04,329.657703974284,4438697512.256594,622591074.4133223,4,,0.12301038831357317
2014-11-05,338.805765341905,4563041057.094631,622183450.379595,4,,0.11999161260669632
2014-11-06,349.689911747516,4710975207.975009,664979107.1131173,4,,0.12369508149405034
2014-11-07,342.133288135593,4610456396.269498,604431234.4631364,4,,0.11590493933197568
2014-11-08,345.716332554062,4660062487.584745,623210816.245078,4,,0.11795922345969022
2014-11-09,363.610051724138,4902623335.337055,630524677.4576162,4,,0.1139540594250527
2014-11-10,365.502253945061,4929479477.777682,648684238.8910975,4,,0.11628992475654425
2014-11-11,367.825466978375,4961998574.957065,645235704.5374004,4,,0.11507200740604213
2014-11-12,422.591419637639,5702349216.989918,646898745.4159324,4,,0.10188588463488048
2014-11-13,421.914471654004,5694744080.086427,686551319.7269176,4,,0.10758807996053585
2014-11-14,398.388882817066,5378743834.818093,665429217.4620672,4,,0.11009433576873423
2014-11-15,377.993840736411,5104708459.692981,684132718.8028933,4,,0.11818129012491801
2014-11-16,390.205823495032,5271091380.888202,662531813.4647555,4,,0.11165721040312918
2014-11-17,387.501031560491,5235948730.382425,696369235.6766433,4,,0.11738568965130036
2014-11-18,373.864564582116,5053130942.788553,677039455.6459762,4,,0.11815345942084758
2014-11-19,377.613398012858,5105131036.931972,697649190.2200733,4,,0.12022671252577725
2014-11-20,356.181265341905,4816608899.340705,728912645.8126626,4,,0.13144167593212436
2014-11-21,350.748858854471,4744260556.958859,805389214.8931699,4,,0.14512433180524748
2014-11-22,352.455514611338,4768701889.690104,1074385741.1848872,4,,0.18387294681459365
2014-11-23,367.773242255991,4977255417.37997,986563920.1124947,4,,0.1654248501309068
2014-11-24,376.994223845704,5103432931.307469,986542108.5871156,4,,0.16199444203373817
2014-11-25,376.755630040912,5101446341.234384,1124199867.4853597,4,,0.18057561091582536
2014-11-26,367.530208065459,4977788630.808806,1338663058.608239,4,,0.21193276295473196
2014-11-27,369.530227352425,5006179265.651375,1681646324.7667212,4,,0.25144889052969327
2014-11-28,377.896931911163,5120924701.3427725,1683381501.0255535,4,,0.24739943367622563
2014-11-29,376.07633547633,5097729689.693371,1488616325.3721864,4,,0.22601550570940804
2014-11-30,378.690397136178,5134678161.082396,1249245574.0748982,4,,0.1956861682408739
2014-12-01,379.111978959673,5141626519.7315445,1503407666.7968104,4,,0.2262452870212025
2014-12-02,382.946796317943,5195071474.5043125,1430598543.7962618,4,,0.21591756604914616
2014-12-03,375.916019286967,5100781830.036416,1445757884.6016982,4,,0.22084306330090264
2014-12-04,368.845568088837,5006189589.777437,1462023090.0485346,4,,0.2260320064317784
2014-12-05,378.428329631794,5137728351.695431,1546080743.285777,4,,0.23131731043107
2014-12-06,375.13795119813,5094341409.984036,1606416932.6044772,4,,0.23973658658818545
2014-12-07,376.639793103448,5115922710.427437,1640279318.4322128,4,,0.2427812714045007
2014-12-08,363.215676797195,4935062172.837815,1659102727.1708071,4,,0.2516016436241438
2014-12-09,351.106837814144,4771784114.212252,1726494953.5392308,4,,0.2656849506675047
2014-12-10,347.881393921683,4729191782.833354,1741768909.3525846,4,,0.2691669741489655
2014-12-11,348.593006136762,4740155421.832263,1800780159.4742336,4,,0.2753092638032896
2014-12-12,353.190612507306,4803918508.264444,1832264703.9457886,4,,0.27610218786222124
2014-12-13,349.242945061368,4751499086.572427,1847127306.2202392,4,,0.2799260325206106
2014-12-14,356.07972150789,4845769566.82618,1852724872.4296842,4,,0.27658825266346015
2014-12-15,347.095181472823,4724725483.753984,2201538231.7091265,4,,0.3178536541705913
2014-12-16,328.613320280538,4474321674.239947,2387461556.3491473,4,,0.34793602131091805
2014-12-17,320.297613383986,4362121917.476236,2881835381.0695467,4,,0.39782611386293953
2014-12-18,313.511651179427,4270715212.2533607,2927712573.5143914,4,,0.40671555798654646
2014-12-19,318.242888661601,4336255009.048292,2249154565.0709496,4,,0.34153601833820035
2014-12-20,330.065758328463,4498454597.075575,2637460935.305821,4,,0.3696037212516792
2014-12-21,320.992670075979,4375857072.600248,2563545833.9705462,4,,0.3694187912829173
2014-12-22,331.842584453536,4525126532.888657,2622369765.476228,4,,0.3668934765417285
2014-12-23,336.084128579778,4584226091.329002,2394666395.331086,4,,0.34312985905835464
2014-12-24,323.032297779077,4407433219.58878,2354462199.0605817,4,,0.3481955950645075
2014-12-25,318.996144360023,4353624220.145397,2554590737.9303765,4,,0.3697902791724849
2014-12-26,329.210341905319,4494277461.787612,2634005214.4975147,4,,0.3695146971739082
2014-12-27,315.968443892461,4314703858.034944,2509676820.133563,4,,0.3677515863325341
2014-12-28,317.010480420807,4330272746.483408,2511370734.86772,4,,0.3670712660946431
2014-12-29,313.065531560491,4277669438.88849,2474894986.9026017,4,,0.366511865840163
2014-12-30,310.442004091175,4243025008.2295938,2502145506.9310184,4,,0.370953632870679
2014-12-31,320.662287258913,4383931184.775236,2575185321.7048955,4,,0.3700448640724661
2015-01-01,314.77647194623,4304761773.784208,2516270955.484237,4,,0.3688988244679053
2015-01-02,315.942731735827,4322014357.174626,2572319626.786603,4,,0.3731063265531913
2015-01-03,285.647309760374,3908737739.4016304,2201063897.720731,4,,0.3602512861215252
2015-01-04,263.334574810053,3604547303.485488,1897602279.6509087,4,,0.34488380422569614
2015-01-05,275.003851548802,3765349926.232124,2153883250.155566,4,,0.36387876367965777
2015-01-06,287.549521040327,3938260925.363736,2193033884.467732,4,,0.3576787534259851
2015-01-07,297.535565166569,4076070558.8848286,2246508430.939525,4,,0.35531520200144384
2015-01-08,284.342391876096,3896376434.109535,2136624224.27933,4,,0.3541561397491913
2015-01-09,292.501114552893,4009200101.349313,2185434219.179017,4,,0.3527947100826809
2015-01-10,276.230532144944,3787200643.162167,2047469727.7717729,4,,0.350914378637647
2015-01-11,268.755515488019,3685757426.270804,1975786264.046722,4,,0.34898366454819507
2015-01-12,268.617232028054,3684814575.287508,1888896776.7735264,4,,0.3388938998563416
2015-01-13,224.108117767388,3074962783.802202,1530175862.8926742,4,,0.3322757424449938
2015-01-14,175.637640561075,2410541394.6767755,1478980955.913094,4,,0.38024745009854427
2015-01-15,212.341011396844,2915078937.6187863,1758455565.8360817,4,,0.37625817559197633
2015-01-16,207.595204850964,2850648523.431976,1684480800.1058695,4,,0.37142949625785077
2015-01-17,199.824836645237,2744637050.627337,1577854689.9313493,4,,0.36503359280622016
2015-01-18,211.132518410286,2900758070.2695274,1645819758.503234,4,,0.36199089083832603
2015-01-19,216.894694915254,2980705663.4190784,1700480986.1786141,4,,0.3632585311087213
2015-01-20,211.919853886616,2912963378.745639,1723960679.3830829,4,,0.3717897161504959
2015-01-21,227.904210403273,3133526729.5787454,1776768265.4411738,4,,0.36184552399462633
2015-01-22,233.647382817066,3213279974.8754363,1775682420.1091685,4,,0.35592218973112705
2015-01-23,233.132852425482,3206926509.857733,1732617832.7965617,4,,0.3507647087677583
2015-01-24,249.08212390415,3427105944.2266946,1752726296.8017638,4,,0.33837510854478153
2015-01-25,254.51794126242,3502692396.505861,1756145725.3124623,4,,0.3339417728084104
2015-01-26,273.952244886032,3771018340.3958287,1732967729.039741,4,,0.3148568523207501
2015-01-27,264.753804500292,3645385810.763192,1654449069.490754,4,,0.3121699273414872
2015-01-28,235.735840444185,3246805002.4986134,1546548997.8672974,4,,0.3226444359730657
2015-01-29,233.957373465809,3223269286.8193126,1515236705.8260424,4,,0.3197709801734649
2015-01-30,228.896189947399,3154330219.336208,1528576159.1379924,4,,0.32641612614003146
2015-01-31,217.332156049094,2995872651.2747865,1485481084.9912393,4,,0.3314804348002617
2015-02-01,227.111301285798,3131555924.450037,1458109698.796615,4,,0.31769410203028536
2015-02-02,240.092419929866,3311502260.8039474,1468631656.365406,4,,0.307236508812097
2015-02-03,227.775695791935,3142345617.194964,1404641929.1486344,4,,0.30891703899170764
2015-02-04,226.781134132087,3129526308.6160164,1425701923.6591694,4,,0.31298144702336433
2015-02-05,217.011151081239,2995565459.889972,1633105737.066807,4,,0.3528238813205241
2015-02-06,222.724969316189,3075423077.971155,1517471213.0091577,4,,0.33039541449695914
2015-02-07,228.647127410871,3158106085.154654,1580538292.5931628,4,,0.3335422890173415
2015-02-08,224.035988895383,3095155714.175765,1534627348.9439993,4,,0.3314685219635098
2015-02-09,220.768493863238,3050902424.29268,1466730363.6398878,4,,0.32466790296851833
2015-02-10,220.888154295734,3053351264.7799406,1447607408.8987174,4,,0.3216220174080337
2015-02-11,219.495859731151,3034972495.4742727,1438861861.6474025,4,,0.3216171513719433
2015-02-12,222.583227936879,3078323766.3727307,1495631188.062407,4,,0.3269886133470045
2015-02-13,236.555363822326,3272421689.8762527,1551118991.0752623,4,,0.3215726980806309
2015-02-14,257.627695791935,3564959250.338558,1575632713.3632588,4,,0.3065080295205189
2015-02-15,234.445803039158,3244997129.4419994,1439125865.8708653,4,,0.3072348585446874
2015-02-16,235.086126826417,3254782653.5302696,1450977240.1729565,4,,0.3083406873594439
2015-02-17,243.905794272355,3377800069.693703,1479530682.2864425,4,,0.30459747499864925
2015-02-18,235.995232320281,3269233640.315125,1453575748.7367096,4,,0.3077777714481367
2015-02-19,241.872253945061,3351651583.637617,1447521847.2653513,4,,0.30161899087547644
2015-02-20,245.530775277615,3403317980.169206,1410635655.7102935,4,,0.2930305861686126
2015-02-21,245.596002630041,3405093966.41488,1429854799.1122234,4,,0.2957331852835759
2015-02-22,236.690668322618,3282518444.046001,1401558061.4343226,4,,0.299217585322211
2015-02-23,239.066017825833,3316309401.1681356,1435742263.9515061,4,,0.30213102994858926
2015-02-24,239.869262127411,3328225536.1133857,1386369642.9712248,4,,0.294059105884973
2015-02-25,238.236111046172,3306512284.3025994,1398581341.9488142,4,,0.29724835530277754
2015-02-26,237.044402396259,3290861309.890165,1394811614.1460547,4,,0.2976758379764522
2015-02-27,255.116774400935,3542727502.119319,1410934242.5949013,4,,0.2848265213304949
2015-02-28,254.948448568089,3541295080.490139,1338509755.6753793,4,,0.27429575579648824
2015-03-01,260.651330800701,3621421761.2892585,1245969915.8153431,4,,0.25598308056369856
2015-03-02,276.322613676213,3840245961.7741632,1272164600.5243828,4,,0.24883850485443332
2015-03-03,282.705900935126,3930075596.1308017,969877434.7641916,4,,0.1979360676824774
2015-03-04,273.447536528346,3802326215.650573,1135466150.086931,4,,0.22995421151479278
2015-03-05,276.268809175921,3842468093.2194247,1219864735.8803842,4,,0.2409688926157197
2015-03-06,273.31811484512,3802439815.859744,1146778286.6064508,4,,0.23170898167429946
2015-03-07,276.403357393337,3846329553.170976,1127516656.0065582,4,,0.22668908699390652
2015-03-08,275.338033898305,3832578713.5059977,1106549111.9306912,4,,0.22403735052814847
2015-03-09,290.130059029807,4039521363.792741,1118829711.1175947,4,,0.21689677473862956
2015-03-10,292.320383109293,4071128369.552176,1096219293.5885565,4,,0.21214351443933432
2015-03-11,296.693329339568,4133172397.6432896,1123620788.3817701,4,,0.21374643221058492
2015-03-12,295.800344827586,4121701164.266951,1151339598.9563065,4,,0.2183445284524078
2015-03-13,285.911026300409,3984946334.609023,1133774698.8592057,4,,0.22149570008721647
2015-03-14,283.608306253653,3953780496.6016474,1206616922.2268574,4,,0.23382247999433722
2015-03-15,287.270142022209,4005857102.306764,1169444321.2394605,4,,0.22596641732185965
2015-03-16,291.392118059614,4064348851.756613,1191710889.0918305,4,,0.2267308493147877
2015-03-17,285.248396551724,3979568774.68936,1167661571.9158542,4,,0.22685240280454314
2015-03-18,257.286160140269,3590445029.5322075,1094161114.170611,4,,0.23356523058857653
2015-03-19,262.092947983635,3658421733.575415,1093087095.3886905,4,,0.23005052389369096
2015-03-20,262.966492109877,3671509176.3995695,1096600461.5990427,4,,0.2299864191166826
2015-03-21,261.18429748685,3647612342.244767,1071820577.0056257,4,,0.22710791642650732
2015-03-22,268.899415838691,3756313691.7441807,1098515943.820176,4,,0.22627281002260696
2015-03-23,266.777992986558,3727646150.526438,1051055129.452337,4,,0.2199457693360999
2015-03-24,246.835082992402,3450054626.3373647,1004520083.5089719,4,,0.2255030275479707
2015-03-25,246.719136762127,3449433239.27608,959265681.5954401,4,,0.217584756594313
2015-03-26,249.532993571011,3489697647.733156,940372036.9111387,4,,0.21227025845004158
2015-03-27,247.378898305085,3460630353.820043,950911145.4633822,4,,0.2155507651050864
2015-03-28,253.23161396844,3543442060.8842163,966133880.2873563,4,,0.21424051682259904
2015-03-29,242.967614260666,3400748395.4846005,914353300.0648217,4,,0.21189611846410986
2015-03-30,248.336934541204,3476782836.084996,896151157.9602468,4,,0.20493132509673437
2015-03-31,244.712485680888,3426957264.2116175,845880370.1114819,4,,0.19796688816739602
2015-04-01,247.185819403857,3462409579.406614,849883067.765658,4,,0.19708381070170586
2015-04-02,253.630070426651,3553728796.7408247,889896664.3570796,4,,0.20026365231447957
2015-04-03,254.83316364699,3571516036.0615797,960971759.2546221,4,,0.21201860934908073
2015-04-04,253.945848626534,3560051556.9785414,941933406.63296,4,,0.2092262444780222
2015-04-05,261.112136177674,3661481425.4431505,960639539.8847747,4,,0.20783522263715146
2015-04-06,256.367386908241,3595755072.903167,969052083.6695505,4,,0.21228762802701182
2015-04-07,254.831898012858,3575186989.6733437,995564329.8256879,4,,0.21781196574369854
2015-04-08,245.825210403273,3449595061.098264,987404151.2435343,4,,0.22253872583456993
2015-04-09,243.860636177674,3422837587.959361,941066111.6480246,4,,0.21564777236782082
2015-04-10,235.871900642899,3311603691.496089,929619181.8605517,4,,0.21918659066478652
2015-04-11,237.40906779661,3334016203.7726493,881745219.0610533,4,,0.20915443988013244
2015-04-12,237.141042372881,3331011083.015563,880611145.5103288,4,,0.20909072507639204
2015-04-13,225.505635885447,3168453355.018588,870546038.7769951,4,,0.2155350753739316
2015-04-14,219.757236703682,3088504414.231545,837816235.9971001,4,,0.21338456805567083
2015-04-15,223.313907948568,3139171565.362344,856646937.2532834,4,,0.2143858477787542
2015-04-16,228.493815312683,3212774939.335911,862690025.0114182,4,,0.2116789207018922
2015-04-17,222.785060198714,3133207820.358849,854675587.4107182,4,,0.2143180981032593
2015-04-18,223.398044126242,3142644115.634204,855516275.8842663,4,,0.2139774776667596
2015-04-19,223.284135300994,3141851112.238399,855831855.5884451,4,,0.21408197260166395
2015-04-20,224.894903565167,3165382222.462422,856497497.7028048,4,,0.21295950085439605
2015-04-21,234.939356516657,3307655935.8249736,882968764.5673078,4,,0.21070098796598363
2015-04-22,233.822418760958,3292819357.09004,869716568.7991847,4,,0.20893911410828023
2015-04-23,235.933293687902,3323312673.176487,858157187.4705951,4,,0.20522859570194182
2015-04-24,231.458592343659,3261000380.522641,845767815.3723726,4,,0.205944863461681
2015-04-25,226.445992986558,3191301062.82119,857054642.2835525,4,,0.21170438190568486
2015-04-26,220.503406779661,3108346068.4578934,837505938.8040861,4,,0.21224970862128967
2015-04-27,227.325990356517,3205299821.835456,840662438.2131917,4,,0.20777812153964179
2015-04-28,225.549368790181,3181112157.843448,825787620.9715682,4,,0.20609140895851985
2015-04-29,225.66928842782,3183519985.1888514,854115427.3837515,4,,0.21153852195870923
2015-04-30,236.327976037405,3334673947.4553585,889818618.1919906,4,,0.21063325461329988
2015-05-01,232.746582700175,3285000343.4349766,875885941.1788384,4,,0.21050465724518885
2015-05-02,235.540077147867,3325293514.790359,872537703.5292025,4,,0.20785440341703137
2015-05-03,240.464248977206,3395659327.7417884,873974406.5204,4,,0.20469540501965952
2015-05-04,238.976661309176,3375417433.7278066,877580834.9160728,4,,0.20634403766073017
2015-05-05,236.02338340152,3334612653.988549,834460918.0921819,4,,0.2001549993457451
2015-05-06,229.481219300429,3243106562.193164,824229985.7724024,4,,0.20264612383370945
2015-05-07,237.130687317358,3352047328.9478006,822165128.8682657,4,,0.19696293305071005
2015-05-08,244.383472822911,3455488162.0896983,813858143.403189,4,,0.19062828010838317
2015-05-09,242.705950029223,3432551362.7063966,819187541.8432947,4,,0.192671177660204
2015-05-10,240.731483927528,3405403163.984579,800637143.5751588,4,,0.1903541300201359
2015-05-11,242.24983722969,3427838774.99882,804735416.1929603,4,,0.1901290750833521
2015-05-12,242.209092051432,3428170514.219828,778688009.5573484,4,,0.18509964268020937
2015-05-13,236.550265926359,3349034848.944277,740417071.0999207,4,,0.18105533102634414
2015-05-14,236.948916715371,3355591126.3026547,736147244.4949787,4,,0.1799106340104233
2015-05-15,237.484502337814,3364048665.8897886,730044380.1841244,4,,0.17831650916781447
2015-05-16,235.812134424313,3341137186.2170367,724764658.7488055,4,,0.17825434218146854
2015-05-17,236.963682933957,3358466081.9732075,698687679.0755801,4,,0.17221128905278835
2015-05-18,232.88384961543,3301481333.929694,610424333.7577256,4,,0.15604270286982325
2015-05-19,231.974446814728,3289343088.6451774,731130220.8365816,4,,0.18185177827503712
2015-05-20,234.190306253653,3321612394.0908113,710997046.407959,4,,0.17631190347062717
2015-05-21,235.553821741672,3341864436.7513223,720404257.4229486,4,,0.17734037594708732
2015-05-22,240.323203682057,3410358036.1838894,756549971.1042714,4,,0.18156147670671446
2015-05-23,238.963281706604,3391728868.508885,771385798.1896535,4,,0.1852905480505016
2015-05-24,240.711758328463,3417424495.160936,760300274.5962563,4,,0.18198907694928038
2015-05-25,237.003543249562,3365613792.1716657,773403639.015765,4,,0.18685682094213493
2015-05-26,236.796261250731,3363522711.3517814,760897524.1934836,4,,0.1844859351711744
2015-05-27,237.203596434833,3370126970.7481446,771320775.1517968,4,,0.18624423691338593
2015-05-28,236.956881940386,3367403673.12386,885486930.7266477,4,,0.2082082548572823
2015-05-29,236.646526592636,3363904289.7064414,1023105910.8133035,4,,0.23321256711281238
2015-05-30,232.788770017534,3309858187.054192,905569170.7553365,4,,0.21482262506022626
2015-05-31,229.45054792519,3263243345.059638,904932686.3293628,4,,0.2171051988962672
2015-06-01,223.282701928697,3176261135.317753,819721207.9146754,4,,0.20513634383368842
2015-06-02,225.320800993571,3206098638.097028,905645944.2274817,4,,0.2202583176301017
2015-06-03,225.213063413209,3205365142.156569,883091213.6749046,4,,0.21599624328026107
2015-06-04,223.54007685564,3182342189.564728,847279888.377927,4,,0.2102628663406843
2015-06-05,224.731071887785,3200072653.718305,871441186.6917337,4,,0.21403370364178145
2015-06-06,225.160513150205,3207189674.672468,874633709.6406696,4,,0.2142752459604146
2015-06-07,223.411685856225,3183111561.3986707,865581006.1478615,4,,0.21379272239294647
2015-06-08,228.774291350088,3260414508.051764,886573799.9214365,4,,0.21378738836009417
2015-06-09,229.370529514904,3269777768.2480297,892868159.1735588,4,,0.21449534136251078
2015-06-10,228.588487434249,3259595200.829957,881671940.2634034,4,,0.21289907417820625
2015-06-11,229.584411747516,3274571594.9491158,889004421.578224,4,,0.21351944051202995
2015-06-12,229.811218510228,3278622378.6497383,885355207.0312521,4,,0.2126224718585891
2015-06-13,233.015344535359,3325260566.2108974,908098776.5270219,4,,0.21451020407346527
2015-06-14,232.507108708358,3318868030.226305,912739186.698651,4,,0.21569563050370363
2015-06-15,236.7909628872,3380869346.470486,979889451.3414626,4,,0.22470617999627296
2015-06-16,251.432676797195,3590663484.050795,1066829455.5893183,4,,0.22905659104912193
2015-06-17,247.969317650497,3542183372.32402,1113183298.0641131,4,,0.2391182858151329
2015-06-18,249.012479544126,3558055843.2596903,1167265916.3801656,4,,0.24702358394936677
2015-06-19,244.803484219755,3498814572.862747,1268042137.3979876,4,,0.2660122203104001
2015-06-20,245.582513150205,3510771420.444903,1228404026.9456048,4,,0.2592020575271149
2015-06-21,244.300260081824,3493198059.142505,1159294434.4390402,4,,0.24917706713946813
2015-06-22,247.017892460549,3533001756.575591,1199891916.230636,4,,0.25352184079791423
2015-06-23,244.184763296318,3493335248.1509166,1201112785.7945645,4,,0.25585814926682254
2015-06-24,240.451545295149,3440865164.001367,1224139765.4031913,4,,0.262409104369251
2015-06-25,242.347857685564,3468922344.1708727,1240875639.5798824,4,,0.2634668501411355
2015-06-26,242.967997369959,3478734335.532736,1277204543.1581154,4,,0.26854940228115093
2015-06-27,251.529326709527,3602123761.058016,1294930781.08431,4,,0.26443054083645423
2015-06-28,249.058285797779,3567614187.007736,1310175232.0538769,4,,0.26860020380009103
2015-06-29,256.65022238457,3677262511.34254,1334170381.614045,4,,0.26622533118006636
2015-06-30,263.854356864991,3781439208.194029,1258130520.6883686,4,,0.24965038453141483
2015-07-01,258.042647574518,3699019359.3169966,1271957159.3632026,4,,0.25587671850457844
2015-07-02,254.747113383986,3652758933.862812,1260350516.1305485,4,,0.2565280763554436
2015-07-03,256.087042833431,3673002617.364455,1281893539.8399737,4,,0.258712493495166
2015-07-04,260.50923962595,3737419191.3775535,1240138969.072089,4,,0.24914605296345999
2015-07-05,271.302458211572,3893228194.4129295,1194887854.5084403,4,,0.2348389547368411
2015-07-06,269.137940093513,3863384906.069908,1180775478.8802848,4,,0.2340876159297508
2015-07-07,266.469919053185,3825979032.67402,1171613323.2871552,4,,0.2344355521293456
2015-07-08,270.576142898889,3886025324.2615986,1181685594.2144685,4,,0.2331793611009324
2015-07-09,269.680304792519,3874055948.766721,1195857571.6204941,4,,0.23587336683588253
2015-07-10,285.558780829924,4103255450.276876,1052507080.4634297,4,,0.20414188477224188
2015-07-11,293.917453828171,4224450512.3152328,1051816438.7133621,4,,0.19934860166775928
2015-07-12,311.481879894798,4477953762.4413595,1102227682.3328378,4,,0.1975254197809404
2015-07-13,292.649223845704,4208292844.131372,1062975172.8753414,4,,0.2016545486675806
2015-07-14,287.740951490357,4138747805.314685,1045152890.0535787,4,,0.20161514494045132
2015-07-15,285.922885447107,4113691144.216647,1036047289.0674387,4,,0.20118444897534954
2015-07-16,278.532749269433,4008299274.556174,969202862.1594534,4,,0.19471671443600336
2015-07-17,280.064724722385,4031374810.7913055,988707827.9423422,4,,0.19695050840672038
2015-07-18,277.354635300994,3993397737.8692417,991331722.7476265,4,,0.19887372636366663
2015-07-19,275.281989479836,3964601513.393176,983109089.3541888,4,,0.19869979638831098
2015-07-20,279.114393045003,4020884200.643299,980578989.5577488,4,,0.19605842375865445
2015-07-21,276.652412624196,3986295615.0528727,952049376.8456498,4,,0.19278713382874435
2015-07-22,277.764369082408,4003387232.698968,950190529.749922,4,,0.19181903975606074
2015-07-23,276.811628579778,3990624329.558321,940825026.4733388,4,,0.19078063233532247
2015-07-24,289.305976329632,4171970034.347817,988209223.4591414,4,,0.19150676247613996
2015-07-25,289.507639976622,4175992752.5274096,1011218751.9252014,4,,0.19494457688050487
2015-07-26,293.314842781999,4231965548.687132,1048382090.5583748,4,,0.1985441418224833
2015-07-27,294.426761835184,4249105128.489564,1073557504.8203895,4,,0.20169557583866377
2015-07-28,295.410125268849,4264301217.254372,1079647308.2239873,4,,0.20203175668263826
2015-07-29,289.85583635301,4185225454.907616,1064293242.2072177,4,,0.202741108969125
2015-07-30,288.236260666277,4162806009.563684,1058321763.3807088,4,,0.2026998398439655
2015-07-31,284.597324371712,4111325610.108484,1037763951.6088797,4,,0.20154319305775617
2015-08-01,281.66884628872,4070111946.409812,1010162967.664928,4,,0.19884021726192488
2015-08-02,282.423006428989,4082075699.521997,1019183427.8449411,4,,0.19979056197660794
2015-08-03,282.185052308591,4079743942.9708977,1012221935.0134302,4,,0.19878804361000976
2015-08-04,285.286617475161,4125555384.437055,1030889886.7695979,4,,0.1999225886340806
2015-08-05,282.338886908241,4083866764.853092,1022083903.1672688,4,,0.20017504469222439
2015-08-06,278.99574868498,4036507636.772833,977797141.3737117,4,,0.19500153752822708
2015-08-07,279.488715078901,4044597118.3642817,1007836680.7435465,4,,0.19947548465088508
2015-08-08,261.450275569842,3784607715.853803,1107549270.8900185,5,0.004589744636468906,0.226392831197184
2015-08-09,266.342020455874,3856363388.431896,1154204553.8761525,5,0.00450544753676526,0.2303540371402457
2015-08-10,264.928825248393,3837007827.3308535,1130362977.700692,5,0.00452948069684342,0.22755759979821227
2015-08-11,271.421736119229,3932144983.270839,1100977500.3013847,5,0.003647460274018426,0.21874641515180723
2015-08-12,268.143868497954,3885502464.253271,1088397993.2108636,5,0.0048033915793596746,0.21882182856666302
2015-08-13,264.691627995324,3836450981.8437095,1127250060.556965,5,0.007120739005894424,0.22709870133753562
2015-08-14,266.355941554646,3861519172.3478336,1147393124.063942,5,0.006739268333947813,0.22907031630118532
2015-08-15,261.936836645237,3798349935.904611,1114445040.3640726,5,0.006804016059144797,0.2268454201218274
2015-08-16,258.930817389831,3755652917.488387,1098311841.0004253,5,0.005920785293245857,0.22627107851981262
2015-08-17,258.009398305085,3743236411.37836,1091659693.9274375,5,0.005024545650337459,0.22578762193658186
2015-08-18,217.885883116937,3161886892.890434,944720535.9068035,5,0.004975937650241749,0.23004890345301346
2015-08-19,227.218251899474,3298201251.3114314,1007405680.3156947,5,0.0054573080711341855,0.23397530158076632
2015-08-20,235.523883109293,3419645393.4232545,1064530763.3058306,5,0.006461340480251087,0.23739717756367906
2015-08-21,232.80061783986,3381065750.1088943,1051795642.4272331,5,0.006167853046626019,0.23727239570319164
2015-08-22,230.639173290473,3350585165.1281605,1033324025.0687327,5,0.0060700876612872845,0.23570835531434065
2015-08-23,228.673073933372,3322788928.251413,1001414219.9726298,5,0.005903624667210915,0.2315835277960778
2015-08-24,211.955917592051,3080697609.0501647,948436749.4711046,5,0.005841025879649374,0.23539466919618682
2015-08-25,222.655039450614,3236956684.2576046,956002884.390074,5,0.0057092352508013025,0.2280019324628036
2015-08-26,226.116700175336,3288192392.142522,959603861.5563843,5,0.00521854422554814,0.22590628275091543
2015-08-27,224.939877264757,3271849435.0457935,963598560.9422987,5,0.005052283364867193,0.22750806097844667
2015-08-28,232.17080829924,3377926168.673827,987378614.3251189,5,0.005577789944767311,0.22618778376496174
2015-08-29,229.826200175336,3344733031.8844867,999894593.9101802,5,0.0051299634206219,0.23014506190902642
2015-08-30,229.019572472238,3333852748.421697,1017532313.098661,5,0.005763699520310701,0.2338410181385186
2015-08-31,230.689466101695,3359066951.9227314,1000929593.4760814,5,0.0056635009048226345,0.2295711895763728
2015-09-01,227.955570426651,3320136353.914489,1017305593.8513572,5,0.005966074869127209,0.23454045174607044
2015-09-02,229.502180709527,3343580491.3405457,997997278.3504969,5,0.005700516076976262,0.22986972278087667
2015-09-03,227.107121566335,3309516199.153644,972003283.760441,5,0.005431665865395113,0.22702297341851094
2015-09-04,231.177563413209,3369734261.0245614,985233824.7363827,5,0.005336028210467403,0.2262321572361724
2015-09-05,235.903006136762,3439481099.355,992383036.5606092,5,0.005777251821444283,0.22392000434272924
2015-09-06,240.805472238457,3511826272.0757103,1026605166.982251,5,0.005564657594961415,0.2262026386797952
2015-09-07,240.6336157218,3510234381.8466825,1009643008.4612265,5,0.005301046556499201,0.2233784063758522
2015-09-08,244.174952659264,3562723704.108738,1016025469.201182,5,0.005174542980344357,0.22190022443765137
2015-09-09,238.722463179427,3484056329.6194606,983571223.9555247,5,0.005068647432188013,0.22015515218328197
2015-09-10,238.750477206312,3485485743.3847775,985098518.1408551,5,0.004966272796076542,0.2203511801843726
2015-09-11,240.845008116891,3517014443.8737726,970584445.2682061,5,0.0038519200194817044,0.21628146125461317
2015-09-12,236.351832176505,3452198889.67502,971427682.0080109,5,0.004850353768968832,0.219599838789832
2015-09-13,230.548837317358,3368309570.3646874,958402097.021281,5,0.0038411384342874996,0.22150819622337128
2015-09-14,230.948793980129,3375030516.0714784,937966708.865326,5,0.004135115769784746,0.21747445220743664
2015-09-15,230.398590005845,3367911560.96047,951068701.1215862,5,0.004123289122454696,0.22020677183254905
2015-09-16,229.043285797779,3348913151.4073014,924065844.820601,5,0.004088048233933778,0.21625798901336685
2015-09-17,233.202697837522,3410568738.8057647,934651832.8387102,5,0.0037521006751372737,0.21509882350690096
2015-09-18,233.175130917592,3411022493.6568775,936094437.9416772,5,0.003655020999221409,0.21533684340012668
2015-09-19,232.241568088837,3398091544.278299,935380713.7963051,5,0.0038050444074607882,0.21585016773867663
2015-09-20,231.362323787259,3385967055.005891,919254058.6270298,5,0.004067905199921013,0.21352075407140375
2015-09-21,226.773447983635,3319557617.5923657,919437370.2943116,5,0.004150221326034247,0.21689984841258117
2015-09-22,230.626304792519,3376861757.3471384,907385454.2344731,5,0.0034943108537640716,0.21179577401171826
2015-09-23,230.132437755698,3370539512.0771394,850348358.5501007,5,0.0039542448203935075,0.2014619635995532
2015-09-24,234.319868497954,3432689103.0621896,853733082.4915794,5,0.0034141364329375486,0.19917148743977126
2015-09-25,235.538221800117,3451503181.4239817,857223638.1743929,5,0.0028968971353576767,0.19895056569269726
2015-09-26,234.591814436002,3438496949.835321,837953005.7094467,5,0.003283661034175375,0.19594593983801262
2015-09-27,233.243309760374,3419600261.1048646,831565668.5776066,5,0.003004458760418352,0.19560884762729502
2015-09-28,240.017265341905,3519771869.2667894,790258276.9130036,5,0.0025173525104458657,0.18335330615110687
2015-09-29,237.336233781414,3481487862.484529,709097173.9906427,5,0.002872001418155895,0.1692119758502946
2015-09-30,236.739848042081,3473615410.713113,949460227.1326506,6,0.003014466384741014,0.21466063546565992
2015-10-01,238.229813851549,3496364654.7323823,949182667.5903927,6,0.002748281353394517,0.21351311745669369
2015-10-02,237.937007305669,3492888180.8293414,986880210.397239,6,0.0027934704547499106,0.2202971502566959
2015-10-03,239.735897720631,3520164729.941746,940012397.7908318,6,0.002834786139504028,0.21075674146347328
2015-10-04,239.516924897721,3517865592.290263,899382217.5480386,6,0.0025448723519654695,0.2036069191193875
2015-10-05,240.961213833431,3540000026.045972,882841268.2933328,6,0.0025222731506496002,0.1996095291556723
2015-10-06,246.940498246639,3628719295.758303,947585909.029867,6,0.002636829538384,0.20706352977472126
2015-10-07,243.734486849795,3582418301.470667,908133699.569325,6,0.002461695132908126,0.20223208624663636
2015-10-08,243.029632963179,3572908937.268152,875715162.4032215,6,0.0026079076584239577,0.19685078864449615
2015-10-09,244.448887492694,3594544173.051464,914673945.493838,6,0.002598460782426802,0.20284535399430104
2015-10-10,245.955924313267,3617688500.22872,912154091.9150053,6,0.002582539327853728,0.20136551620954515
2015-10-11,248.528165400351,3656429914.913464,926943280.8663845,6,0.002411436945323999,0.20224041143319285
2015-10-12,246.093637346581,3621485952.20494,929988238.8084486,6,0.002560001171882198,0.20432681803285938
2015-10-13,250.471300701344,3686765011.986784,937893989.7908269,6,0.002402029062707106,0.2028028422053004
2015-10-14,253.142325540619,3727042598.5500207,920571028.719663,6,0.001908951026385899,0.19807391546454076
2015-10-15,254.693015002922,3750930547.892338,918865607.174672,6,0.0021981835111052886,0.19676781954982073
2015-10-16,262.737363237873,3870347619.255164,909298259.7375574,6,0.0019981931520134948,0.1902438554567532
2015-10-17,271.930938924605,4006701466.036159,899409090.6978484,6,0.001923245666963269,0.1833242606943175
2015-10-18,263.481677381648,3883162961.001024,880883331.5114298,6,0.0019166418136488386,0.18490234507080563
2015-10-19,264.362728229106,3897238283.402315,880246577.4723645,6,0.0018893727139703725,0.18424895171958866
2015-10-20,270.832211864407,3993478146.273724,838664269.9919562,6,0.0016247502965427902,0.17355950999475775
2015-10-21,268.040217708942,3953274547.7456384,836605493.2964406,6,0.001566929036209287,0.17466105333076984
2015-10-22,275.414956458212,4063062212.072203,865265997.4209694,6,0.001983129459483545,0.1755698810307021
2015-10-23,278.612778026885,4111275942.971991,851150674.6603631,6,0.0020275810894268766,0.17151904506478313
2015-10-24,283.61114289889,4186061085.708384,854149963.0030183,6,0.0019606422875924887,0.16946710261694165
2015-10-25,286.04969345412,4223162195.8379135,834855132.049204,6,0.002182714655060219,0.1650558070345614
2015-10-26,286.703382817066,4233988576.976577,845633873.7474017,6,0.002443359883804425,0.1664757335708832
2015-10-27,295.562913793104,4365910872.377493,870195758.4258975,6,0.002808200762904258,0.16619137458099872
2015-10-28,304.442097019287,4498127762.504589,892523063.8053129,6,0.0032518498909737885,0.16556870266002327
2015-10-29,314.879462302747,4653528359.828375,929614782.0698595,6,0.003745581603165012,0.16650384173274058
2015-10-30,328.492321157218,4856113853.881978,954677119.2834787,6,0.003411566401065279,0.16429383257670577
2015-10-31,314.119508182349,4644794429.499121,921219715.6287805,6,0.002831223621677413,0.1655079724213694
2015-11-01,329.854227644652,4878720873.406128,967405459.9598225,6,0.003001325788877004,0.16547802849187346
2015-11-02,364.616627995324,5394270070.549457,997042008.5269182,6,0.0027091468796444137,0.15599958133651382
2015-11-03,400.923105201637,5932954782.927945,1037423028.5180001,6,0.0026123778845130365,0.14883311300780058
2015-11-04,405.481681472823,6001984912.541993,907535922.6174747,6,0.0019704959225230797,0.13134571039997875
2015-11-05,384.341222969024,5690464341.778327,884110875.3682766,6,0.0022802133823428875,0.1344742201842182
2015-11-06,372.975417884278,5523536982.471544,876308054.9193187,6,0.002572965371399886,0.13692644896861103
2015-11-07,386.504550847458,5725363853.894037,897010570.7842047,6,0.0023592223969169965,0.13545150323145425
2015-11-08,372.400129748685,5517726529.270193,879387646.3429044,6,0.0026852837045863867,0.1374663046808328
2015-11-09,380.495644360023,5639092372.258233,879884128.3994324,6,0.002622894676438655,0.13497274124406883
2015-11-10,337.830502337814,5008011574.29464,857770276.2084323,6,0.002669725390521077,0.1462328975181487
2015-11-11,308.922185856225,4580771119.302635,807234006.1625524,6,0.002427949092285296,0.1498205713181941
2015-11-12,337.522988603156,5006229106.120829,880405705.9982121,6,0.0026072298175655925,0.1495601025199809
2015-11-13,337.278958211572,5003958699.46066,862925651.3054893,6,0.002668367527362849,0.14708414206133122
2015-11-14,333.047117475161,4942356322.479359,851941891.720393,6,0.0026422687776771745,0.1470310743814649
2015-11-15,319.928021624781,4748951129.880329,823655030.3244107,6,0.002844389795487402,0.1478042780425289
2015-11-16,331.132725014611,4916703779.861369,844641446.7699659,6,0.002761512730263753,0.1466049010334742
2015-11-17,335.849786090006,4987994385.318497,844737833.1773553,6,0.0029753915895131817,0.1448271241560952
2015-11-18,335.744504967855,4987714987.43995,846604451.2376308,6,0.0029687860635058067,0.14510766167947842
2015-11-19,326.232145528931,4847511550.504216,827198228.2133883,6,0.002881383741249492,0.14576925701393703
2015-11-20,321.940475452951,4785085356.666097,821886534.53319,6,0.002857671122916791,0.14658295965835402
2015-11-21,325.905231151373,4845432243.699364,840062881.8661054,6,0.002945641579941714,0.14775544843731694
2015-11-22,323.716966101695,4814289952.834088,835089841.808078,6,0.0029964447389985624,0.14781973812418694
2015-11-23,323.012556341321,4805130309.641994,831537488.5222504,6,0.002848186492873838,0.1475228837848252
2015-11-24,319.961356527177,4760988552.801359,829805478.4489907,6,0.0028441396544758553,0.14842354660370297
2015-11-25,328.960457334892,4896111301.831781,850474359.8829973,6,0.00264469476680692,0.14799646432647381
2015-11-26,356.255292518995,5303923855.628612,854412643.1318449,6,0.0024107226966081107,0.13874081796339324
2015-11-27,359.268824371712,5349983844.881412,833734873.2666266,6,0.002449419321420223,0.13482742525460825
2015-11-28,356.567322618352,5311127725.817877,832679033.1363397,6,0.0025452634846783216,0.13553144911707415
2015-11-29,371.707612507306,5538029394.198577,839283817.7127513,6,0.00234054932082646,0.13160460993905168
2015-11-30,377.389839859731,5624216681.366006,830892262.4031276,6,0.0023318062837279353,0.12871854985579378
2015-12-01,362.532375803624,5404310416.077196,799565471.7025186,6,0.0023812863437682914,0.12888160339852842
2015-12-02,359.22240414962,5356414170.9545,811433031.6468136,6,0.0022827084016131165,0.13155854952187995
2015-12-03,361.210068088837,5387334794.284119,828544669.0837064,6,0.0022978318527817655,0.1332948416980391
2015-12-04,363.241631794272,5419024328.555151,884747571.5092998,6,0.0023125102589445145,0.1403520916580522
2015-12-05,389.362958796026,5810419099.219202,941592000.1535953,6,0.0022342392370603664,0.1394535622491884
2015-12-06,393.319129748685,5871020031.333293,957687850.7160707,6,0.0020975079460974484,0.1402443723260657
2015-12-07,395.346588252484,5902736521.563241,983526086.9106002,6,0.0019981049630915,0.14282436538222187
2015-12-08,413.798660432496,6180046220.944394,1180419318.6407337,6,0.0019202817118100042,0.1603729155842591
2015-12-09,417.632671244886,6239060888.933594,1320394256.2779465,6,0.001927794579863964,0.17466791335012244
2015-12-10,415.729924313267,6212880482.65345,1244967815.5038872,6,0.0020295387718210355,0.16693391521673753
2015-12-11,453.86148012858,6784553388.968775,1350373332.4126568,6,0.001982543451245789,0.1659969878847714
2015-12-12,435.85572238457,6517159334.528693,1306782594.0986655,6,0.0022025637170663553,0.16702355488059314
2015-12-13,434.403466393922,6496986520.352054,1305806462.0580592,6,0.002117708699786912,0.16735116066794894
2015-12-14,442.991689655173,6627592526.377309,1153834695.66743,6,0.002234804902933103,0.1482805997849113
2015-12-15,464.617871712449,6953267162.993504,1059874769.2804317,6,0.0021523063594482174,0.13226706555784978
2015-12-16,454.142492402104,6798347864.165865,1099047702.1616871,6,0.0019093126375680737,0.13916584181850303
2015-12-17,456.240134611338,6831516735.298596,1091640963.2929807,6,0.002060318522395596,0.13777852275829763
2015-12-18,463.175769725307,6937324462.524802,1062552274.8380257,6,0.0019431068264511285,0.13282108083934024
2015-12-19,461.399907948568,6912537068.061339,1048706453.7906574,6,0.0019365433956187834,0.13172646344910455
2015-12-20,442.15399006429,6626025133.292232,1031470418.5062449,6,0.0021711892724532787,0.13470075320696578
2015-12-21,437.640129456458,6560011593.067867,1023378268.6979437,6,0.0020793339978447713,0.13494997453020932
2015-12-22,435.268379018118,6526092469.887121,1006257887.3423316,6,0.0020217411657265597,0.13359148733390214
2015-12-23,442.665727060199,6638740303.75793,1007636439.7353708,6,0.00196746652555182,0.13177959621108404
2015-12-24,455.878713033314,6838470695.339431,1024042198.8476616,6,0.0019084023340577069,0.13024362727656139
2015-12-25,455.718825832846,6837917946.867378,1077482265.8584738,6,0.0019001297634600866,0.13612479936594613
2015-12-26,418.221531560491,6277070712.492882,1011191788.0102762,6,0.0020395889155138424,0.13874250384648837
2015-12-27,422.705894506137,6346542709.362944,1051936994.3276292,6,0.0020556372913020367,0.14218285870310532
2015-12-28,421.052879602572,6323313675.840925,1035401328.7543752,6,0.0020008079242756923,0.14070409413977816
2015-12-29,431.340021332554,6479519118.389768,1025529626.8276918,6,0.001993786705307733,0.13664529860398356
2015-12-30,426.043646990064,6401715280.957624,1035056730.5897354,6,0.0021042809195140682,0.1391809146471834
2015-12-31,429.677153419053,6457837561.22856,1016765734.7088566,6,0.0022082626279983308,0.1360293910529656
2016-01-01,434.678006428989,6534464975.488938,1014698254.6222544,6,0.002117360405604869,0.13441201676166548
2016-01-02,434.439877264757,6532460051.432983,1036156673.0979793,6,0.002186700737467191,0.1369017233677124
2016-01-03,430.136180011689,6469306703.42351,1014471557.6779845,6,0.002225023080100369,0.13555606837670658
2016-01-04,433.44897106955,6521092888.510424,1020631939.6245419,6,0.0021917228172346165,0.13533136820598365
2016-01-05,432.669502630041,6511064277.770981,1021590720.8724588,6,0.0021785681548393784,0.13562159969578294
2016-01-06,430.677869666862,6482611157.065961,1005022415.2246177,6,0.002205824972466879,0.13422430538586924
2016-01-07,459.208940093513,6913751592.747049,1023795808.4919362,6,0.002046884111515041,0.12898137884910524
2016-01-08,454.134423728814,6839314891.010368,1015795715.3591158,6,0.002168961321875463,0.12931653878118995
2016-01-09,449.845216247808,6776417115.362054,1031853098.7576805,6,0.0021560972764753774,0.13214874363489307
2016-01-10,448.580216247808,6759323837.84895,1030411988.2296594,6,0.002229255691132782,0.13227816850733612
2016-01-11,449.033059029807,6768055781.641483,1021939101.2812798,6,0.002384917349334056,0.13118610687685767
2016-01-12,441.768157218001,6660432982.865688,1023549860.9576144,6,0.002665312066435244,0.13320564110582123
2016-01-13,432.310645236704,6519443883.191552,1016970176.5542207,6,0.0026310478646141607,0.13494085761372382
2016-01-14,429.823224722385,6483361597.024275,1011562716.3459935,6,0.0027125586264846596,0.13496636844503646
2016-01-15,367.823199883109,5549288342.816036,930522134.7170126,6,0.0035095422141696716,0.1436032948715616
2016-01-16,388.071204558738,5856144324.168158,930838219.1189137,6,0.0031225970537491527,0.13715052502081287
2016-01-17,382.482086499123,5773246244.378153,957214450.4896451,6,0.0034274464747282374,0.14222123772590387
2016-01-18,384.865166569258,5810881380.773609,963600437.0407035,6,0.003809760687971208,0.14223972592365672
2016-01-19,378.161725014611,5710926949.146569,963691598.5724517,6,0.003577957548263623,0.14438152408002147
2016-01-20,420.622924168323,6353766326.386117,1013542081.2059445,6,0.0034630103268371926,0.13757291335346875
2016-01-21,409.298459672706,6184105216.642784,979388207.5943843,6,0.003654863497889083,0.13671935598917342
2016-01-22,381.046459380479,5758921327.7966585,958050821.6173036,6,0.003989014889342571,0.14263135238708574
2016-01-23,386.370602571596,5841116434.328447,987212265.3488584,6,0.005208083955018322,0.14457597294569494
2016-01-24,403.446926651081,6100999519.862752,1009206095.5299543,6,0.005208577996526596,0.14193768086609893
2016-01-25,391.986097311514,5929274269.037929,1042939320.9871753,6,0.0064638047295336966,0.14958510773096098
2016-01-26,391.142935125657,5918084970.456128,1094312127.00269,6,0.006086232141499072,0.1560539301744979
2016-01-27,394.62753037405,5972336901.073852,1260110660.8956456,6,0.006085003283878483,0.1742301828113773
2016-01-28,378.900995616599,5735712764.941532,1179695765.870067,6,0.0067206297913461445,0.17058945405957335
2016-01-29,378.99999482291,5738812666.135165,1252256040.6645963,6,0.006563682018941695,0.17912226201504894
2016-01-30,377.262779076564,5714271472.877842,1189425531.5995803,6,0.006469416373314356,0.1722882001959491
2016-01-31,366.341687609585,5550511097.358207,1141449522.8835444,6,0.006121803375135029,0.17057026896286623
2016-02-01,371.22343509059,5625969536.424808,1174792157.6315842,6,0.005838525163444781,0.1727442028527934
2016-02-02,372.927631209819,5653475162.744131,1212569614.4742286,6,0.006560334486514669,0.17660380230807013
2016-02-03,368.098206604325,5581909720.258204,1229075972.1507564,6,0.00687316578730181,0.18045493378742478
2016-02-04,389.723081239042,5911470181.268046,1235350963.2148757,6,0.006543287074228687,0.17285320819432012
2016-02-05,384.398413983051,5832510244.835424,1281865150.6098042,6,0.006671489544993479,0.1801795771741931
2016-02-06,374.631555523086,5686190017.949058,1364122151.951727,6,0.006804071793794534,0.19348393646673429
2016-02-07,375.153917592051,5695769151.661701,1350431129.0262425,6,0.007725018891252586,0.19165380988778757
2016-02-08,370.814350327294,5631255744.936521,1353865871.6052418,6,0.00858589261889139,0.19382137433356847
2016-02-09,373.5116128609,5673860326.918466,1413149141.621134,6,0.01042397781216954,0.19939992290039057
2016-02-10,379.082611630625,5760041302.285284,1454854764.607829,6,0.01154809719629382,0.20164597675685164
2016-02-11,377.639165108124,5739921253.413235,1575485536.4855113,6,0.015549076645525158,0.21536540369306215
2016-02-12,382.294456458212,5812313598.536132,1600479414.5244963,6,0.014309398819516683,0.2159077437754711
2016-02-13,389.598432472238,5924880939.0625105,1621494604.3905966,6,0.013395307037248566,0.21487064817458387
2016-02-14,406.150669491525,6178287275.926559,1645099806.6095896,6,0.012694412124214004,0.2102797406358537
2016-02-15,399.26761864699,6075100823.409976,1636180249.2430794,6,0.012905347529220363,0.21218008186027046
2016-02-16,407.035309468147,6194695258.165143,1603546874.9271734,6,0.010471737208771113,0.2056292748493182
2016-02-17,415.324113383986,6322452452.613729,1454697993.5527468,6,0.009175918676305283,0.18704768586157397
2016-02-18,421.289662981882,6415045581.96784,1534834154.524392,6,0.010365380685865061,0.1930638205102729
2016-02-19,419.626528541204,6391241912.019306,1580186436.6640599,6,0.010927909155853946,0.19823127895580445
2016-02-20,440.195760081823,6706178212.63841,1536330967.4657233,6,0.009883078383679472,0.1863911745678291
2016-02-21,438.718612681473,6685078456.754302,1563989759.2229948,6,0.010540762283207203,0.18959592990075708
2016-02-22,437.535295094097,6668436550.1579485,1627761649.8347025,6,0.012784588120464426,0.19620573310750272
2016-02-23,420.032592609585,6403107527.81566,1610385136.9535127,6,0.013355954503690634,0.20095920771643952
2016-02-24,423.995112507306,6464764199.589457,1671631672.4556906,6,0.014703662437249994,0.2054511234143666
2016-02-25,424.090870251315,6467867594.878764,1661430928.4641185,6,0.0143183330997651,0.20437568182462498
2016-02-26,431.762241963764,6586375896.899228,1642854777.286977,6,0.013608300740814571,0.19963649608709508
2016-02-27,432.947845996493,6606052938.349628,1671678450.4288464,6,0.014576198833510396,0.20194886399612105
2016-02-28,433.102262711864,6609859969.216784,1668487976.484673,6,0.01500531543679473,0.20154842336036838
2016-02-29,437.775872589129,6682642624.205122,1674388224.4846644,6,0.01446688551674999,0.20035683184622619
2016-03-01,432.807867153711,6608331737.858998,1765115329.6513655,6,0.01738964623976648,0.2107991267419785
2016-03-02,423.079789392168,6461459062.390081,1821213065.1004622,6,0.02013518045826568,0.21988230815702314
2016-03-03,419.268821332554,6404671328.368861,1889801603.8538558,6,0.022145482258355196,0.22783866067152683
2016-03-04,407.990154295734,6233961495.206634,1965056533.9292786,6,0.02445818370400675,0.23966974178447736
2016-03-05,397.314453945061,6072330074.004093,1948877857.6637735,6,0.027059187424751236,0.24296563239179603
2016-03-06,403.705187463472,6171496150.647176,1993292890.5352147,6,0.027208980865318436,0.24413280985965982
2016-03-07,413.22936616014,6318467554.398566,1938961263.9627938,6,0.022933713796389858,0.23481416632393928
2016-03-08,411.425953243717,6292476529.245212,1954840467.3549285,6,0.02375360511570339,0.23702744397490585
2016-03-09,412.540703506721,6311258537.536386,2133119415.9053905,6,0.02864468536369086,0.2526082356410835
2016-03-10,416.340928696669,6371009645.926016,2114034319.6586416,6,0.026818528647359077,0.24914830473868677
2016-03-11,419.511934248977,6421211644.9934,2188721417.897284,6,0.026513918887090933,0.25420887734084735
2016-03-12,410.264163296318,6281138643.087117,2285800292.8157926,6,0.03237830648308594,0.2668164568369112
2016-03-13,411.805882466394,6306111596.723382,2371089122.0559688,6,0.034822364363470554,0.2732550737156991
2016-03-14,415.026957276446,6357014019.848284,2182700384.889424,6,0.02966406310087103,0.2555940727571046
2016-03-15,415.266400292227,6362353042.38724,2241561318.397401,6,0.031407065471781986,0.26052808342841055
2016-03-16,417.024118468732,6390867973.469016,2205936234.9860506,6,0.03046063857921168,0.25659956671067186
2016-03-17,418.605363822326,6416576041.29153,2087301379.9807038,6,0.026397967072978385,0.24545290066850825
2016-03-18,408.901587405026,6269222347.2202015,2038699748.1372547,6,0.02652506172867913,0.24539225629914116
2016-03-19,409.124429865576,6274029959.932988,2002228042.9747326,6,0.025668555315751417,0.24192431437870646
2016-03-20,412.056953828171,6320504988.49434,1977831062.852774,6,0.024852321245168816,0.23834068066352915
2016-03-21,411.601774050263,6314953342.505004,2122579656.602541,6,0.02875295071476755,0.25156401246988314
2016-03-22,416.581653828171,6392897932.954729,2093416878.0427797,6,0.027115953947038213,0.24668150129546193
2016-03-23,417.378299532437,6406678060.699834,2205891881.6786003,6,0.029721783760831375,0.2561246987179096
2016-03-24,413.560239918177,6349591400.682366,2085157139.7418566,6,0.027004097264083114,0.2472103501068906
2016-03-25,416.373243834015,6394300579.581249,2042842890.2995768,6,0.02559269185812262,0.24212494401596701
2016-03-26,416.823096668615,6402803379.137973,2063172569.6805286,6,0.026395207901138876,0.2437016809584088
2016-03-27,425.454959848042,6536896822.507703,1999292800.5423295,6,0.024412548183475123,0.23421372870439705
2016-03-28,422.917446814728,6499706636.847799,2047189350.664002,6,0.027562878673066966,0.23952430843375527
2016-03-29,415.863828755114,6392933707.780906,2064691887.2333639,6,0.02810763935955528,0.24412193044469715
2016-03-30,412.777697779076,6347008620.180961,2029787548.1327138,6,0.028747333398701874,0.24231072445222557
2016-03-31,415.956811221508,6397181203.121416,2029815695.1314118,6,0.02735981643662539,0.24087058766477704
2016-04-01,417.20066025716,6417906692.422298,2044379727.7386656,6,0.027887497969393073,0.24158715815480264
2016-04-02,419.763056691993,6458783382.4675455,2064212675.6983886,6,0.027694972891040878,0.24219331577898057
2016-04-03,420.073578901227,6465052566.962721,2065037042.0159214,6,0.027637396207259274,0.24208855201735452
2016-04-04,419.540727878434,6458592931.288058,2035515204.9675655,6,0.026518155915620917,0.23963848497281579
2016-04-05,422.50136440678,6505807453.958602,1960751209.9079099,6,0.02470156493444314,0.23158774275975702
2016-04-06,421.907191233197,6498314176.299217,1959404403.9343138,6,0.02541808791677665,0.23167056048821755
2016-04-07,421.467220046756,6493002234.767619,1874987333.6762905,6,0.02394567112512996,0.22406664328872467
2016-04-08,418.643460549386,6451007327.9403925,1832261349.4466023,6,0.023204691765565756,0.22120027984225663
2016-04-09,418.758635359439,6454478064.876991,1711425599.6211164,6,0.02175198219114307,0.20958189931405516
2016-04-10,421.954488544711,6505561857.240202,1660822700.2555218,6,0.021025544614110596,0.20337307024454213
2016-04-11,423.273044009351,6527509950.9064245,1663282581.73829,6,0.020542902125321814,0.20306735582780472
2016-04-12,427.427664582116,6593161960.587394,1554931166.1416843,6,0.017535046967327945,0.19083374992866417
2016-04-13,424.87251811806,6555490264.285652,1591147209.5487564,6,0.018936090515305568,0.19531336881741038
2016-04-14,425.8565949737,6572419903.533022,1676773330.6427526,6,0.019856069801619077,0.20326512945484285
2016-04-15,430.724418760959,6649043796.601012,1662803858.339758,6,0.0190622394640669,0.20005225400772905
2016-04-16,432.216313033314,6673565144.849325,1711988945.5059605,6,0.01983731555809778,0.20415931100784607
2016-04-17,429.339968731736,6630849314.945406,1770333479.127418,6,0.021750834145184243,0.2107243137688205
2016-04-18,429.656933664524,6637183962.781343,1797684614.3634162,6,0.0209168939684142,0.21312538517013152
2016-04-19,437.568726183518,6761043337.303436,1785782341.5644813,6,0.019991256517859837,0.20894100437544194
2016-04-20,442.661653302163,6841562099.94025,1790480789.2463691,6,0.0192135170279137,0.20742260114222888
2016-04-21,452.164702805377,6990143508.851016,1743028884.769767,6,0.018028424410007734,0.19958713812210746
2016-04-22,448.134421332554,6929440315.019797,1744793712.1067119,6,0.017643677301029472,0.20114671873623696
2016-04-23,453.914722969024,7020454409.392548,1791423645.5715017,6,0.01853316700034225,0.20329646352315645
2016-04-24,463.382871420222,7168422322.656764,1762465694.7319996,6,0.017281284310284646,0.19734495509297786
2016-04-25,465.31600666277,7199804841.369286,1717918921.0541666,6,0.016160305781419228,0.19264096610538095
2016-04-26,469.60876452367,7267999182.169207,1689218941.8921142,6,0.01582686915943162,0.18858745187352877
2016-04-27,445.741113091759,6900043951.22367,1667653565.617387,6,0.017483074494243456,0.19464430931873716
2016-04-28,451.060061776739,6983903264.735502,1646451835.962543,6,0.016082152818800054,0.19077451816894228
2016-04-29,457.009965225015,7077832660.236305,1676518581.5358348,6,0.016301265710570164,0.19150689014351882
2016-04-30,449.900484511981,6969368412.86222,1774734978.9472404,6,0.019597924869492127,0.20296363153821148
2016-05-01,455.010731151374,7050293955.87122,1769823720.0104685,6,0.019295696194272554,0.20065760855436107
2016-05-02,444.933061192285,6895888977.656668,1854251163.3021686,6,0.022635433645186567,0.21191102467291237
2016-05-03,451.628850379895,7001369978.82311,1788042065.489108,6,0.020730620412938636,0.2034313622429593
2016-05-04,448.367967562829,6952690123.641801,1769000301.3944316,6,0.02091443799534577,0.20282768765976725
2016-05-05,449.336072472238,6969443375.667429,1796368362.629992,6,0.021737671485231272,0.2049289234426223
2016-05-06,461.693862361192,7162989182.068793,1789878507.6431744,6,0.020308127057181255,0.19992236785761752
2016-05-07,461.361842489772,7159568138.094168,1799495348.4820075,6,0.020351820988890337,0.20085752837651877
2016-05-08,461.378872296902,7161770203.628641,1797392818.4216201,6,0.020595993814062706,0.20062061757307945
2016-05-09,463.462231677382,7196090525.87272,1793243475.62581,6,0.02018625829354563,0.19948568774136935
2016-05-10,451.079668322618,7005610568.348992,1756098182.9305172,6,0.020821307744577067,0.20042873288547358
2016-05-11,453.896305260082,7050864288.957931,1800134529.8440878,6,0.021881524332378513,0.20338207774020872
2016-05-12,455.607255932203,7079025579.234456,1816823592.6099536,6,0.022138826659087157,0.20423273343710083
2016-05-13,457.241902688486,7106161522.326545,1852528864.5050015,6,0.023186822996651122,0.20678567787408403
2016-05-14,458.119524839275,7121450195.375673,1832358480.4675686,6,0.022334122821435633,0.20464570405788826
2016-05-15,460.85772063121,7165616823.04019,1805108598.7831354,6,0.021656810129756263,0.20122214357289311
2016-05-16,455.224077323203,7079627144.895794,1879392257.4909236,6,0.024414738785857502,0.20977655846913854
2016-05-17,453.545777030976,7055125032.8823,1954500081.6820314,6,0.026868577119361248,0.21693467339973146
2016-05-18,454.486184102864,7071491931.675455,2063488865.9637613,6,0.029411123257383452,0.22588869223425576
2016-05-19,437.724187142022,6811999978.674024,2146305751.787993,6,0.03311570923225072,0.23958835703604625
2016-05-20,442.396799240211,6886364549.898186,2076141897.3139324,6,0.030866677816766223,0.2316474648628831
2016-05-21,444.078207188778,6914102782.413871,2102394272.52054,6,0.03154168778847894,0.23317195799115512
2016-05-22,440.558668848627,6861331685.040703,2117958651.6305068,6,0.032288777329887816,0.23587149676860472
2016-05-23,444.205057276447,6920120048.621805,2036314818.7609737,6,0.03002679349232416,0.22735774322177585
2016-05-24,445.674454938632,6944649150.4519615,1981421943.2464027,6,0.02861608460765451,0.22198142076699892
2016-05-25,450.54952717709,7022168560.478537,1945420721.7416275,6,0.0277949500803189,0.21693909706578213
2016-05-26,454.43372238457,7084240509.987028,1954214831.5870864,6,0.02756607048542959,0.21621115088087003
2016-05-27,471.820117299825,7356919396.270896,1834582756.1733491,6,0.023753193656346577,0.1995955313664904
2016-05-28,530.910597895967,8280061035.238691,1885581923.23461,6,0.022365603278483547,0.18548575146079999
2016-05-29,527.54971244886,8229583541.719103,1960668593.6577022,6,0.02347079084759296,0.19240628863843148
2016-05-30,533.493149035652,8324219565.025169,1983236115.961037,6,0.023769489027611057,0.1924079207654942
2016-05-31,530.943692811221,8286125543.839599,2094746594.3598943,6,0.02645617968003675,0.2017890757609521
2016-06-01,537.613678842782,8392142056.815208,2104065428.116867,6,0.0258795855818262,0.2004595880118964
2016-06-02,538.771243191116,8412070380.875515,2094827059.3795812,6,0.02566570264266772,0.19937636883688103
2016-06-03,570.175988252484,8904430485.98866,2116085895.002604,6,0.024361905411758956,0.19201331605953914
2016-06-04,574.26620163647,8970015733.465609,2100712081.000944,6,0.023898337260674037,0.18975374665574032
2016-06-05,575.137638047925,8986071871.279703,2112924140.333367,6,0.02422496799383006,0.19037074507663382
2016-06-06,585.857149035652,9156045666.777384,2120289229.3383706,6,0.02388217152474528,0.18802999812188312
2016-06-07,578.469240677966,9042608670.669744,2169130534.8412004,6,0.025129115502309878,0.19346958532312278
2016-06-08,583.097585330216,9117057925.561043,2158239761.2756,6,0.024873487050471963,0.19141310688366472
2016-06-09,577.101699707773,9025689433.957924,2165730750.0429745,6,0.025089521448567444,0.19351706168079308
2016-06-10,579.814993571011,9070211832.259975,2125812610.7134633,6,0.02405849989006861,0.189872094468998
2016-06-11,605.44955698422,9473581895.175615,2164299688.574052,6,0.02350250374305381,0.18597024492809155
2016-06-12,670.39237434249,10492201176.714144,2290430470.1889625,6,0.023529742609693673,0.1791830143790362
2016-06-13,704.321778141438,11026059609.860653,2467651117.5865874,6,0.025092258626807366,0.18287416763479272
2016-06-14,684.948319403857,10725031133.659044,2708410361.1296062,6,0.027356069129412314,0.2016170139409401
2016-06-15,695.001468439509,10885085966.449415,2611585206.083169,6,0.026488187505669128,0.19349846882230276
2016-06-16,767.420031268264,12022161320.349192,2833326660.8399725,6,0.02701110933930247,0.19072592327008622
2016-06-17,750.014633927528,11752287633.59202,2388980958.433733,6,0.02060562144715103,0.16893682082955958
2016-06-18,758.28878012858,11884933872.638653,2057422695.777409,6,0.014848678341181518,0.14756635190625778
2016-06-19,766.767132670952,12021211098.17071,2180173538.478518,6,0.016065442622738502,0.15351837826096112
2016-06-20,722.497452367037,11330122758.994787,2058428293.0883174,6,0.016184345146758865,0.1537454116640986
2016-06-21,669.604204675628,10503151148.649952,2097345533.4600103,6,0.019490227127239863,0.1664494334130334
2016-06-22,594.832974634716,9332237048.747288,2143345360.092991,6,0.022235073582427597,0.18677442971799438
2016-06-23,627.677855639977,9849731876.213673,2147568117.4205713,6,0.021982951998802503,0.17900428584432074
2016-06-24,664.126985680889,10423845685.070345,2255950058.5142193,6,0.02165942148988501,0.17791690845301145
2016-06-25,668.872684102864,10501041019.00779,2240417042.0525556,6,0.021452445645496438,0.17583678659976754
2016-06-26,630.4342421391,9899873513.681553,2221341207.3000445,6,0.021970311147171205,0.18326061029633806
2016-06-27,652.244807714787,10244767519.42704,2328493773.5150795,6,0.02157044294303385,0.18519409716094562
2016-06-28,647.218768381064,10168218550.195312,2162232515.7223945,6,0.01883141204363905,0.17535713042152754
2016-06-29,638.586345645821,10034928538.061169,2158981063.11291,6,0.019906984603153162,0.1770540485969352
2016-06-30,674.284814728229,10598433062.777256,2141790781.1751783,6,0.018474056986385514,0.16811249216722746
2016-07-01,677.512385739334,10651789500.955149,2144075029.707774,6,0.018120002863088423,0.16755999757342654
2016-07-02,702.739316773817,11051022772.079668,2124355233.047366,6,0.017234706324840934,0.16123675785398336
2016-07-03,662.55008591467,10421572370.090048,2074671520.8270617,6,0.017822416683486456,0.16602360988929127
2016-07-04,679.842453360608,10696138828.810429,2061773516.374305,6,0.016795897876940122,0.16160743706257613
2016-07-05,668.165981297487,10514851946.741264,1964556351.0978112,6,0.015744119438105948,0.1574238380707515
2016-07-06,677.651333138515,10666493627.992905,1967286253.5164187,6,0.015581830528349867,0.1557163629545042
2016-07-07,640.053236119229,10076877246.439484,1900983976.0770593,6,0.015800648490768357,0.15870813167408393
2016-07-08,665.051708357685,10472859283.711636,2032105101.5704205,6,0.017065905750162032,0.16250386958015997
2016-07-09,651.941914026885,10268410207.252647,1976623627.2855678,6,0.016800536672682036,0.1614224716725832
2016-07-10,649.959340970193,10238451113.804316,1979383358.7995117,6,0.016864970962148836,0.1620077079320319
2016-07-11,650.272594681473,10244547989.054478,1921588961.5620482,6,0.01624934511448073,0.15794569544646386
2016-07-12,670.023127995324,10556900220.416677,1952143683.7489846,6,0.0157507224651819,0.15605858438940304
2016-07-13,658.333613383986,10373781515.222033,1961893141.7078443,6,0.015869268027410784,0.1590422247887108
2016-07-14,660.905960198714,10415480467.018541,2039422046.5044494,6,0.017455387634631364,0.1637445210261689
2016-07-15,666.758671127995,10508840826.728903,2082494099.1787086,6,0.01798777591868236,0.1653910495934646
2016-07-16,665.275622150789,10486771967.510086,2079878520.0644336,6,0.01761475317723575,0.1655077876257438
2016-07-17,681.089601987142,10737317029.688564,2024638170.3369262,6,0.016527471963652896,0.15864639380123213
2016-07-18,675.118579193454,10644433355.51182,2012127893.2541947,6,0.016415896922388325,0.1589790349610462
2016-07-19,674.660360315605,10638288184.507572,2041741220.5954878,6,0.017305930214288213,0.1610202275851026
2016-07-20,667.305364874343,10523563158.02516,2098403559.0051517,6,0.0187373138676424,0.1662501261529917
2016-07-21,666.851739333723,10517518017.163048,2127788421.796205,6,0.01911308150001829,0.16826705086724086
2016-07-22,650.562911630625,10261661310.934748,2271769381.1708803,6,0.02278777752006594,0.1812567873057924
2016-07-23,657.377942957335,10370234739.627321,2289614907.5803123,6,0.021972834278685818,0.18085640599099292
2016-07-24,661.393979836353,10434613478.864668,2149291183.836732,6,0.019233060659314943,0.17079684258950362
2016-07-25,655.119577849211,10336696888.097298,2261773438.3613067,7,0.021126364428131046,0.1795276235727806
2016-07-26,654.626339158387,10329969987.225431,2216057840.209801,7,0.018274982571439245,0.1766342200647603
2016-07-27,656.275146873174,10357038128.458858,2228700496.3790464,7,0.019902572804035904,0.1770814222997381
2016-07-28,656.196453360608,10356911756.936108,2232062298.1717625,7,0.01964076930017554,0.17730295482387795
2016-07-29,657.557567504383,10379602821.876986,2254126257.9983234,7,0.019584616553091926,0.1784212914292263
2016-07-30,655.361730157803,10345916190.862837,2206316863.495481,7,0.019102062390026705,0.17577086514733054
2016-07-31,624.804487142022,9864724773.474176,2144349235.3807757,7,0.01911976656281467,0.17856074779784262
2016-08-01,606.50924792519,9577030363.562576,2094825190.8889549,7,0.018148164252130682,0.17947662058669062
2016-08-02,526.981148334307,8322263415.354218,1829602275.8520908,7,0.015856557011299486,0.18022325467100284
2016-08-03,570.347040911748,9008295636.527138,2057251995.121972,7,0.018483526229055528,0.18591506390862444
2016-08-04,583.542158036236,9217820765.337202,2143048502.4294324,7,0.019296757887534946,0.18863420147873258
2016-08-05,581.279805669199,9183311868.828962,2165780807.4333234,7,0.01921029013402606,0.19083294755035893
2016-08-06,590.795402980713,9334869325.414349,2215851729.624731,7,0.018602229185553567,0.19183665842731532
2016-08-07,594.73232402104,9398174944.82988,2132153835.7378814,7,0.018534894153892208,0.18491700248229112
2016-08-08,591.629283869083,9350234098.001303,2124242889.0339663,7,0.019116506232580564,0.18512764385113992
2016-08-09,587.932138223261,9292714922.542728,2221025842.091224,7,0.02093281357759494,0.19290219290965907
2016-08-10,589.968758328463,9326018819.417814,2181896490.0782366,7,0.020500403137029125,0.18959963046285097
2016-08-11,589.585884687317,9321071960.972263,2162993113.360595,7,0.019853529251365236,0.18834734036773554
2016-08-12,587.19164956166,9284313888.685236,2158272973.6337523,7,0.02009231005846245,0.18861757394571793
2016-08-13,585.363581648159,9256602279.37682,2161961484.15682,7,0.01977765220512777,0.18933742709930532
2016-08-14,571.387062536528,9036749863.28509,2119453050.0212095,7,0.019707462023693834,0.18997978671518082
2016-08-15,566.564441320865,8961511865.13138,2116588615.4804225,7,0.019696776685750907,0.19106060819584939
2016-08-16,578.414924137931,9149930417.512432,2127061386.6615567,7,0.019293999928512665,0.18861957369466748
2016-08-17,573.663744418469,9075653638.94603,2077537384.9739668,7,0.01882869267915313,0.1862729133320069
2016-08-18,573.263191992987,9070420226.495249,2062749608.0998545,7,0.0187644989281916,0.185279631834061
2016-08-19,573.958457919345,9082525897.222313,2074878515.6690335,7,0.018723156185388796,0.18596426542285263
2016-08-20,581.797070134424,9207694159.296354,2119622594.7339587,7,0.019414770643922788,0.18712486290981373
2016-08-21,580.79219257744,9192974031.110723,2096765946.9491208,7,0.019217803612975003,0.18572313897608936
2016-08-22,584.971897720631,9260287128.25507,2098015248.170539,7,0.018953291753337976,0.18471204398687366
2016-08-23,582.627747399182,9224249077.876867,2113483166.9094265,7,0.018877922569159537,0.18641145524329358
2016-08-24,578.701831677382,9163192930.241121,2101596406.9568212,7,0.019035861573699863,0.18656331193136919
2016-08-25,576.033436586791,9121877486.946257,2114308336.844602,7,0.01968446386922657,0.18816957729266867
2016-08-26,578.874653419053,9167825212.519114,2113550668.3245773,7,0.01948516861347457,0.18734866124915545
2016-08-27,570.200993746347,9031484019.237728,2095196877.4276893,7,0.019613771070826107,0.1883038524143893
2016-08-28,575.105232554062,9110255563.839924,2126242816.5399346,7,0.019139304461390706,0.18922646046499544
2016-08-29,573.429267562829,9084774574.864628,2137669523.328478,7,0.019109846880124844,0.19048163703240528
2016-08-30,575.695698421976,9121861557.011091,2136939934.7644196,7,0.019543286818253944,0.1898017241289352
2016-08-31,572.272758328463,9068583846.810713,2164930262.994582,7,0.020281457825943185,0.1927206608575761
2016-09-01,572.221702045587,9068776165.730122,2225549053.236516,7,0.02117317660136067,0.1970502008831069
2016-09-02,576.846767387493,9143179090.84213,2252569189.2848,7,0.02104871940385941,0.19766751019001186
2016-09-03,600.374406779661,9517044202.16175,2241183812.5704546,7,0.019811741623026412,0.19060557507155113
2016-09-04,610.538913325541,9679536501.882921,2284368986.2697663,7,0.019248087939752266,0.1909384012212294
2016-09-05,607.526964172998,9632847972.864058,2279104427.5921454,7,0.019380303701416364,0.19132920876218917
2016-09-06,612.995458270017,9720597611.282673,2251756580.544414,7,0.019128831592752665,0.1880796829483689
2016-09-07,615.659819111631,9764017563.17909,2239490883.5556407,7,0.018819485340779016,0.1865696928105083
2016-09-08,630.550172004676,10001305153.766212,2244947171.0239263,7,0.018095315208938815,0.18331707623559826
2016-09-09,622.977884044418,9882305092.323006,2258489004.259631,7,0.01871708917010515,0.18602481734661372
2016-09-10,624.752640444185,9911668531.040775,2298959259.844348,7,0.01944975237076359,0.1882752712813385
2016-09-11,608.246675920514,9651049157.894152,2219111814.6850777,7,0.019174073477357185,0.18694875493359833
2016-09-12,607.70737270602,9643730238.313738,2229694512.5846357,7,0.019586605260592208,0.18778865907378
2016-09-13,608.694296317943,9660647196.728384,2240970930.2402806,7,0.01960901197620661,0.18829128159996297
2016-09-14,609.41308766803,9673243560.642334,2253501174.9962835,7,0.01956297448421295,0.1889452004671935
2016-09-15,607.070262594974,9637224394.641556,2551028833.193325,7,0.01972925044298317,0.20930225074151085
2016-09-16,607.806438047925,9649967224.211348,2425853603.2069674,7,0.020741067062125598,0.20088519346850806
2016-09-17,607.381449678551,9644457346.260689,2436760797.7269998,7,0.02109015599262623,0.20169826988346143
2016-09-18,611.533460315605,9711494483.764973,2384343705.5108657,7,0.020347911332107154,0.19712099882625936
2016-09-19,608.871306312098,9670230232.928843,2442106160.611982,7,0.021396620212349532,0.2016213950195678
2016-09-20,608.371748626534,9663444447.739107,2574753851.1494546,7,0.024190019809935896,0.21038667524968005
2016-09-21,596.945756633548,9483191383.893663,2485021286.3981166,7,0.023068089125325583,0.2076351210374617
2016-09-22,595.564716540035,9462301606.76385,2443648608.707987,7,0.022158258746569473,0.20524599586620598
2016-09-23,602.378784921099,9571587218.917587,2519572636.98972,7,0.022194551930637584,0.20838138499663844
2016-09-24,602.687359731151,9577740940.488804,2508135348.1965084,7,0.021505966982885382,0.20752614773531994
2016-09-25,600.610054880187,9546117896.707888,2595057564.4265904,7,0.021787097645147444,0.21374022414334723
2016-09-26,606.778810637055,9645324787.899807,2528888653.3133583,7,0.021197421024125872,0.20772501365487425
2016-09-27,605.151613734658,9620722203.564297,2626386068.764028,7,0.02164431329885711,0.21444948557352142
2016-09-28,604.686494389246,9614446389.372383,2801834391.1494393,7,0.022025200220065738,0.22565810492501492
2016-09-29,605.202561952075,9623733604.422766,2741720400.88508,7,0.021700992116348673,0.22172420031712559
2016-09-30,608.865840736412,9683066604.838776,2693183815.81993,7,0.02177770023086981,0.21760902731286116
2016-10-01,615.408478842782,9788324852.837257,2606739081.2307754,7,0.021509965079503,0.21030460956850017
2016-10-02,611.748578316774,9731190837.240904,2643624760.7844787,7,0.02171475640912406,0.21362942662404721
2016-10-03,612.590347399182,9745737268.449846,2635317471.6216397,7,0.022038431763020998,0.21285080527851893
2016-10-04,610.007881355932,9705857423.9346,2564340233.5816326,7,0.02184567854195596,0.2089893174630989
2016-10-05,612.147780946815,9741183302.076601,2484759472.9188485,7,0.021373052764326567,0.20323663529659972
2016-10-06,611.76086277031,9736257394.045553,2458476972.8446608,7,0.02104250641933211,0.2016015190556052
2016-10-07,617.905705143191,9835157903.195011,2449580365.226323,7,0.02053783946273043,0.19940028934300688
2016-10-08,619.301001753361,9858675006.110096,2406875386.3763757,7,0.019769875394688805,0.19623052446556002
2016-10-09,617.101041320865,9824887958.640614,2421549657.6820564,7,0.01958477858511477,0.1977350257722697
2016-10-10,618.0852,9841514816.562908,2431530149.5317965,7,0.019047937424712807,0.19811955030305017
2016-10-11,642.981387258913,10239043682.012732,2447326291.872911,7,0.018297229879211434,0.1929098943914318
2016-10-12,636.59793220339,10138537354.268984,2446492457.149573,7,0.018577828789412023,0.1943970331265993
2016-10-13,635.444095324372,10121177916.067327,2448391879.419305,7,0.018819231225216386,0.19478724564610406
2016-10-14,639.586090298071,10188237763.530691,2458607463.5109534,7,0.018613572218858346,0.19440480367814794
2016-10-15,637.283759322034,10152694136.809776,2438235370.545284,7,0.018762629806327445,0.19365014863445745
2016-10-16,642.913042548217,10243420099.577934,2450979966.343923,7,0.018605629252548397,0.19307568326317237
2016-10-17,639.137536469901,10184264279.6167,2428477342.3042593,7,0.018726675270677604,0.19254159128127726
2016-10-18,635.576508591467,10128752915.953718,2527479006.2512703,7,0.01974596762137834,0.19970233018698735
2016-10-19,629.640708036236,10035141891.057276,2511742644.7456913,7,0.019046585776431292,0.20018855179374187
2016-10-20,628.598901110462,10019590594.072344,2598474375.4169374,7,0.01918945704305295,0.2059328733605428
2016-10-21,630.90620338983,10057661337.450005,2557832481.9779286,7,0.019150086761084394,0.2027532586983517
2016-10-22,654.508630976037,10435141081.461397,2527211711.8820696,7,0.01840137473371066,0.19496550913039984
2016-10-23,651.961956750438,10395711779.677055,2539367304.405989,7,0.01834004934463389,0.19631633389321504
2016-10-24,650.027167153711,10366022953.71365,2524072342.1179714,7,0.018347607245580506,0.19581487058006483
2016-10-25,655.792505084746,10459102589.22524,2456259396.614348,7,0.017271688860112076,0.1901812275418523
2016-10-26,675.109869316189,10768355905.425896,2461677933.815104,7,0.01702544801378402,0.18606739511985476
2016-10-27,686.523327060199,10951796742.256786,2411299228.075068,7,0.01671596056071146,0.18044465395059098
2016-10-28,690.390654938632,11014802220.446806,2325039061.4482603,7,0.016118933223365235,0.17429285793705965
2016-10-29,715.445469316189,11415870485.88642,2217835087.4508653,7,0.014555043095284674,0.16267294870942262
2016-10-30,699.333410987726,11160250070.845316,2351479926.719494,7,0.016067455765534436,0.17403248341576513
2016-10-31,698.897727995325,11154581487.060925,2312908920.145188,7,0.015706135803814525,0.1717401572387688
2016-11-01,730.578480011689,11661529206.407904,2284036970.6962037,7,0.01479266479155626,0.1637823048336428
2016-11-02,740.367055523086,11819005784.7067,2306273941.7998886,7,0.014633391429789346,0.16327279788109852
2016-11-03,689.939206954997,11015326935.81564,2302807828.3509793,7,0.015753360347544865,0.1729076833301647
2016-11-04,705.432016656926,11263702567.809874,2339801457.5108457,7,0.01581186821554846,0.1719999092260115
2016-11-05,706.819325569842,11287152646.526196,2354486384.9538245,7,0.015764315830772924,0.17259556417821295
2016-11-06,715.896879777908,11433480682.430628,2320417928.7863684,7,0.015356839690624203,0.16870983234484155
2016-11-07,706.181216773816,11279602080.23292,2336643746.4954414,7,0.015457344980112527,0.17160704765690013
2016-11-08,711.835846580947,11371425389.707573,2327582196.8229175,7,0.015254653851841082,0.16990881873162153
2016-11-09,721.50150993571,11527158053.369602,2292442863.5048323,7,0.014771232631965166,0.1658834344995913
2016-11-10,713.407615604909,11399343106.154873,2271399890.654507,7,0.01474670478068304,0.16615043463143372
2016-11-11,715.703310637055,11437483628.03898,2261342680.932109,7,0.014377542061678765,0.1650756517331124
2016-11-12,703.847551139685,11249497647.672243,2224493333.7252717,7,0.01404907967740742,0.1650953556965012
2016-11-13,703.626435300994,11247212520.857395,2255081714.138719,7,0.014379330040977223,0.16701470690024317
2016-11-14,705.643584161309,11280973045.061352,2234666370.1530037,7,0.014195875342659073,0.16533930075387132
2016-11-15,712.3471528346,11389530640.510002,2238407092.668612,7,0.014377439047177365,0.16425134429686894
2016-11-16,742.050117592051,11866029637.542957,2183934238.262951,7,0.013506611407606579,0.1554405589628379
2016-11-17,735.318080537697,11759839928.483047,2173212444.824703,7,0.013516229538364571,0.155975330214651
2016-11-18,749.57872729398,11989295191.841568,2154759253.9481797,7,0.012698059039532713,0.15234381783573986
2016-11-19,751.213819403858,12016781422.212252,2148481753.1240463,7,0.012913082290753823,0.15167256171172683
2016-11-20,730.350813617767,11684215201.375418,2132291769.3571806,7,0.013129186750817352,0.15432929421843003
2016-11-21,736.506983927528,11783981824.937866,2118330108.3276932,7,0.012949725372906866,0.15237250599009625
2016-11-22,747.997677966102,11969083798.737316,2138446901.932183,7,0.013173579707298303,0.15158194210633186
2016-11-23,741.240317942724,11862317940.850012,2107450950.4889975,7,0.013207794897872622,0.1508579681511823
2016-11-24,737.35497597896,11801632651.3492,2023229977.9206717,7,0.012506027009098473,0.1463472030193709
2016-11-25,739.685200175336,11840334132.942488,2051325233.5551884,7,0.01272685065325792,0.14766596123875173
2016-11-26,734.652925891292,11761186228.25124,2046636452.0626605,7,0.012675449784520919,0.14822296747629823
2016-11-27,727.741115838691,11651843795.124857,2008001307.4146316,7,0.012249738702350963,0.14700029849103677
2016-11-28,730.082483752192,11690828044.04396,1969215843.2841625,7,0.011891388497401002,0.14415882258701418
2016-11-29,731.646435710111,11717234335.108929,1915787532.3391032,7,0.011164322286219809,0.14052552331875046
2016-11-30,742.20445131502,11887637165.36728,1971944925.0838916,7,0.011596827954611805,0.14228025868417069
2016-12-01,753.674910111046,12072731073.248068,1948116083.4339478,7,0.011220205218599968,0.13894424934983476
2016-12-02,772.302382729398,12372495475.0148,1867117504.3527417,7,0.009932952505066072,0.13112136594288748
2016-12-03,766.110468147283,12274946446.740051,1886801450.4524531,7,0.010303973269802586,0.13323224393978247
2016-12-04,766.380139099942,12280685032.174324,1825457705.7876842,7,0.009752982026860483,0.12940870794360176
2016-12-05,752.670726241964,12062431723.948215,1743721211.2692451,7,0.008946168446479821,0.12630029664681386
2016-12-06,759.117325774401,12167169392.183828,1972263260.4521573,7,0.010244797694553102,0.13948673252349147
2016-12-07,764.987650087668,12262923083.656824,2092144186.6632845,7,0.010922253891100867,0.1457425553824403
2016-12-08,767.659224634717,12307255552.189903,2024286185.3094494,7,0.010765544397470453,0.14124692390999227
2016-12-09,771.902321098773,12376584249.493677,2059950697.344975,7,0.011001943764106814,0.14269010568883553
2016-12-10,775.474561309176,12435140630.466925,1980818575.5530024,7,0.010473409718842091,0.13740456304328585
2016-12-11,770.496150496786,12357110240.990784,2022937459.9365327,7,0.01068103810679341,0.14067668633714484
2016-12-12,778.506599064874,12487098790.320066,2029933835.2264721,7,0.010945526923004554,0.13983118227992886
2016-12-13,778.930694564582,12495634322.765184,2021676143.164108,7,0.010796931106031901,0.13925968917650305
2016-12-14,776.963961484512,12465433894.538868,1992824517.9405072,7,0.01060524566650477,0.13783295754490305
2016-12-15,776.176781998831,12454036745.728294,2042755057.077322,7,0.010065423481097128,0.1409108363329037
2016-12-16,782.230215897136,12552466736.264204,2065524965.7384367,7,0.010045007261324549,0.14130018732022287
2016-12-17,789.60293220339,12672198174.115372,2011037041.4720654,7,0.009874335288809944,0.13696144016934278
2016-12-18,790.632966526008,12690122503.858097,2054532231.6060677,7,0.010001344026848777,0.13934081661908718
2016-12-19,790.279031677382,12685933293.70491,2024319502.83418,7,0.009629402440554222,0.13761282901341068
2016-12-20,799.777520748101,12839787154.972616,2019413276.5615995,7,0.009534639031460396,0.13590322614371617
2016-12-21,828.4836792519,13302288135.98647,2030852109.855132,7,0.009523332648702887,0.13244854460950398
2016-12-22,858.50143395675,13785965063.437328,2001707527.858215,7,0.008833872344110871,0.12678927285088537
2016-12-23,915.562438340152,14704000146.30472,1954235175.8780425,7,0.00782795287481138,0.11731345716287883
2016-12-24,891.155272063121,14313545362.84699,2011574593.488785,7,0.008127271451924092,0.12321959035333724
2016-12-25,896.003279310345,14393261024.898216,1992763873.0096846,7,0.008037189550892557,0.12161362413553468
2016-12-26,903.201246639392,14510491264.44795,1994100554.3715446,7,0.008016299802942689,0.1208209555414606
2016-12-27,925.950810461719,14877782797.919584,1985825667.837912,7,0.007725833386960681,0.11775805112353283
2016-12-28,979.960973991818,15747603995.545294,2078278358.243832,7,0.007779509687072897,0.11658768508601015
2016-12-29,973.462559438925,15645002161.928385,2177142158.1204605,7,0.008528930061644024,0.12215938323826198
2016-12-30,961.182658153127,15449532066.495375,2166286736.149052,7,0.008550857381045657,0.12297394520337916
2016-12-31,968.970597019287,15576503794.393776,2161330105.738835,7,0.008386559558005668,0.1218485931206446
2017-01-01,997.257357977791,16033166928.507767,2147253669.8368666,7,0.008200342371556682,0.11810803046175833
2017-01-02,1017.07788609001,16353848176.394016,2197832750.3008513,7,0.008237772742321051,0.11847081453078943
2017-01-03,1032.60905318527,16605694521.70078,2336421390.499564,7,0.009391232568023829,0.12334532220841858
2017-01-04,1134.49644535359,18246345823.222515,2533203668.772298,7,0.009756427564257045,0.12190849805228926
2017-01-05,1000.49812893045,16092973484.822357,2363378158.8767614,7,0.010219703181639913,0.12805229356819303
2017-01-06,892.463955639977,14357044093.610928,2298186852.5813704,7,0.011345928261817663,0.13798588923840646
2017-01-07,903.453283635301,14535387579.870792,2271290797.4177337,7,0.010985343430121546,0.13514215875559393
2017-01-08,912.484997077732,14682600907.602928,2310665664.149587,7,0.011439746804032182,0.13597536732522922
2017-01-09,903.508666803039,14539700661.885653,2313599336.423813,7,0.011471753338948423,0.1372787131692836
2017-01-10,906.498947399182,14589634708.700304,2404609133.5808635,7,0.011724632712095515,0.14149550611944664
2017-01-11,788.314655990649,12689026925.135504,2218265882.028949,7,0.01265032252408323,0.14880407265917855
2017-01-12,807.109833547633,12993296880.857473,2234282816.1649547,7,0.012107725240435387,0.1467260628819327
2017-01-13,826.746927410871,13310975741.1082,2250686673.009474,7,0.01186944241862509,0.14463022093112826
2017-01-14,820.045157276447,13204837500.057323,2271181540.4803042,7,0.01192479199845943,0.14675489442932377
2017-01-15,824.547065166569,13279051045.178684,2266374437.8744736,7,0.01197187876651648,0.1457904410751035
2017-01-16,830.838035067212,13382120128.68228,2229714048.436965,7,0.011571010068954498,0.14282204276194793
2017-01-17,906.026828112215,14594958398.362688,2325437683.348875,7,0.011306110322216182,0.13743399812385765
2017-01-18,881.259815371128,14197645178.668123,2311472920.2180243,7,0.011621723198904688,0.14001189563081368
2017-01-19,902.263869959088,14537996019.982504,2315896961.1154175,7,0.011564881339102101,0.13741020924440164
2017-01-20,895.174516189363,14425881540.143623,2330674513.5123844,7,0.011898052568701084,0.13909030626874364
2017-01-21,924.46825949737,14900046542.109077,2380114426.443075,7,0.011857804429419987,0.13773682032097972
2017-01-22,922.467077381648,14869799008.144333,2355667434.941971,7,0.011603766904187351,0.1367549286822043
2017-01-23,919.115744126242,14817362335.954388,2358739689.910926,7,0.011749130514606186,0.13732683273299867
2017-01-24,887.743193804792,14313248721.796082,2290707628.539269,7,0.01187955399836046,0.1379615544757201
2017-01-25,895.690033255406,14443045315.825674,2269410262.025286,7,0.01173770978409851,0.1357915508857321
2017-01-26,916.6674685564,14783083522.672855,2284458218.648112,7,0.01159184260216072,0.13384811083352316
2017-01-27,920.454463471654,14846112302.752869,2288222832.528373,7,0.011444480849280823,0.13354605325868188
2017-01-28,922.774948568089,14885292937.069485,2293442257.4810567,7,0.011447941449963106,0.1335047214773172
2017-01-29,915.63202314436,14771981709.629528,2285545307.9620686,7,0.01146202295315718,0.1339904257871005
2017-01-30,920.313260783168,14849161141.890284,2335305916.7505755,7,0.011495369291546875,0.135896324790376
2017-01-31,968.499105669199,15628390267.653969,2334282414.7711573,7,0.011054310877568304,0.12995184269293314
2017-02-01,987.532590414962,15937898190.3776,2362363636.4705677,7,0.010858183994124353,0.12908906215783006
2017-02-02,1007.7043659848,16265430337.177128,2369056743.4022684,7,0.01074517778237494,0.12713291936386414
2017-02-03,1015.30203945061,16389955943.816654,2368593881.1649666,7,0.010791967645134052,0.12626743022590167
2017-02-04,1033.78597299825,16690201716.68176,2405519493.2051864,7,0.011023536034952267,0.12597164918598158
2017-02-05,1014.56787574518,16381947061.863184,2378947542.3594394,7,0.011082974699297364,0.1268035236349548
2017-02-06,1023.3174811806,16524823455.991669,2400473887.137289,7,0.011078341106053628,0.12683942786287625
2017-02-07,1053.62445902981,17016217921.256577,2407929756.1299343,7,0.010902271876991897,0.1239657871286282
2017-02-08,1052.36764535359,16997840733.154907,2389938337.650427,7,0.010833469915689868,0.12327035133432397
2017-02-09,982.751939450614,15875484012.417988,2305290464.676765,7,0.011182776010717984,0.12679825425375085
2017-02-10,996.650153126827,16101828644.843328,2346996401.501313,7,0.011411595890747032,0.12721657859541224
2017-02-11,1011.37532220923,16341484984.268703,2364613671.7423205,7,0.011354366408426688,0.12640870313075542
2017-02-12,1006.29646487434,16261183420.522734,2351440210.6245937,7,0.011392008581879914,0.12633577389323944
2017-02-13,999.953184979545,16160716998.968723,2335154665.855466,7,0.011389395380633913,0.12625275024461316
2017-02-14,1012.2134635301,16360999468.01771,2509274979.4919314,7,0.012936101947047876,0.13297501244466994
2017-02-15,1013.90384050263,16390083679.675186,2512952509.435151,7,0.012835799600444103,0.13293909424364395
2017-02-16,1036.80686475745,16762275451.099981,2472222759.582311,7,0.012428044629836552,0.1285306605092151
2017-02-17,1058.66992033898,17117738325.423428,2451006963.2525334,7,0.012066303530949254,0.1252511046107224
2017-02-18,1060.66880488019,17152060499.02682,2410996999.8795433,7,0.012160511518604577,0.12324234082603527
2017-02-19,1058.78640035067,17123393628.768436,2448243774.3496127,7,0.012147316353032208,0.1250914128400709
2017-02-20,1088.68842922268,17609003081.472546,2424121607.4081726,7,0.011667565522489048,0.12100566661743331
2017-02-21,1128.85529316189,18260629743.43725,2430592525.7027493,7,0.01135020936529977,0.11746974123069885
2017-02-22,1129.70179064874,18276271622.23027,2431425411.8386073,7,0.011272763043285174,0.11741650497582415
2017-02-23,1188.86178550555,19235588833.46992,2481935879.870212,7,0.011147841457902954,0.11428263177459015
2017-02-24,1185.48889158387,19183431396.255405,2429464228.29194,7,0.01111572617355953,0.11240808591758618
2017-02-25,1151.60473687902,18637526262.688423,2467167242.5777426,7,0.011849056998106806,0.11690135381317528
2017-02-26,1181.71086586791,19127391989.752533,2561205219.759586,7,0.012404901852543738,0.11808994353200032
2017-02-27,1194.15245014611,19330923262.65187,2628598737.452278,7,0.013111259226826957,0.11970200159365087
2017-02-28,1188.39994073641,19240074535.18168,2631330339.5037456,7,0.013171790238927363,0.12030915958898099
2017-03-01,1228.45965061368,19890848403.357536,2761860191.6753073,7,0.014054742739119016,0.12192185230692068
2017-03-02,1262.93146738749,20451484173.712143,3041980133.925193,7,0.015206336767590173,0.12948197396908787
2017-03-03,1289.36319111631,20881944223.053173,3136120759.480354,7,0.015243729091443562,0.13057341470934528
2017-03-04,1268.94066440678,20553283951.317654,3014863698.97382,7,0.014724269946147665,0.12792111385709748
2017-03-05,1276.27368293396,20674403461.6224,3077265540.4970703,7,0.015123019053452445,0.1295599707213195
2017-03-06,1282.25465663355,20773565472.502632,3130761092.1053157,7,0.015387765335685692,0.1309704786555514
2017-03-07,1234.47646206897,20001880903.960197,3106801530.671129,7,0.015260807655896772,0.13444304059565026
2017-03-08,1152.13938924606,18669841118.503212,2827366075.206835,7,0.014475522956113474,0.13152248335002814
2017-03-09,1193.45552659264,19341556300.89032,2942248488.8714504,7,0.014913071423677766,0.13203528376910112
2017-03-10,1098.53014903565,17805304675.138165,3013297164.504896,7,0.017460551284380937,0.14474061167580118
2017-03-11,1176.822921391,19076489140.277233,3265858262.3640223,7,0.018223826081207664,0.14617346170071374
2017-03-12,1231.74835663355,19969225806.410828,3480318711.877152,7,0.01885094362263365,0.14841732679126876
2017-03-13,1239.39629631794,20095461364.369675,4048118023.238575,7,0.02303122400144534,0.1676685117085945
2017-03-14,1246.53656487434,20213663790.264263,4029838797.468102,7,0.022924514493562486,0.16622345648632764
2017-03-15,1258.65138147282,20412350079.661594,4603337085.43825,7,0.02754787585842192,0.18401801457848843
2017-03-16,1178.02075037989,19106964810.72016,5589294587.662788,7,0.03801001753268266,0.22632150470644805
2017-03-17,1072.08253816482,17390758588.155197,5436763539.058049,7,0.0411608656276471,0.23816704716175702
2017-03-18,962.569056165985,15616177573.012672,4422674812.631973,7,0.033495430986968756,0.22070499485291242
2017-03-19,1020.22025353594,16553582293.813684,5469037929.47673,7,0.042484255254333296,0.2483372947462833
2017-03-20,1037.7563458796,16839878321.345238,5362129808.162856,7,0.04030526381157292,0.24151553214847232
2017-03-21,1111.81826358854,18043669246.004883,5451945951.015497,7,0.03813475676260587,0.2320409959602544
2017-03-22,1037.30257013442,16836417663.129028,5350672382.59359,7,0.03971749835084788,0.24116152102718535
2017-03-23,1028.17285628288,16690135752.548922,5844952565.794631,7,0.04195887441013681,0.25937118520351404
2017-03-24,935.063496201052,15180766238.53874,6811504656.244525,7,0.056667896802605054,0.3097226606944109
2017-03-25,968.543329281122,15725921903.451391,6336244693.817925,7,0.051786336911008986,0.28719956700001426
2017-03-26,962.95805458796,15637233759.264332,6412012918.719774,7,0.05231862647263527,0.29080417178706097
2017-03-27,1042.91919777908,16937423477.86234,6206526721.671639,7,0.046830824158047735,0.26817058748236555
2017-03-28,1045.16293161894,16975887612.950308,6409251146.073235,7,0.04804665483390713,0.2740736846643734
2017-03-29,1039.68861578025,16888765398.051573,6736301978.605854,7,0.05093345690592348,0.2851336621059379
2017-03-30,1037.98766142607,16863262866.30244,7300968716.06563,7,0.049940849499980136,0.3021394945326104
2017-03-31,1081.74353109293,17575951028.326202,7803507778.98699,7,0.04625118179798293,0.3074733719987117
2017-04-01,1089.52477182934,17704176776.530594,8073298304.141937,7,0.04652084234624997,0.3131919739569507
2017-04-02,1105.56295575687,17966971908.710365,12036666167.980583,7,0.04413521814310129,0.40117355559396506
2017-04-03,1144.6647710111,18604950334.220818,8565630876.243563,7,0.03854770740911666,0.3152538699814278
2017-04-04,1141.92191870251,18562153298.20923,9123715803.817919,7,0.038735985213269444,0.32954413568147245
2017-04-05,1135.81164377557,18465129660.738804,9213245065.859495,7,0.03992383169161638,0.3328679937628626
2017-04-06,1194.59645938048,19423001888.39507,8593721962.821394,7,0.03618864119483921,0.306735434466163
2017-04-07,1191.73145108124,19378832835.411617,8887334883.482136,7,0.035604817896674246,0.3144159820979778
2017-04-08,1184.41772033898,19261932036.87983,9074792339.136515,7,0.03767650478587379,0.3202484598684682
2017-04-09,1213.63413980129,19739484515.005707,8763586352.425636,7,0.03618971474706599,0.3074611291248352
2017-04-10,1211.64987621274,19709437323.626095,8796756608.06003,7,0.03630317638739836,0.30859106021453026
2017-04-11,1229.78493290473,20007000413.811848,8694514062.868853,7,0.0357044604169119,0.3029287555516605
2017-04-12,1216.11436785506,19786756714.344746,9163580478.039076,7,0.038118820546133,0.3165275905819089
2017-04-13,1172.5583396844,19079940944.324066,9427461624.69091,7,0.04256785659883347,0.33070223082820344
2017-04-14,1174.33323354763,19110862529.702183,9144691565.144938,7,0.04011618902858323,0.3236422663823332
2017-04-15,1175.56218901227,19133066482.241875,9369226413.447906,7,0.04178719855605569,0.32871834023096275
2017-04-16,1173.6913798948,19104759790.45048,9218035550.612352,7,0.041047529846004745,0.32546348055016655
2017-04-17,1191.90120146113,19403226165.034466,9224559346.877226,7,0.04014517667622935,0.3222239925976459
2017-04-18,1202.13145803624,19571960689.193977,9343495117.247723,7,0.04150231838397524,0.3231315176144035
2017-04-19,1209.56090888369,19695082029.620502,8866919271.50336,7,0.03973912939286984,0.3104446070855148
2017-04-20,1235.80307451783,20124510671.795033,9014010401.33939,7,0.03992880984890539,0.3093503056903689
2017-04-21,1247.33607025132,20314924259.503906,9359164807.516012,7,0.03891826061737833,0.3153985548259974
2017-04-22,1243.55039257744,20255522192.61148,9310606560.051336,7,0.039091826779082475,0.3149078676461082
2017-04-23,1250.00148322618,20362991159.51824,9450236918.637783,7,0.03909658803912526,0.3169813377425545
2017-04-24,1257.23944225599,20482848937.33465,9579080722.72466,7,0.039853393497448854,0.3186449050691366
2017-04-25,1279.86471741672,20853825941.358646,9725034884.874931,7,0.03929706222012262,0.31803130077794894
2017-04-26,1296.48545745178,21127120044.9545,10089852846.980568,7,0.041270672565713276,0.3232168885147506
2017-04-27,1345.8899556692,21934673309.824898,11328918231.326044,7,0.04709446970362141,0.3405801269929271
2017-04-28,1347.98515552309,21971111453.645767,13332059271.35888,7,0.05436980947740556,0.3776448119974675
2017-04-29,1357.71525341905,22132640553.97397,14255323031.108915,7,0.05190951855451183,0.39175929693831046
2017-04-30,1381.9563722969,22530412834.84568,14988575680.995941,7,0.058253667916016806,0.39949306401656653
2017-05-01,1436.9414880187,23429544485.437237,15051831373.847116,7,0.054536430731773444,0.3911458734970252
2017-05-02,1463.81906846873,23870678471.227383,14845128006.83812,7,0.05305150710737966,0.3834384288300606
2017-05-03,1519.40894447691,24779696474.70419,16314545442.969404,7,0.05341225023301704,0.39700319756848784
2017-05-04,1539.8300515488,25115973329.482086,19724255587.28385,7,0.061984891060591726,0.4398785658275013
2017-05-05,1529.85044301578,24955664079.914165,21067644208.188374,7,0.059654163013863414,0.4577603173658544
2017-05-06,1573.28550961426,25667501899.429752,23736115921.546894,7,0.06071384555508228,0.480452990458294
2017-05-07,1526.26777171245,24903613050.38768,27113379488.921043,7,0.050211065570342786,0.521240813152197
2017-05-08,1685.08649631794,27498797785.21458,34445485991.797226,7,0.05305171124436027,0.5560720681797651
2017-05-09,1719.22801355932,28059281600.752792,29216416359.411377,7,0.05014854768427334,0.5101014461618903
2017-05-10,1782.499,29095216204.956818,33143809604.19177,7,0.0493965905881067,0.532524556310133
2017-05-11,1835.48754821742,29963230354.11553,32867504608.92529,7,0.04807433161732344,0.5231118914693434
2017-05-12,1704.66164108708,27830857573.165257,34970752771.54651,7,0.05014782470797683,0.5568448417101973
2017-05-13,1779.84025669199,29061763163.496807,35829239633.130295,7,0.04960179689182621,0.5521449521349148
2017-05-14,1794.59355055523,29306338267.74101,36617196607.72357,7,0.04986087331112666,0.5554495322026756
2017-05-15,1736.88284611338,28367593222.56364,41292106419.507675,7,0.05230715590343271,0.5927689414636681
2017-05-16,1757.02694856809,28699495338.47457,49331555742.64302,7,0.05023159886901674,0.6322041682017092
2017-05-17,1808.74606469901,29547786219.069427,54054178833.68278,7,0.04800677002088099,0.6465658887273165
2017-05-18,1894.24726455289,30947901332.491673,52134455089.968704,7,0.05059288495426207,0.6275033272392205
2017-05-19,1967.54554769141,32149470136.858223,51305680100.39106,7,0.06333179761718663,0.6147694894148227
2017-05-20,2048.11767799532,33470233811.201008,54390205754.35366,7,0.06084649290212892,0.6190522836363901
2017-05-21,2045.22249316189,33426678945.809875,55856249775.08474,7,0.07223261195581339,0.6256095154505484
2017-05-22,2078.94350002922,33981601940.85976,52305692420.205925,7,0.07390044884500739,0.6061806991112142
2017-05-23,2257.28836382233,36901498030.8539,57222446068.34313,7,0.07490244259897044,0.6079478140868866
2017-05-24,2415.00722665108,39484489321.17492,56316179452.217865,7,0.07945097091348623,0.5878474563202511
2017-05-25,2319.60137866745,37929364613.17057,49222246479.71202,7,0.07789756363489507,0.5647887154633662
2017-05-26,2279.4185836353,37276668052.73387,50307143102.96681,7,0.07221277686716272,0.5743886049161998
2017-05-27,2044.30049982466,33435937257.82765,42215914316.96117,7,0.0761757136411338,0.5580288312603539
2017-05-28,2225.7008666277,36407455222.71084,46818757548.13514,7,0.07782570292677318,0.5625482163539668
2017-05-29,2284.71579748685,37377119026.09048,48772233289.80363,7,0.08486006908463935,0.5661358092509466
2017-05-30,2167.26447790766,35460507433.233086,48151475682.65238,7,0.10523575177330687,0.5758920418848918
2017-05-31,2299.43261025716,37627739544.79904,53064433116.485886,7,0.09963442747764807,0.5851048834684965
2017-06-01,2399.88763194039,39276677605.51852,62073984189.35095,7,0.09208193030100878,0.6124674776666651
2017-06-02,2479.4238943308,40582896889.35235,57959787991.349915,7,0.08932198916129154,0.5881693609375185
2017-06-03,2549.55195151958,41736862989.52304,56543104783.74239,7,0.08797914060887743,0.575326855155151
2017-06-04,2524.99383354763,41339921429.44849,60013480796.36466,7,0.09721556418537591,0.592121028780622
2017-06-05,2685.31891671537,43970314462.95908,60271718929.87715,7,0.09237503417832316,0.5781901692452899
2017-06-06,2871.34167735243,47021733324.255165,61643572576.30549,7,0.09208386366823558,0.5672792439632514
2017-06-07,2706.76000885447,44332089813.91061,60585222236.6062,7,0.09494076881029305,0.5774568662932855
2017-06-08,2802.56354681473,45906967852.94542,61892355180.96945,7,0.09219159666820011,0.5741441916244449
2017-06-09,2804.87226691993,45950079689.465645,62805345545.26045,7,0.09926619134928871,0.5774916093584122
2017-06-10,2916.3278597896,47781111553.67634,66789195655.32794,7,0.11828299276574093,0.5829537973873816
2017-06-11,2974.21455920514,48734955097.06732,68755712854.2931,7,0.11566983589983378,0.5852014807061703
2017-06-12,2665.43326995909,43680217096.06593,69441402304.71416,7,0.14601518105679814,0.6138649947954625
2017-06-13,2707.13782402104,44368428524.51289,70890280484.10011,7,0.14304832801720338,0.6150535703015956
2017-06-14,2443.82445137347,40057150815.085464,65702121577.93022,7,0.13971815229096196,0.6212421860635756
2017-06-15,2409.886764173,39505481201.248474,63787837215.26808,7,0.1419649017877593,0.6175407876630715
2017-06-16,2476.35909538282,40599749113.94862,65780511944.6031,7,0.14239846432514425,0.618352608745691
2017-06-17,2652.75536335476,43496562773.6185,69795330771.59172,7,0.13873773444337822,0.6160664155881481
2017-06-18,2508.21420742256,41131103916.58712,67998372129.59671,7,0.1397545959388804,0.6230981270433265
2017-06-19,2589.64221338399,42471293996.764114,70800595248.01817,7,0.13811999194357097,0.6250500077297819
2017-06-20,2733.22655628288,44830856447.15172,72865930371.63225,7,0.12779361911948536,0.6190987225829951
2017-06-21,2639.26131420222,43294240942.067116,65521154725.508194,7,0.12135132558307726,0.6021312914734188
2017-06-22,2686.64751431911,44076228598.23767,66751600743.88294,7,0.1191618779427569,0.6022999921601253
2017-06-23,2685.87047101111,44068852430.01314,68906167138.14487,7,0.12137276901306032,0.609923923018873
2017-06-24,2562.18914874342,42044207205.81661,64760121386.50017,7,0.11894864513054763,0.6063436027363299
2017-06-25,2497.72894137931,40990257366.11177,59359368844.01857,7,0.1105974073199748,0.5915255600426563
2017-06-26,2426.36505119813,39823410570.62217,56004156994.79444,7,0.10510925145938838,0.5844263651643171
2017-06-27,2530.34553600234,41534163466.451126,59595282402.08032,7,0.11108440222676372,0.5892970330278913
2017-06-28,2562.79226420222,42071787287.172806,64520693484.51134,7,0.12399610488884968,0.6053024849164689
2017-06-29,2540.44303161894,41708704320.70873,60592472806.92138,7,0.11572756670966836,0.592294971653422
2017-06-30,2452.71206428989,40273068762.93179,57716127290.95603,7,0.11287377857860002,0.5890050088707314
2017-07-01,2412.3662131502,39615542859.29813,54983495163.56572,7,0.10828346070290482,0.5812267895396214
2017-07-02,2518.8721873758,41370488523.31204,59343978808.06971,7,0.11375458354080314,0.5892299327047986
2017-07-03,2551.92743173583,41918817680.22454,58492106481.83144,7,0.10830312973684256,0.5825273193126816
2017-07-04,2599.74474991233,42709253031.521,57916664489.845665,7,0.10362741755846569,0.575564088422327
2017-07-05,2608.10489117475,42851453105.79121,57814141554.36977,7,0.10209032713811766,0.5743187804089938
2017-07-06,2603.19547369959,42775411503.23489,57793444266.17425,7,0.10243411059965266,0.5746654252354908
2017-07-07,2495.78092220923,41015005023.0548,52318838954.20366,7,0.09622696436294556,0.5605559218899371
2017-07-08,2553.4941581239,41968715692.8856,53084453525.68429,7,0.09563212372587507,0.5584711584273356
2017-07-09,2506.17321355932,41195281327.55584,51758040168.63363,7,0.09494984364439643,0.5568175438545829
2017-07-10,2319.36689736996,38130359538.742516,43200126415.469986,7,0.08781172380382438,0.53116769079421
2017-07-11,2319.16744061952,38132095672.12927,41427670316.61707,7,0.08317293927952941,0.520711314340429
2017-07-12,2374.88626645237,39053487321.79894,46920403700.25414,7,0.09279396573402382,0.5457517758294623
2017-07-13,2343.73834824664,38545879294.01801,44935506946.659805,7,0.08783475820584663,0.5382697744993142
2017-07-14,2214.82523728814,36429580814.58528,42867214556.354576,7,0.0890575164145689,0.5405920170648443
2017-07-15,1989.63319023963,32728766809.625706,38989920558.05055,8,0.08573169201231766,0.5436507832074933
2017-07-16,1910.74954161309,31435051662.128307,34742387231.63746,8,0.08118330276278074,0.5249883920018301
2017-07-17,2215.74629614261,36456861657.86568,41115187670.465126,8,0.08539861221164975,0.5300258021602772
2017-07-18,2303.7611458796,37909768672.15024,45644245783.17876,8,0.09931049463803526,0.5462842938274597
2017-07-19,2257.06523588545,37145563305.32494,39929182506.4565,8,0.08491190369261868,0.5180579200866211
2017-07-20,2823.89792635885,46479908648.67812,46323076093.27158,8,0.07936092239048421,0.4991550241846066
2017-07-21,2666.1397182934,43888421935.82964,45231556119.06635,8,0.08109629885196074,0.507535539239077
2017-07-22,2829.75405496786,46587404300.74615,48751598305.50839,8,0.08198018990063707,0.5113499928969273
2017-07-23,2753.24386493279,45333705063.6581,48097381662.0593,8,0.08301611270489602,0.5147899200108548
2017-07-24,2755.1595242256,45371377698.71976,47275946173.38569,8,0.08192417210958342,0.5102785941086387
2017-07-25,2558.69299894798,42140742567.94084,42775789220.25176,8,0.07983265150727678,0.5037392403984122
2017-07-26,2522.32464628872,41546403805.856255,42647597862.95537,8,0.08026590393280113,0.5065396229854403
2017-07-27,2665.14754649328,43904037844.165405,42512747623.78694,8,0.0761271114910679,0.49195011586670034
2017-07-28,2793.83348486265,46029171038.01704,40236714749.47094,8,0.06853956224732982,0.46642672688242287
2017-07-29,2706.4507654588,44594828238.11445,42291341256.82135,8,0.07611256431288731,0.4867442252622994
2017-07-30,2749.3845277031,45307309969.06875,40569771366.54021,8,0.07156944151440207,0.4724167465355852
2017-07-31,2862.61129088252,47178370615.22996,41250565791.1183,8,0.07013205748486658,0.46648266356573465
2017-08-01,2727.38918199883,44954870203.73565,50590505734.73725,9,0.0827661619359198,0.529491932370598
2017-08-02,2690.14567197545,44346106068.054535,49483492023.77415,9,0.08088211222510804,0.5273761481461947
2017-08-03,2789.74631244886,45992799938.31519,49931534285.39367,9,0.08030439803701749,0.5205304231661009
2017-08-04,2860.27284324956,47161926533.84064,48214622638.23546,9,0.07743005872082796,0.5055186317471791
2017-08-05,3237.42336329632,53387777581.82047,52245555175.63873,9,0.07689438117824741,0.49459345655218345
2017-08-06,3230.11670894214,53272937538.04711,53553717994.84123,9,0.08235960799819024,0.501314187247525
2017-08-07,3392.56241864407,55958573635.89146,55463499233.506256,9,0.0794815306459344,0.4977783827313755
2017-08-08,3425.67661659848,56511797950.614174,60210239874.98346,9,0.08597485065841304,0.5158429461705226
2017-08-09,3347.21543161894,55223234127.2744,58685534152.77703,9,0.08867933393760034,0.5151976888073725
2017-08-10,3437.03215546464,56710810916.71009,58230392180.39567,9,0.08770281962904615,0.5066102547334649
2017-08-11,3660.52053728813,60404943871.399925,59516454831.18099,9,0.08465050240005978,0.4962955358683629
2017-08-12,3871.08240619521,63886112715.03264,58379692534.39046,9,0.07988828157018599,0.477481765366003
2017-08-13,4063.80105271771,67074148204.91928,56041593552.720024,9,0.07309489477621187,0.45519437849825284
2017-08-14,4304.60393120982,71055660577.93753,56751437094.03975,9,0.06966951207687729,0.44403979221635165
2017-08-15,4160.0305458796,68677106425.000496,54020304061.33812,9,0.06880682436302027,0.44027256848548446
2017-08-16,4364.67857463472,72062692116.97244,55812662788.13288,9,0.06886681125764334,0.4364614497418267
2017-08-17,4308.51686142607,71145078748.63457,57988162242.38718,9,0.06998365993206566,0.4490568175735551
2017-08-18,4108.50716218586,67850038464.24486,61470033801.2913,9,0.07121100650576662,0.47533250426177714
2017-08-19,4160.33245686733,68713761143.51765,61542693706.62538,9,0.07066896327652852,0.4724732741838306
2017-08-20,4085.8103943308,67489563565.01475,62824224072.50558,9,0.07292230957484472,0.48209959369193445
2017-08-21,3992.62603524255,65956080358.16499,67441688988.58333,9,0.08021488065953311,0.5055683413511837
2017-08-22,4074.33046125073,67310327158.72248,73448909635.95514,9,0.07723161961118837,0.5218052563263996
2017-08-23,4146.9153452367,68517713977.949295,74342831574.06447,9,0.07666215720221606,0.5203874259810743
2017-08-24,4325.81642799532,71479081623.50026,70508114747.21379,9,0.07499270574932011,0.4965807942508021
2017-08-25,4353.13177255991,71935931728.76527,71773384196.79803,9,0.07586028707523561,0.4994344572203954
2017-08-26,4341.97871677382,71757325229.35551,71528919531.36424,9,0.07656247118696895,0.4992029740943637
2017-08-27,4344.90344476914,71814078736.96461,72251451011.62347,9,0.07944006096673766,0.5015179629555458
2017-08-28,4379.76392068966,72397327204.40999,74574301054.43185,9,0.07929928535625533,0.507406102374357
2017-08-29,4600.45683097604,76053940775.73611,75816072585.73694,9,0.08113769728277363,0.49921686913455054
2017-08-30,4586.63273670368,75835035216.64296,78847396108.37627,9,0.08396058388799187,0.5097372431566055
2017-08-31,4740.35621770894,78386345981.64598,83059869627.29147,9,0.08198307579870467,0.5144739337122832
2017-09-01,4918.16624488603,81337302684.4743,84905615549.41821,9,0.07962337129985543,0.5107322251764238
2017-09-02,4595.02001782583,76002486194.54488,76087776236.84474,9,0.0759737315369866,0.5002803928434877
2017-09-03,4625.296314436,76512165470.08018,77216855224.84267,9,0.0762921907930588,0.5022919867425714
2017-09-04,4374.75349649328,72377228115.37831,69061977468.0027,9,0.07160623104698036,0.48828029811924667
2017-09-05,4454.05253769725,73700143235.54442,71320802490.61108,9,0.07222047719133522,0.4917965617552023
2017-09-06,4607.51652980713,76248805470.28902,76512242894.95367,9,0.07345055604074098,0.500862253262477
2017-09-07,4635.11187580362,76715672194.46527,76165240403.77565,9,0.07257949928264626,0.49819980211612125
2017-09-08,4345.45765634132,71931114925.08025,70495486286.69736,9,0.07134236183304081,0.4949601105897058
2017-09-09,4335.593449737,71776989941.96732,69340107626.6838,9,0.07040177480619329,0.4913657439202291
2017-09-10,4261.84352104033,70563390453.15257,68447757235.49301,9,0.07070384070831925,0.49239041885188195
2017-09-11,4212.54757334892,69756359191.37338,67813566580.993225,9,0.0707433012275976,0.4929388905334046
2017-09-12,4164.31943424898,68967526611.78394,66302277645.28617,9,0.07058245069065021,0.49014839645427205
2017-09-13,3887.11858679135,64385886678.335045,62765993042.67644,9,0.07125004766037855,0.493630083805238
2017-09-14,3247.4687390415,53797846714.2644,51123125859.671104,9,0.06938847639687422,0.48725364057834825
2017-09-15,3699.22294389246,61289969016.14447,56940360665.00073,9,0.06998773843456825,0.4816053614885699
2017-09-16,3711.23435067212,61496818023.18139,56720687797.71848,9,0.06876000583751442,0.4797993952236703
2017-09-17,3711.85620397428,61515288495.00573,56845004062.283424,9,0.06993678382345486,0.4802708985766414
2017-09-18,4080.42844301578,67629984373.809135,62880379657.16491,9,0.07268600196010913,0.4818037258883249
2017-09-19,3925.73619023963,65073733640.120926,61225630431.861694,9,0.07251792446227838,0.48476594384883026
2017-09-20,3895.777078609,64582823404.49912,59907311414.815125,9,0.07310067908990985,0.4812213554251907
2017-09-21,3617.24346580947,59973348985.81828,54589197765.54443,9,0.07152320760080609,0.47650125903730484
2017-09-22,3619.2137182934,60012303857.5266,55272651443.38913,9,0.07283143240605894,0.4794437513474066
2017-09-23,3775.60059409702,62613280673.65517,58472430998.17636,9,0.0755108480469759,0.48290116307570047
2017-09-24,3676.89694418469,60983077170.61433,57942201449.178345,9,0.07743233246028776,0.48721518353066995
2017-09-25,3918.73807130333,65000249826.28987,60581080516.868515,9,0.07517883915038653,0.48240515012324797
2017-09-26,3890.09093687902,64531789180.50936,60760160334.76087,9,0.07425875851807005,0.48494863851851544
2017-09-27,4207.78748538866,69809713133.19463,65816445668.92681,9,0.07376486854076937,0.48527840241315845
2017-09-28,4187.76979631794,69486873129.74437,63983805836.66681,9,0.07222794337303846,0.4793847332774023
2017-09-29,4155.01011981298,68952075464.79512,62099892785.0657,10,0.07015237664571462,0.47385700203042663
2017-09-30,4334.54461250731,71938913742.75099,63526869187.05051,10,0.06959291039239343,0.468951404650798
2017-10-01,4382.08689801286,72735077239.78511,63879296552.08087,10,0.06912715845696565,0.46758840068616736
2017-10-02,4386.8757150789,72822788727.59785,62887377375.00172,10,0.06756132392606168,0.4633947417576485
2017-10-03,4306.56464202221,71499464247.84378,62050195470.32513,10,0.06771687556748347,0.46462264000724696
2017-10-04,4216.68482144944,70014303217.84541,62169211431.79799,10,0.06928502925418895,0.4703249992752837
2017-10-05,4319.42091583869,71726893837.48569,65291002871.025116,10,0.06832033082125764,0.4765144148280419
2017-10-06,4365.91571040327,72507648477.25464,66738293984.44258,10,0.0704011836755019,0.4792835812993293
2017-10-07,4438.85593308007,73727781715.95786,67952877500.31031,10,0.07018464497570873,0.47961999807315814
2017-10-08,4600.73979661017,76427080461.49495,70788672851.79727,10,0.06712207632363049,0.48084984968389044
2017-10-09,4777.53465692577,79373595751.18407,65801154711.22041,10,0.06199220801848842,0.4532548153286529
2017-10-10,4741.07791496201,78777388381.59265,67052483450.92781,10,0.06281393403520584,0.45979937174967006
2017-10-11,4814.96711805962,80013491738.5039,68156667140.71087,10,0.06272882414216419,0.45998916149014024
2017-10-12,5393.66898275862,89640478588.78908,66985045584.0457,10,0.05612549805067238,0.42767643356856916
2017-10-13,5614.07751461134,93313118335.9517,71424534359.40279,10,0.05987073291081079,0.4335653276029525
2017-10-14,5785.73831502046,96176536827.74106,71894271438.96721,10,0.058633814291647816,0.4277617998057081
2017-10-15,5689.86505961426,94596701288.40845,72440221365.55206,10,0.05892809465017294,0.4336778971654174
2017-10-16,5756.14881180596,95711219683.11389,73305639189.67711,10,0.058092145634139704,0.433717912393875
2017-10-17,5590.41632437171,92966938475.27011,69986866600.11168,10,0.05646697704966716,0.4294889988468575
2017-10-18,5583.8704257744,92868621710.0148,67313704266.24991,10,0.0561067674836294,0.42023178185228893
2017-10-19,5708.31299094097,94950999937.29616,65749613869.825294,10,0.054019670934707296,0.40914351421669304
2017-10-20,6000.88313033314,99830983341.49811,64110515719.11966,10,0.05067668163936123,0.3910572740061053
2017-10-21,6030.20789275278,100330364282.38658,64672570497.97799,10,0.04974363977535718,0.39194800131321095
2017-10-22,5996.59813880772,99784808761.18233,62944105024.27489,10,0.0491716263984467,0.3868034485086085
2017-10-23,5888.25001665693,97994456562.60483,61099104901.83836,10,0.04844771767400242,0.38404511370181244
2017-10-24,5517.77535330216,91840397164.74435,63964549764.621475,10,0.0538625308371698,0.4105424829265517
2017-10-25,5736.01780157802,95486189643.46216,63747283590.194565,10,0.05194613839836741,0.4003384608502057
2017-10-26,5900.31772910579,98234529051.36247,63495683305.70299,10,0.05018996260535251,0.3926024852148107
2017-10-27,5771.94504617183,96104752753.63956,63896252252.68983,10,0.051468954998694055,0.3993490681521794
2017-10-28,5762.38857685564,95951756985.02435,64048145219.753365,10,0.051204551779086636,0.4003011522955846
2017-10-29,6174.72884482758,102829680333.08315,65692807233.67042,10,0.04928748524136725,0.3898162683342114
2017-10-30,6119.25638398597,101917124316.81868,66038828372.37331,10,0.05003170772095499,0.39319135353648543
2017-10-31,6428.51463705435,107078955661.09212,65131398962.02329,10,0.047407341724717056,0.37820837837866483
2017-11-01,6726.41183459965,112054108123.36008,64221694098.56719,10,0.04319095207870371,0.3643250706510104
2017-11-02,7043.77793892461,117354261151.30888,65364605048.33771,10,0.04039126870236165,0.35773320187373253
2017-11-03,7198.63211075394,119944947796.13876,69643886646.2307,10,0.042488547728966555,0.36734171002776433
2017-11-04,7420.498078609,123653778148.13254,68069315044.833755,10,0.04043352034390945,0.3550397289716323
2017-11-05,7371.13902980713,122844259916.039,67617255474.22455,10,0.040198485771692744,0.35501794331350345
2017-11-06,6985.26384395091,116425041611.90804,68154706119.85869,10,0.042659420764213175,0.36924260086703464
2017-11-07,7118.20254383402,118654642802.81985,68585642772.30616,10,0.04102989014186643,0.3662974693807957
2017-11-08,7451.21278667446,124219064692.37192,72438067065.04166,10,0.04158077007902166,0.368347012985004
2017-11-09,7117.73804967855,118673324665.81557,74895329892.02786,10,0.044880209783790335,0.386918688168322
2017-11-10,6620.56733635301,110393978633.4874,76197237213.10458,10,0.04526262163673428,0.40836454635544567
2017-11-11,6346.72144915254,105834109880.54944,85016254617.40204,10,0.049812777929191664,0.4454602685252643
2017-11-12,5829.09782758621,97208358771.0979,82572846287.20345,10,0.05269714582267525,0.45929632221803085
2017-11-13,6519.44517212157,108732275280.58282,83714756068.40874,10,0.048399370191284444,0.4350015455244766
2017-11-14,6592.37439713618,109959147530.69208,84916689681.04407,10,0.05069713259988092,0.4357476580782077
2017-11-15,7257.37321215664,121064949584.29532,84123601097.19978,10,0.04557903860458837,0.4099819449857172
2017-11-16,7833.7044333723,130693988524.30933,80702513905.2775,10,0.042082524723111886,0.38175898360550387
2017-11-17,7729.03327001753,128963836441.85413,85222832603.41922,10,0.042990704947008636,0.3978904615459769
2017-11-18,7796.15424108708,130097046001.08447,88699485379.94443,10,0.044564258942183924,0.4053971277336038
2017-11-19,8018.32068848626,133820448817.2945,88944344879.11505,10,0.04438989898030491,0.3992746941885756
2017-11-20,8269.87425745178,138036801223.38797,92556399622.61314,10,0.04468744289226369,0.40138390586991257
2017-11-21,8091.99808357686,135085275817.58247,89613622036.82178,10,0.044636333672305205,0.39881647347860055
2017-11-22,8249.59733021625,137731449923.46707,95531141159.53366,10,0.04616214489068177,0.40954334218786614
2017-11-23,8071.66982144945,134776695432.14291,104433740794.25362,10,0.05141194206345088,0.4365768586091876
2017-11-24,8232.42233313851,137476193155.39874,110625867709.47495,10,0.057510480670189185,0.4458885481395748
2017-11-25,8760.1654421391,146306248215.9796,110985699256.09216,10,0.053286996440570396,0.4313609514271305
2017-11-26,9319.90331472823,155672428867.92273,114272085668.41628,10,0.05067412820759758,0.42331693927802844
2017-11-27,9730.72857948568,162555212918.2686,114415926820.9865,10,0.04908658614179929,0.4130969274585772
2017-11-28,9932.19418001169,165940133781.83997,118073518439.47794,10,0.04711187288977835,0.4157318407618978
2017-11-29,9800.02755172414,163753179019.47836,104445322844.08688,10,0.04378015146053032,0.38943290927560464
2017-11-30,9996.71497194623,167060587956.13336,106709814992.01245,10,0.04387027153064857,0.3897784926452554
2017-12-01,10808.9583325541,180659157832.9406,118376279924.88202,11,0.04270404400857845,0.39586037297944077
2017-12-02,10934.8599856809,182785463832.00537,118241584082.24379,11,0.042054228079057135,0.3927938864680565
2017-12-03,11213.9426554646,187475238156.98575,120312790053.16728,11,0.041411489877573766,0.39089496350072306
2017-12-04,11562.1285669199,193322386457.61035,122216701367.48706,11,0.04038187481674252,0.38732666120665055
2017-12-05,11736.7540672122,196268293423.8813,121896133767.65807,11,0.03902924631266102,0.38312307520876593
2017-12-06,13992.1323372297,234016819443.28604,119078651506.3295,11,0.031034133200613784,0.3372420812594372
2017-12-07,17032.2933763881,284895527864.3471,114084053784.62454,11,0.02534889503867862,0.2859395794469438
2017-12-08,16298.4873386908,272653093293.3282,125219889036.95735,11,0.028403493898598434,0.31472327752329965
2017-12-09,15050.0219541204,251800579159.83597,128562725952.2111,11,0.032096975028699515,0.3379998128745338
2017-12-10,15474.9995432496,258942565166.25024,118988049189.77477,11,0.0287481583280544,0.31484099109706815
2017-12-11,16873.4977849211,282379648924.78217,135369755463.98215,11,0.030007909432371294,0.32404535839386833
2017-12-12,17433.9307381648,291792545813.21326,179939593727.45935,11,0.039228442881721406,0.38144442289360914
2017-12-13,16515.15257218,276453308738.91064,187549770113.19147,11,0.042482079165080885,0.4041994087133454
2017-12-14,16602.8928033314,277960419436.3016,236039436741.52646,11,0.0420462389183903,0.45922082254409063
2017-12-15,17702.0021721216,296398758942.56946,223948159630.4653,11,0.03894837902952015,0.4303824076533518
2017-12-16,19640.5138834015,328898790191.6652,235980629678.28802,11,0.03553002027642474,0.417753986740419
2017-12-17,19250.467650789,322411617616.1133,244469654764.1975,11,0.03788641595376992,0.4312537151521687
2017-12-18,18982.0250242548,317958857882.7149,264120630861.92227,11,0.04149865481078196,0.45375354392154854
2017-12-19,17653.3260894214,295733348356.47894,275111565207.7444,11,0.04666810217099815,0.4819374906750268
2017-12-20,16453.6272603741,275663636517.5712,281588454497.4355,11,0.048456625284730034,0.5053161020617011
2017-12-21,15633.8336504968,261954631857.0704,309194028834.64435,11,0.050771230318082596,0.5413547297128936
2017-12-22,14305.7183436587,239728949025.90448,279615641812.4352,11,0.047696629381918564,0.5384009899112885
2017-12-23,14910.8581049094,249895523156.7115,293545921344.22986,11,0.04863240297247696,0.5401610869296175
2017-12-24,14026.3468661601,235098385262.4229,276679358864.0128,11,0.04911405658660252,0.540624054170786
2017-12-25,14080.9422600818,236037231091.89944,281096846261.3714,11,0.05240378233403248,0.5435666659216216
2017-12-26,15727.1454792519,263660263812.78415,291775059803.7237,11,0.04768844200977307,0.5253087936574511
2017-12-27,15389.0005739334,258021387628.21832,301811828943.25226,11,0.04813319292117363,0.5391102564288837
2017-12-28,14289.4522095266,239612301936.4987,298574609161.3603,11,0.05013155870285501,0.554778652182922
2017-12-29,14571.7460821157,244375993508.8451,385531358018.0694,11,0.0512704748703933,0.6120445444612286
2017-12-30,12948.7158828171,217180538389.026,380517023456.2054,11,0.055123831506817544,0.636638072073543
2017-12-31,13921.4806414378,233524465189.3348,393059389531.89233,11,0.053317278818995534,0.627305326446319
2018-01-01,13464.6536116306,225887722580.94852,410599890635.7092,11,0.05615233688455577,0.6451027201623526
2018-01-02,14754.322204851,247555189825.1814,452848762785.38385,11,0.05855357472339486,0.6465536939040868
2018-01-03,15010.2861595558,251879335164.34857,556688878207.4265,11,0.06286676457805047,0.6884872160457588
2018-01-04,15070.3007986558,252918055361.86145,543212594140.8713,11,0.06319412971682253,0.6823158918453456
2018-01-05,16997.2274079486,285287177348.3089,502407443862.4622,11,0.05639465915720239,0.6378200768848822
2018-01-06,17103.589279661,287108308287.3724,536258799819.0196,11,0.058827270587744875,0.6512997598997197
2018-01-07,16231.6949994155,272505179860.49533,557139618666.797,11,0.06794666463163981,0.671539940533321
2018-01-08,14937.4150894214,250807207092.34375,511215086210.7414,11,0.07596354878763983,0.6708663128408131
2018-01-09,14378.5862174167,241453646852.43872,480796933203.65,11,0.08960594982965224,0.6656926923704404
2018-01-10,14669.0882656341,246362365863.32315,472330657852.68805,11,0.08397026947136815,0.6572077956322666
2018-01-11,13186.7549427236,221498893134.71692,443849100630.15906,11,0.08558313858910051,0.6670931674696065
2018-01-12,13789.4436639392,231652981446.49847,493509320448.9817,11,0.0911734486948228,0.6805501598180329
2018-01-13,14231.2250645821,239101104762.3596,504510721615.37683,11,0.09698002347995878,0.6784597873771548
2018-01-14,13681.0654611338,229884291706.09927,478052014746.4543,11,0.09954744237981764,0.6752754596553435
2018-01-15,13591.6961966686,228408095575.09323,444576385281.9747,11,0.09430179866875166,0.6606042158888895
2018-01-16,11431.0401052016,192121046221.5878,335995330687.1616,11,0.09283381728857949,0.6362145643993475
2018-01-17,11159.6085905903,187582403000.91153,347997701106.15955,11,0.09074000064491744,0.6497584552479739
2018-01-18,11246.0397302747,189059547788.1338,379107392167.12305,11,0.09058894500365021,0.6672464825161735
2018-01-19,11440.2555616598,192348146652.9038,377576006844.81354,11,0.09002721827492137,0.6625022023151118
2018-01-20,12768.4045856224,214707089256.08,406142945408.33655,11,0.09021843917244717,0.6541723809806438
2018-01-21,11422.3942589129,192099954357.02213,356036274113.4625,11,0.09099871789959163,0.6495397596815368
2018-01-22,10737.3505774401,180601416229.53214,341441958310.09674,11,0.09239126808380912,0.6540490215227844
2018-01-23,10849.3918793103,182509946645.00696,346074050716.63684,11,0.09080810972852456,0.6547191221149696
2018-01-24,11225.8961747516,188868250111.49985,362576387876.3755,11,0.0932772032887655,0.657502789762093
2018-01-25,11130.4649473992,187284665737.6832,363016720673.57007,11,0.09376263947598865,0.6596689189554014
2018-01-26,11035.5546098773,185709056259.20752,354516734520.1572,11,0.09428326961738433,0.6562380778020768
2018-01-27,11320.9701852718,190534317916.2448,358185257788.5531,11,0.096526023648455,0.6527655903809979
2018-01-28,11615.95871128,195521978595.36047,388541510712.0211,11,0.10458295603793032,0.6652384848996084
2018-01-29,11132.5543138515,187405821048.53973,365548516360.6825,11,0.10437930656099563,0.6610826457631217
2018-01-30,9959.54671537113,167680159360.35452,320375074600.3557,11,0.10562061892710656,0.6564320025838444
2018-01-31,10050.0957971946,169219353157.635,331130815161.6591,11,0.10907856791675846,0.6617981488323411
2018-02-01,9039.86507510228,152227586137.8496,290477416663.18054,11,0.11274183844813511,0.6561421597346011
2018-02-02,8786.0773798948,147972357159.3378,269115731652.31894,11,0.10389402337674356,0.6452251667485109
2018-02-03,9132.10032232613,153818002832.4506,286594311496.8401,11,0.10522155826254807,0.650740912940407
2018-02-04,8250.52689596727,138987436238.7948,251815880933.00436,11,0.1014083667485339,0.6443545125342546
2018-02-05,6849.54255932203,115402453262.58664,205219365158.93698,11,0.10114001355479568,0.6400667495720261
2018-02-06,7738.64395967271,130398654837.18138,234541172657.35645,11,0.10196140626961625,0.6426845057377765
2018-02-07,7624.59538953828,128490337875.27019,221383948456.18954,11,0.0989608675950666,0.632752840391527
2018-02-08,8218.58085184103,138513689945.96112,242921074351.33502,11,0.09836864151145186,0.636861390436868
2018-02-09,8660.45346785505,145975503391.69897,268359269992.9895,11,0.1008685489258622,0.6476870570161674
2018-02-10,8530.29280479252,143796839806.93958,277161844657.3893,11,0.09972868094577743,0.6584062875673382
2018-02-11,8096.72848129749,136503442480.99644,262023124557.99133,11,0.10063117131521322,0.657479692018519
2018-02-12,8907.67017913501,150193661791.17108,281297863689.09344,11,0.0973961117709441,0.6519197877084596
2018-02-13,8523.96693191116,143741453662.46915,272217293236.08896,11,0.09855631661440938,0.6544333909691191
2018-02-14,9467.3010327294,159670278815.20184,307534756508.8346,11,0.09722556389521034,0.6582436687471479
2018-02-15,10106.7330835769,170471136968.4026,307272284647.25555,11,0.09200492463527715,0.6431742871688443
2018-02-16,10189.3164833431,171884074815.1278,312076518541.149,11,0.0921886623965866,0.6448386972519639
2018-02-17,11085.5984143776,187024145183.5038,326390774057.7516,11,0.08797286080549466,0.6357251451518094
2018-02-18,10452.0919772063,176357479895.8642,301591048024.44855,11,0.08757202937046904,0.6310115638115996
2018-02-19,11139.3557305669,187976194475.8602,310564399842.4814,11,0.0841916001167561,0.6229470646560257
2018-02-20,11245.9323179427,189794491196.21036,288622513052.6225,11,0.0787443064842782,0.6032864854078326
2018-02-21,10458.8650888369,176533469479.5317,271550659342.476,11,0.0803784192469035,0.6060260604551427
2018-02-22,9878.15894272355,166750223696.01343,256191629701.81677,11,0.08170316994990721,0.6057372370306332
2018-02-23,10159.0656125073,171510918790.7929,270060234474.20996,11,0.08423680156027331,0.6115893949986743
2018-02-24,9686.60177995325,163552082148.23413,259085965631.1525,11,0.08609859940920842,0.6130209217850474
2018-02-25,9603.22747749854,162164887219.03528,262347365608.68262,11,0.08771131601541135,0.6179971575877045
2018-02-26,10312.3657130333,174157924575.1811,269128360784.91223,11,0.08396356987844841,0.607120882538227
2018-02-27,10654.1072948568,179950653847.5196,270794698229.69852,11,0.0821329237320866,0.6007709163982863
2018-02-28,10307.0249663939,174108312562.12915,258013471978.97275,11,0.08259644748910142,0.5970850839028492
2018-03-01,10923.6308617767,184546671784.81287,265983591139.96545,11,0.07957997462591382,0.5903789668051106
2018-03-02,11014.0584672706,186095856775.3983,260517393269.29904,11,0.07766009779477132,0.5833176540177128
2018-03-03,11425.6805654588,193076418415.27505,262668197618.63956,11,0.07477782742613047,0.5763495351947129
2018-03-04,11462.5831975453,193721221886.46198,276303347697.1224,11,0.07512536289106109,0.5878487329756225
2018-03-05,11540.6623205728,195062277838.50427,268269760366.41904,11,0.07379201725279429,0.5790011012529381
2018-03-06,10677.0352308591,180485923073.3736,254374454172.49503,11,0.07608349839680202,0.5849566147726366
2018-03-07,9903.0850490941,167422408355.89157,239154928166.95456,11,0.0759111154050749,0.5882150987860488
2018-03-08,9330.47545295149,157760715442.68665,224429381377.49707,11,0.07495196064930164,0.5872192483393641
2018-03-09,9278.13918439509,156892740604.1144,229877023885.10504,11,0.07817417828777154,0.5943510713374609
2018-03-10,8786.56042314436,148595551650.91345,216280639340.61356,11,0.07794638050990953,0.5927507595189623
2018-03-11,9513.53539976622,160908118884.2804,228695266672.21017,11,0.07547716589910591,0.5869950702444563
2018-03-12,9147.89018059615,154742152551.3773,219756772200.59445,11,0.07616392604157485,0.5868021446153363
2018-03-13,9160.54293278784,154974273658.91028,218373915222.6881,11,0.0753123595002504,0.5849068556535626
2018-03-14,8222.12723904149,139113345204.6385,193092079253.52167,11,0.07447374793648046,0.581243005193134
2018-03-15,8268.58912244302,139914335208.6044,191908178203.71967,11,0.07391421520791387,0.5783458639687107
2018-03-16,8376.90449824664,141763494802.30853,191041904395.79156,11,0.07216082050317929,0.5740348709970153
2018-03-17,7881.66192051432,133397116859.14584,174928541573.27527,11,0.06989198593476693,0.5673499327387835
2018-03-18,8189.01671917008,138614553160.81683,177288306689.28442,11,0.06572966531019739,0.561211464731308
2018-03-19,8537.0156233197,144521631437.1412,189882121890.33838,11,0.06444151410925503,0.5678229385912064
2018-03-20,8895.54717913501,150605270576.6591,193620991021.31082,11,0.062462337163135616,0.5624817529100827
2018-03-21,8879.5942565751,150352052268.78598,189680651213.45715,11,0.06277289512077795,0.5578306123821483
2018-03-22,8710.66493512566,147507258760.04517,183750317260.63596,11,0.06189126195420255,0.5547052522329754
2018-03-23,8771.74632349503,148556200040.7051,180736997695.71405,11,0.06128686807679494,0.5488634412678756
2018-03-24,8610.9885163647,145850435654.0619,179237797813.16068,11,0.06097817944859913,0.5513512313303477
2018-03-25,8440.61092255991,142978872725.61987,178945150914.899,11,0.06187026112937673,0.5558614386440469
2018-03-26,8171.18435447107,138430269669.80035,168004267416.53793,11,0.05994450489395603,0.5482550009341883
2018-03-27,7837.26531940386,132788146745.2988,158914208731.91962,11,0.05748811301229712,0.544782055228658
2018-03-28,7933.64272969024,134434473959.64536,158215774304.72388,11,0.056147988856343214,0.5406309246038898
2018-03-29,7108.5708132671,120467251234.39308,138281753161.0952,11,0.05421011906833072,0.5344242907684262
2018-03-30,6832.14906633548,115796633032.06471,137314181416.99426,11,0.05744416930785782,0.5425061813968052
2018-03-31,6922.2812969024,117335340577.4604,139953599143.41382,11,0.05699167098539833,0.5439549764371748
2018-04-01,6804.52487931035,115353102998.06737,135113131354.31639,11,0.05556098287591075,0.5394464914748717
2018-04-02,7033.25960958504,119244423031.53572,139963464362.37656,11,0.05451209183631533,0.5399660703598779
2018-04-03,7420.80051548802,125830051366.80844,152350802440.9292,11,0.055952848887256455,0.5476681818879784
2018-04-04,6780.54360140269,114986059183.08643,136505901625.39316,11,0.055825889414891534,0.5427843545637129
2018-04-05,6798.42261659848,115302512667.8604,136602794753.56142,11,0.056292586656496404,0.5422783511465818
2018-04-06,6610.49234979544,112126583471.01808,131373706583.28065,11,0.05596205746877562,0.5395217662943453
2018-04-07,6886.46947194623,116823177434.98444,136171581886.25414,11,0.05583517811674723,0.5382387455439387
2018-04-08,7009.99610432496,118932810742.21152,140319427615.61148,11,0.05697799897506797,0.5412467352429989
2018-04-09,6736.89282378726,114311672118.16814,136661484350.44116,11,0.05880535841944222,0.5445263002361538
2018-04-10,6816.71861542957,115680131308.85144,139604897306.7437,11,0.060652745495876896,0.5468589288757663
2018-04-11,6944.78585710111,117867416604.65047,148624640540.2878,11,0.06188778682234083,0.5577075809785004
2018-04-12,7904.33027527762,134168090914.6082,172298907753.67056,11,0.06244238150676083,0.5622103146582764
2018-04-13,7919.06469462303,134434525998.67308,173849513177.85535,11,0.06267378326111833,0.5639264155297585
2018-04-14,8006.41794330801,135931151075.12416,174410043661.50366,11,0.06285224610151093,0.5619944970873666
2018-04-15,8342.27110140269,141650187328.7155,188304737848.18744,11,0.06368337153894399,0.5706983696249699
2018-04-16,8046.98213354763,136650419244.81303,182165837591.1495,11,0.06350004881931909,0.5713818968926593
2018-04-17,7887.73795791935,133962175227.62907,182202315966.89877,11,0.06365914335853627,0.5762896246776631
2018-04-18,8162.83486177674,138650636284.6751,200048204377.39957,11,0.06431522904660619,0.590637405154247
2018-04-19,8272.96731589714,140539709293.91605,213542209135.0077,11,0.06848601048038438,0.6030870203214652
2018-04-20,8839.5011320865,150179023464.4438,240870764790.4008,11,0.06972309087661543,0.6159593280061486
2018-04-21,8863.54082904734,150605063050.8505,230835237545.23898,11,0.06830186070886486,0.605167406759341
2018-04-22,8800.95908708358,149559305824.3162,233125262748.49207,11,0.07057629688499303,0.6091838602688221
2018-04-23,8930.78463354763,151782579435.7192,241792574929.27225,11,0.07195131847477508,0.6143491840062649
2018-04-24,9652.21378872005,164062766307.80725,258478786683.63727,11,0.07304096613356953,0.6117239472750053
2018-04-25,8855.50893658679,150534451808.20685,222923300821.03934,11,0.06939708107740568,0.5969170522009449
2018-04-26,9264.72742694331,157507070083.4661,242523783060.42618,11,0.07143186532510101,0.6062626948756616
2018-04-27,8981.33079018118,152705064058.8726,236042356722.14053,11,0.0722509855205533,0.6071869396533089
2018-04-28,9341.82468468732,158849307909.90692,252197908108.07266,11,0.07306233777583207,0.6135497292774299
2018-04-29,9396.99762974869,159806033177.31946,257088043912.25427,11,0.07324744958862991,0.6166747335607179
2018-04-30,9228.7264836353,156962282341.70627,244004364174.97226,11,0.07228119815222622,0.6085403020293926
2018-05-01,9072.16875745178,154317464332.452,247533162515.32394,11,0.07402107481718902,0.6159830195041387
2018-05-02,9204.12764056108,156578190321.4114,254219541972.42664,11,0.07459825310773248,0.6188435864845204
2018-05-03,9750.70014640561,165894741989.12933,266586566915.44373,11,0.07982786183955974,0.6164117649169112
2018-05-04,9696.64290999416,164991759225.75504,267606919249.27145,11,0.08078994151783597,0.6186031824984416
2018-05-05,9795.92577206312,166700806032.87646,275579800695.5435,11,0.08282590242590654,0.6230881402058892
2018-05-06,9595.08681940386,163299488641.55853,266268674386.32684,11,0.08179969545791209,0.6198519753174586
2018-05-07,9339.5108471654,158967333946.10675,254807579267.52286,11,0.08007221409514832,0.6158120541637747
2018-05-08,9212.36963471654,156819276398.11127,251040114176.47562,11,0.08159368992435446,0.6155065200848107
2018-05-09,9293.04227352425,158211127488.7949,248459442997.55405,11,0.08052635160486922,0.610959978491717
2018-05-10,9037.53050905903,153878517153.77625,236915690670.56067,11,0.0803253906782834,0.6062415612287041
2018-05-11,8419.75858737581,143373321270.30786,215422487954.7176,11,0.08070688471991905,0.6004041363248236
2018-05-12,8485.77526680304,144514968309.05743,223566044111.44257,11,0.0808149660705322,0.6073827134990547
2018-05-13,8695.83309380479,148108395237.23605,235568632665.4097,11,0.08411232442892236,0.613976379959821
2018-05-14,8671.07417475161,147701005849.94635,232365624801.58994,11,0.08377529637549237,0.6113812843901946
2018-05-15,8488.463421391,144605949351.0157,222287823430.6135,11,0.08322721505521478,0.6058642580530158
2018-05-16,8327.75620134424,141886841023.80402,220375504985.52567,11,0.08470356118748229,0.6083312478185356
2018-05-17,8050.51623933372,137176558811.93735,207476854188.35086,11,0.08298160231413905,0.6019869421347566
2018-05-18,8233.08645528931,140302690393.97842,214316945918.29413,11,0.0842517186692487,0.6043572435722931
2018-05-19,8229.48293571011,140257123405.43295,212861539836.30005,11,0.08430779747339257,0.602804558337893
2018-05-20,8511.44883021625,145078058846.0959,221508114252.85175,11,0.08383903911578858,0.6042456876655385
2018-05-21,8398.62312653419,143171421543.0004,214743774562.5739,11,0.08309046798438231,0.5999850716012373
2018-05-22,8007.52653214495,136519507769.17958,200235655032.4326,11,0.08038285906345749,0.594603074134292
2018-05-23,7520.86767913501,128237740095.40971,182707160794.40988,11,0.07688341468994697,0.5875869334778075
2018-05-24,7575.62448597312,129184935653.3735,192469196067.45773,11,0.07928198841911238,0.5983731501838901
2018-05-25,7425.37567445938,126639121906.13664,184808795380.5495,11,0.07792121211186083,0.5933858764912978
2018-05-26,7326.30318644068,124964285195.887,185707009457.02383,11,0.07975201088274261,0.5977604389375594
2018-05-27,7338.19304441847,125182133039.21864,182671168771.72498,11,0.07772878681841772,0.5933708285640071
2018-05-28,7110.82388164816,121317311761.56834,165798831358.82367,11,0.07222750607391452,0.5774625890307455
2018-05-29,7453.63372501461,127178919277.39346,182563268221.6623,11,0.07565481237239072,0.5894039481535553
2018-05-30,7374.6690490941,125847610692.34056,181351561103.5072,11,0.07549659257439076,0.5903387045067496
2018-05-31,7478.74186703682,127639489898.68208,187202595311.7117,11,0.07694741641444233,0.5945920323409535
2018-06-01,7519.83573728814,128356441555.94876,188170018054.47937,11,0.07697343189658597,0.5944843230043825
2018-06-02,7637.44825306838,130378486453.76411,194802882404.92694,11,0.0774881792292982,0.5990591745420057
2018-06-03,7702.15793308007,131498835221.0268,202745835472.87198,11,0.08026748453530731,0.6065791117984543
2018-06-04,7486.65319959088,127836651623.76183,194342087698.65024,11,0.0787912375442565,0.6032120186061297
2018-06-05,7611.14985271771,129979115426.493,199841128335.4282,11,0.07977510916146545,0.6059092251465387
2018-06-06,7650.77580713033,130669884421.28532,199875221420.3976,11,0.07913307879246652,0.6046836509995988
2018-06-07,7665.9478962595,130942715943.34392,198984847188.5106,11,0.07854988608897431,0.6031167729656675
2018-06-08,7622.60233021625,130216094923.58316,197579293182.7078,11,0.07873009171909898,0.6027519005808609
2018-06-09,7556.17169783752,129094774239.7812,194450349694.5109,11,0.07886978315887798,0.6009991661441366
2018-06-10,6744.73580099357,115242359003.23732,169046141677.86108,11,0.07728648425680891,0.594628841028956
2018-06-11,6849.45268731736,117043566259.5198,173630634326.2606,11,0.07728669035274151,0.5973376170859055
2018-06-12,6526.69968001169,111540186918.58978,160435017633.5828,11,0.07505111455187082,0.5898883977226931
2018-06-13,6306.51316803039,107788509788.87521,154571414607.9966,11,0.0752319011345064,0.5891578714368604
2018-06-14,6629.77012419638,113326173419.85922,165831553070.55493,11,0.07809052492126055,0.5940424976066329
2018-06-15,6399.67404646406,109405258626.73557,157659651331.7253,11,0.07601937892695722,0.5903420683617612
2018-06-16,6495.31530917592,111053766097.57834,159332966466.70227,11,0.07656626060524915,0.5892780498348716
2018-06-17,6450.69397282291,110303511512.67044,158169057120.80423,11,0.07686471303336403,0.5891442016809565
2018-06-18,6703.81258971362,114645451013.78528,163025790889.71008,11,0.07709800909795547,0.5871180240781639
2018-06-19,6732.50880917592,115149244502.8952,166602285805.25494,11,0.07977334966673882,0.591309249050193
2018-06-20,6753.20682583285,115516336692.91388,164910980093.361,11,0.07926144594123045,0.5880703134889187
2018-06-21,6720.37323436587,114968985603.38635,162748529810.33133,11,0.0782116052082523,0.586021841538816
2018-06-22,6059.5758591467,103675812241.77995,144473155276.44247,11,0.07640255579956867,0.582203330206616
2018-06-23,6174.22577936879,105649754025.73972,146610242872.7381,11,0.0769724427782775,0.5811870477891962
2018-06-24,6146.48719491526,105188245647.2729,141431064782.1128,11,0.07392657852440829,0.5734792808230182
2018-06-25,6243.53544097019,106861339065.99004,143542765106.70416,11,0.07354715842052244,0.5732444585161758
2018-06-26,6096.12876621859,104349523004.1154,135238792689.7257,11,0.07094552922305514,0.5644632222488727
2018-06-27,6139.18968322618,105095896985.98283,138996997493.65778,11,0.07194356090157197,0.5694430302445829
2018-06-28,5858.63577819988,100304632985.26031,130808962560.73059,11,0.07165344800618102,0.5659942343577966
2018-06-29,6220.9137150789,106518869341.18803,136616545895.75839,11,0.07020454568276131,0.5618948838145171
2018-06-30,6375.5412314436,109177747554.53374,140634113159.50287,11,0.07085255985601842,0.5629601122922215
2018-07-01,6361.40253886616,108947319052.50592,141018885988.8217,11,0.07102182872319433,0.5641518059031485
2018-07-02,6608.367157218,113188557636.7306,149527190550.0665,11,0.07202829946398918,0.5691596015163474
2018-07-03,6498.3078591467,111312877114.31288,145622592287.43777,11,0.07105721985604097,0.5667671833184647
2018-07-04,6579.33337638808,112711825499.79326,147596446106.51874,11,0.07078667754942596,0.5670063620941801
2018-07-05,6535.29840268849,111968645594.2585,144597648968.85547,11,0.07146707579333983,0.5635878602646507
2018-07-06,6598.45909585038,113063968657.09964,145147259091.4187,11,0.0710033900089186,0.5621260560860781
2018-07-07,6737.85608036236,115465661540.18742,147824861042.9643,11,0.07131845339781359,0.5614515083666889
2018-07-08,6704.91998012858,114914482588.6505,148015646168.18088,11,0.07250378158284933,0.5629466918379363
2018-07-09,6664.02409351257,114224903787.80823,145033262699.22076,11,0.07078629307414255,0.5594163711964574
2018-07-10,6309.08400409118,108152793264.32472,134554193396.58244,11,0.06865155685610877,0.5543894522681044
2018-07-11,6377.97651139684,109344538488.59863,136913283242.81396,11,0.06998255239681835,0.5559753687423661
2018-07-12,6159.46667621274,105609244489.61111,130849858403.99525,11,0.06881792925364041,0.5533720495542542
2018-07-13,6208.98557188779,106469386228.2422,135367852554.11525,11,0.06947248912845848,0.5597477594256697
2018-07-14,6255.11247866744,107270752475.55956,136456907276.45506,11,0.06937032504788229,0.5598745231267381
2018-07-15,6347.60427381648,108867474201.12538,140698317791.9064,11,0.07069250829759327,0.5637724492138525
2018-07-16,6710.80743746347,115106821467.19034,151436056586.85315,11,0.07113380770439928,0.5681489510897695
2018-07-17,7320.59482787843,125580721821.32156,160170193702.60855,11,0.06822379485989645,0.5605238163766973
2018-07-18,7376.03833927528,126547867223.51788,159959489706.64682,11,0.06494023202062049,0.5583084895988778
2018-07-19,7467.0342980713,128125010853.07112,158530027561.1027,11,0.06272978375574288,0.5530341571462296
2018-07-20,7327.25668293396,125740705992.6491,147020151980.14835,11,0.06108124654465088,0.5390075140283168
2018-07-21,7410.56562039743,127183034589.34172,152920749467.0072,11,0.062341638033786215,0.5459431759631062
2018-07-22,7399.48374693162,127009676954.65717,150799290009.69342,11,0.061779347525051126,0.5428164960170077
2018-07-23,7716.15862741087,132461306959.85504,149513057209.13947,11,0.05818383148521643,0.5302363484346131
2018-07-24,8397.61652162478,144176409303.4392,157880184805.24304,11,0.056925317617859614,0.5226841190841096
2018-07-25,8202.72039538282,140848438885.07907,161023837691.01413,11,0.057626797658573044,0.5334171110954097
2018-07-26,7913.93077819989,135905971504.21307,154214596411.5584,11,0.05855918527458197,0.5315534762648416
2018-07-27,8173.7746113384,140385333661.0855,157490588571.8197,11,0.05741677684141261,0.5287120469195893
2018-07-28,8190.36005669199,140685035244.0186,156689930212.59988,11,0.05705753900843364,0.5269102931109312
2018-07-29,8229.60583869083,141376644218.03387,156219930310.84592,11,0.056736467425130374,0.5249386037394923
2018-07-30,8171.83951928697,140397962724.8378,151976863438.1262,11,0.05578862292959945,0.5198014666058057
2018-07-31,7725.13303594389,132737425419.3308,144933790094.2084,11,0.05589528641918191,0.521961881522939
2018-08-01,7596.6980119813,130544828991.5115,144855915119.56082,11,0.055158165559591084,0.5259822938646046
2018-08-02,7542.69466189363,129631238285.9974,139653807011.3812,11,0.05448639071046645,0.5186095902843687
2018-08-03,7411.34425014611,127389185324.80109,140837366537.38208,11,0.05629930030687376,0.5250686986788146
2018-08-04,7002.2086528346,120372201905.84554,135801025003.5181,11,0.05804157511041581,0.5301140429150534
2018-08-05,7031.58775102279,120891309546.94946,137632728492.46515,11,0.05815897309859335,0.532378843902638
2018-08-06,6929.99089421391,119155942795.52562,133690946733.41911,11,0.05849619336646867,0.5287426987236669
2018-08-07,6722.57843278784,115602331537.64192,125531879722.6686,11,0.05631167205728101,0.5205892563587907
2018-08-08,6267.3886735827,107787129090.23807,112272160918.91132,11,0.0565417612959735,0.5101905078137959
2018-08-09,6558.09690794857,112798970602.05664,118964286142.08188,11,0.05565656484562875,0.5133008908026168
2018-08-10,6135.75185856224,105548153481.91736,110955121184.36789,11,0.053887773075038545,0.5124870344589123
2018-08-11,6313.74931180596,108623509949.61084,108200172944.71187,11,0.051142683491786176,0.4990237759103435
2018-08-12,6314.69165575687,108651957013.71867,107413889509.16452,11,0.05035157025778251,0.49713497638687887
2018-08-13,6265.84804383402,107823291676.77013,100334595710.70177,11,0.04538757017052877,0.48201198124160277
2018-08-14,6184.82908562244,106439624172.66588,97068154896.99054,11,0.0446644746209961,0.47697515712048605
2018-08-15,6270.21479865576,107921713369.36864,98895591550.18527,11,0.04483891661506752,0.4781785140689889
2018-08-16,6290.7504552893,108287593315.59192,100581603269.14288,11,0.045426425676564394,0.4815530720363478
2018-08-17,6563.07828872005,112987854531.1153,115682250520.45947,11,0.04798826113776201,0.5058914478320996
2018-08-18,6399.28744681473,110180882411.00536,107209535641.82716,11,0.04616668637049229,0.49316587456845484
2018-08-19,6490.71612711865,111766836577.27116,110411205783.49641,11,0.04622987839318486,0.49694922419117027
2018-08-20,6272.95272881356,108028823193.54256,101405603803.05775,11,0.04329972144353502,0.4841878446503155
2018-08-21,6473.07603945061,111487195428.2082,105570747884.39148,11,0.04340144037781198,0.48637127152887455
2018-08-22,6365.00983167738,109638677665.2356,101081609295.47911,11,0.04243215956327236,0.47969567028125815
2018-08-23,6516.40902542373,112258698492.89713,103531238651.68936,11,0.042233095962726584,0.47977788038521907
2018-08-24,6697.73187872589,115394585122.42712,104941758107.841,11,0.042056763480917206,0.47627983912835
2018-08-25,6745.43893921683,116227908455.6044,104654249113.80237,11,0.04127587777719563,0.4738012805806524
2018-08-26,6689.86933313852,115284878069.69078,102675652719.35437,11,0.040851313419017606,0.4710745213716231
2018-08-27,6839.15895236704,117873365030.6772,107818022509.82347,11,0.04155536620820588,0.4777232471508261
2018-08-28,7092.97380829924,122261446474.46252,112846244210.95757,11,0.04181969325028542,0.47997683054081214
2018-08-29,7033.42806808884,121247278332.5186,109598072455.64838,11,0.04103260202129513,0.47476837667057886
2018-08-30,6966.96374371713,120114930037.10117,106951078297.05017,11,0.04074720549355441,0.471013160805912
2018-08-31,7025.14078024547,121131550725.81134,107787042059.81462,11,0.04017225763439348,0.47085315678466233
2018-09-01,7192.35254734074,124028288534.02948,112949712442.2312,11,0.04100748261737678,0.4766253068931321
2018-09-02,7286.66779105786,125667820675.12167,112192964139.77586,11,0.0403185682385967,0.47167490945211527
2018-09-03,7257.47021391,125177334900.4002,110489008577.03757,11,0.03977172895178216,0.46883660579906083
2018-09-04,7358.81147895967,126936865991.23833,111043550327.99661,11,0.03877066431980634,0.46660793373450976
2018-09-05,6790.89732846289,117151754999.24129,94812667363.78613,11,0.034487589460879126,0.44730462927123826
2018-09-06,6488.07593687902,111939859791.32008,95979219085.1708,11,0.03531012329071678,0.46161814299968523
2018-09-07,6408.65362244301,110581749752.2956,92367798873.1676,11,0.03359202315122725,0.4551268997578772
2018-09-08,6187.79050233781,106782343851.2759,87014105190.43423,11,0.031780125056973585,0.4489974177581886
2018-09-09,6249.24631034483,107855616025.27689,86782756377.4387,11,0.03129798730346244,0.44586663619381933
2018-09-10,6295.3886025716,108662608384.24086,85624812568.244,11,0.031153297167825063,0.4407120756890612
2018-09-11,6278.42463968439,108380864787.66785,84371788534.35757,11,0.02935508832165958,0.4377205038697986
2018-09-12,6327.53636323787,109241940295.64648,84199141280.03078,11,0.028868857941936724,0.43527021558288137
2018-09-13,6490.91231648159,112074557501.76231,90611273564.3216,11,0.032753787934772516,0.4470528259806113
2018-09-14,6494.69547895967,112150595269.43169,89463656932.59729,11,0.03259549349063169,0.4437367693775418
2018-09-15,6524.16566744594,112670904653.23538,91353342463.5892,11,0.034151954729161584,0.4477572825512261
2018-09-16,6497.40470134424,112220037901.27625,91408171582.27841,11,0.03386313466221318,0.4488973890901923
2018-09-17,6258.59487492694,108105991224.44568,85568600916.19215,11,0.03144662193265585,0.44181634756745
2018-09-18,6340.34779018118,109529380192.13356,93701545146.72252,11,0.03304550474518541,0.4610594819193472
2018-09-19,6383.95187580362,110295088597.76112,93866320446.73563,11,0.032751677126175875,0.4597652459690732
2018-09-20,6498.60711104617,112288488870.2254,112558858746.39207,11,0.034415388516802745,0.5006012298544603
2018-09-21,6741.14289888954,116491363596.52646,128574802974.38042,11,0.036601115362708755,0.5246534222714864
2018-09-22,6705.47605113969,115888008971.5252,127215833446.91585,11,0.035817928903706046,0.5232983246227196
2018-09-23,6703.13684950321,115860149884.85667,132772040564.24527,11,0.03649794207702843,0.5340098573898272
2018-09-24,6576.5450032145,113684243861.49072,119163603785.0331,11,0.034638262393952034,0.5117659664431607
2018-09-25,6416.44402162478,110930242226.68497,121125591431.825,11,0.03391644022141819,0.5219674486187307
2018-09-26,6463.25040356517,111750680973.86244,119820243296.68663,11,0.03326983304198943,0.5174235222928859
2018-09-27,6677.90048860316,115473953608.52664,126846610775.38614,11,0.034207867522495966,0.5234661412162313
2018-09-28,6623.12615984804,114539547907.19228,124496099467.74254,11,0.033374273511901,0.5208264994570728
2018-09-29,6584.49914757452,113884047547.05753,128691856521.06616,11,0.03513191352323551,0.5305220113079535
2018-09-30,6604.485028346,114243175578.83426,130271556946.91722,11,0.03516033112083641,0.5327759010725355
2018-10-01,6561.81383226184,113518016605.85883,128873885929.97975,11,0.03503880987172701,0.531675706084799
2018-10-02,6508.72093863238,112610666756.30328,121986911498.14282,11,0.03462132423775858,0.5199836776057211
2018-10-03,6464.45684365868,111856548131.17673,120675879674.75043,11,0.03387533730137101,0.5189636594491122
2018-10-04,6545.28566773816,113267427334.0738,121200072015.377,11,0.033754814946645714,0.5169162990677023
2018-10-05,6585.14957977791,113967980867.00935,121617413498.87335,11,0.03440062291245828,0.5162349466792153
2018-10-06,6550.47831589714,113378166758.79816,117033688857.11073,11,0.0341456013215874,0.5079325824804914
2018-10-07,6564.56826008182,113633692973.18517,117074922185.67285,11,0.03418064145481371,0.5074579555906877
2018-10-08,6604.68527410871,114339270103.70224,119148864894.76778,11,0.03446483095520856,0.5102994415349993
2018-10-09,6590.42862215079,114103170639.18616,117434852362.96344,11,0.034347729173631235,0.5071946751565429
2018-10-10,6529.10243600234,113053154102.98314,114472189157.46474,11,0.03425239796037577,0.5031184109737992
2018-10-11,6159.25164260666,106661330255.67244,96763267212.6202,11,0.030929597351188925,0.4756714203536889
2018-10-12,6191.67722326125,107233068566.12044,101887056842.31613,11,0.03137012429736416,0.4872178449745979
2018-10-13,6197.68569637639,107348052161.21346,102061116842.6733,11,0.03172811755614557,0.48737654290953697
2018-10-14,6182.87934424313,107100406864.61185,99513165580.58702,11,0.031066846199852793,0.48163905402188134
2018-10-15,6442.71541408533,111614357755.55241,106620098702.06055,11,0.03179491597876326,0.48855758358565643
2018-10-16,6461.93715926359,111958262043.08224,109878916471.57486,11,0.0318293045023484,0.49531335192452874
2018-10-17,6442.73070017534,111636608391.73184,110837925447.3663,11,0.03159982837549772,0.49820500142064983
2018-10-18,6396.47981209819,110846228676.42816,108920847623.49945,11,0.031127147053850283,0.4956194961380361
2018-10-19,6383.07784015196,110625312452.34442,109514230070.07758,11,0.03136189582530835,0.49747641343864046
2018-10-20,6408.25274634717,111073074254.35512,110554488941.25493,11,0.031618695191691484,0.49883005230571775
2018-10-21,6415.34050292227,111206991506.71556,109699719451.07413,11,0.03151785823790511,0.4965884421321871
2018-10-22,6408.03363559322,111092745870.69737,109347640682.94667,11,0.03136484283395147,0.49604177525036675
2018-10-23,6395.98766686149,110896223452.83104,110107700906.8133,11,0.03144255729132679,0.4982160440175384
2018-10-24,6413.80364114553,111214183524.86855,108895643202.40477,11,0.031268280001176534,0.4947332194183757
2018-10-25,6402.3248591467,111026107522.98996,108819490509.63124,11,0.031217213901333123,0.4949814391711602
2018-10-26,6404.10855230859,111068486835.02596,108875824840.14568,11,0.0313271800380525,0.4950154155427339
2018-10-27,6409.40532758621,111171246478.54549,108072809941.68254,11,0.031425445602858516,0.4929338186232877
2018-10-28,6406.63325306838,111134376406.18802,109133351134.43864,11,0.031600232939678174,0.49545774296105116
2018-10-29,6263.0417346581,108654957796.83511,104310145898.541,11,0.031026673538074874,0.4897992398216825
2018-10-30,6272.16772822911,108825354861.77647,105205144180.37874,11,0.03119478965316709,0.491542769143652
2018-10-31,6306.31693132671,109430710322.48328,106454029750.72104,11,0.031222333741755034,0.49310585692450315
2018-11-01,6342.97750058445,110079075092.29424,107186293924.09718,11,0.031187121612408792,0.4933427467495319
2018-11-02,6348.16858270018,110180510973.50604,109442214482.77426,11,0.031481579291034366,0.4983191710029144
2018-11-03,6332.43413296318,109920163681.27742,109274870553.76569,11,0.031323606881139485,0.4985280388997778
2018-11-04,6420.42200029223,111457353102.79344,114738127716.7017,11,0.03270650632542645,0.5072520781627072
2018-11-05,6402.94683898305,111165512798.97427,117173227599.91435,11,0.03249684664948986,0.5131552683317012
2018-11-06,6441.14521887785,111839004285.48557,127156004191.6565,11,0.0338588478116034,0.5320446021106668
2018-11-07,6500.86980508475,112886579168.95436,124251993440.77306,11,0.03334677710822727,0.5239636558210279
2018-11-08,6406.75293746347,111261944815.82117,118361871854.19429,11,0.032878293498183934,0.5154599099112097
2018-11-09,6331.37876709527,109963021291.8608,117921124930.16231,11,0.032868489406088254,0.5174608540572807
2018-11-10,6353.11273407364,110350898799.03008,119719446641.82144,11,0.03314357451177244,0.520360181197711
2018-11-11,6335.41420397428,110055044898.53024,119880874115.28603,11,0.03299930311133983,0.5213664512680277
2018-11-12,6320.65605376972,109809736244.71677,120207137287.72134,11,0.03295376469785024,0.5226013876358907
2018-11-13,6267.9379912332,108903259088.7863,117031218777.00594,11,0.032485930377649026,0.5179874266313788
2018-11-14,5574.25834891876,96860221302.46275,104143259101.66281,11,0.031694567705887085,0.5181166957521264
2018-11-15,5538.56060783168,96248717597.61153,106124288876.67989,11,0.032063547253614516,0.5243994281923239
2018-11-16,5496.01623115137,95518040630.44853,103758470858.08844,11,0.031300348422185376,0.5206758693387552
2018-11-17,5501.09234044418,95616231626.28333,106842690974.09132,11,0.03132574835010109,0.5277252768206404
2018-11-18,5555.3763383986,96568300411.74496,109117003792.39375,11,0.031480768696944716,0.5305046182788888
2018-11-19,4792.20002367037,83309665038.67566,97654608206.69148,11,0.030640911044913677,0.5396347381468101
2018-11-20,4317.53067007598,75064932894.56097,85046847936.25833,11,0.029345406835603167,0.5311717070096318
2018-11-21,4549.32200993571,79100846618.07187,90470726085.80994,11,0.029651635649491054,0.5335253111309907
2018-11-22,4303.61554850964,74835214989.06079,84374792620.81418,11,0.029041419999993302,0.52995910173916
2018-11-23,4289.89285330216,74603295134.03229,81362428892.26065,11,0.028314116701391567,0.5216686512386814
2018-11-24,3806.31692489772,66200481496.8158,72437580817.85408,11,0.029216673634815702,0.5224941809518434
2018-11-25,3946.85087434249,68650951140.12603,73976332882.89986,11,0.02896692270275401,0.5186688745398604
2018-11-26,3700.28599269433,64367371529.51591,69222301089.86426,11,0.028640000629986003,0.5181710511941326
2018-11-27,3776.55590531853,65700289252.32034,70809280236.10823,11,0.028846159224006147,0.5187129407957768
2018-11-28,4208.47526914085,73220546017.23143,77564119713.78247,11,0.028714208335204452,0.5144032341600955
2018-11-29,4239.03948831093,73757876886.60486,76191995415.07736,11,0.027470861764255516,0.50811644081822
2018-11-30,3973.33405230859,69139707027.07185,72799105155.25989,11,0.028095158146400703,0.5128907593065076
2018-12-01,4148.07372559906,72186769334.42615,75222566749.95094,11,0.028199600713893953,0.5102971680633143
2018-12-02,4098.74676388077,71334198592.28998,74079426445.55382,11,0.028026578741350755,0.5094393763051756
2018-12-03,3843.9766659848,66905681722.15498,69684825317.18584,11,0.027949205507798683,0.5101732677302032
2018-12-04,3892.95164699006,67764822761.35066,69628330095.12643,11,0.027843416526739037,0.5067816601301901
2018-12-05,3709.52085827002,64577860936.27737,65678967875.56843,11,0.02726300582810483,0.5042266764412083
2018-12-06,3511.96898158971,61144670013.32359,59404176347.53727,11,0.025858091262211384,0.4927809609202887
2018-12-07,3372.99569257744,58729900521.63701,58092812690.607796,11,0.027313677373989837,0.4972732706957775
2018-12-08,3407.95119462303,59343948586.4894,58381050555.86352,11,0.026584636002168687,0.49591039270485976
2018-12-09,3540.43957597896,61656683797.12884,59989129653.102325,11,0.02626622878689057,0.4931458629905551
2018-12-10,3413.59258416131,59452937061.822815,57599185331.47351,11,0.026171426915871165,0.4920815116699863
2018-12-11,3352.56420017534,58395272773.26061,56645426049.67509,11,0.025992652760606926,0.49239466231738216
2018-12-12,3423.01291788428,59627489561.96775,57712636242.09951,11,0.02595790120660519,0.4918405860452816
2018-12-13,3260.34158240795,56799160023.82104,55285664853.01276,11,0.02608011236272151,0.49324843852648464
2018-12-14,3198.94747369959,55735437225.00024,53170601189.27424,11,0.025973085223356025,0.4882245462553258
2018-12-15,3185.07404383402,55499651896.21167,52431063531.40614,11,0.026005734591940412,0.48578445277302257
2018-12-16,3195.41455523086,55684427860.85024,53087564812.51561,11,0.026220507676833385,0.4880628138525842
2018-12-17,3499.15648188194,60984540763.57042,60488001036.08768,11,0.026818949520526943,0.4979561647425569
2018-12-18,3659.52737931035,63785396911.68198,64417201478.854904,11,0.027401818527202457,0.5024640864346925
2018-12-19,3697.72530333139,64458072015.1525,65151587682.58368,11,0.027029997300720972,0.5026754011585577
2018-12-20,4067.73770777323,70914924965.58305,71789974329.34338,11,0.02804604993347767,0.5030659401607224
2018-12-21,3839.08510841613,66935427169.69911,68334269543.36893,11,0.02808269653429104,0.5051705681599812
2018-12-22,3964.94611630625,69138519234.73888,70117534598.13896,11,0.02906226529113206,0.5035151626678113
2018-12-23,3942.66699590883,68758702225.0924,73156878481.40738,11,0.03289494029697177,0.5154957483682182
2018-12-24,4040.04578959673,70464629644.18283,79079815077.0634,11,0.0347452619983252,0.5288047658638857
2018-12-25,3761.58401081239,65615302891.15366,72504974725.71269,11,0.03400690083441075,0.5249408412487787
2018-12-26,3807.65745353594,66426458891.30887,72733480815.33327,11,0.034222997417249164,0.5226610543857664
2018-12-27,3585.46053594389,62557922646.83627,64654312355.05244,11,0.03182782111466806,0.5082397330264068
2018-12-28,3881.05488486265,67723456212.58877,73045218602.28731,11,0.03484158193346201,0.5189025093711266
2018-12-29,3823.13832612507,66719421375.7622,72766620273.93925,11,0.03664497237941341,0.5216767169913807
2018-12-30,3825.4074628872,66767437066.61049,72195267503.64447,11,0.036179601151128164,0.5195298100084468
2018-12-31,3687.19994009351,64362351163.8135,68477296691.09176,11,0.035471485863082616,0.5154883936901611
2019-01-01,3808.11783167738,66480140226.796745,71646932788.4196,11,0.03654158051583422,0.5187030407900328
2019-01-02,3898.1974880187,68060061857.88494,75351295170.52496,11,0.039614814094159664,0.5254206970205143
2019-01-03,3784.38863471654,66080363535.854095,71539606803.57245,11,0.03886019671506738,0.5198344878808419
2019-01-04,3827.52459438925,66840702441.1711,72807391130.81503,11,0.04008919425298049,0.5213633016284902
2019-01-05,3798.61395499708,66343570783.85974,72275787366.97418,11,0.04062054178059998,0.5213975041518354
2019-01-06,4045.99377498539,70671241074.1243,75495211114.74898,11,0.03854189893515125,0.5165016321063579
2019-01-07,4001.01827819988,69892707335.84886,74522544935.58195,11,0.037576966996990334,0.516029600498953
2019-01-08,3992.6227893045,69754483224.10101,74750760346.46675,11,0.03733204226333348,0.5172875288083435
2019-01-09,4004.25903565167,69965986980.18709,75462595934.68878,11,0.037367676489510275,0.5188979664256202
2019-01-10,3627.90345002922,63397040767.491615,65830037683.08851,11,0.03498709534698799,0.5094136497735935
2019-01-11,3624.16142109877,63338354100.47836,65232550160.876175,11,0.03448261810251005,0.5073663480523842
2019-01-12,3617.02207831677,63219821366.34437,65377662422.53253,11,0.034373390027774536,0.5083899038791878
2019-01-13,3508.6701081239,61332009010.65437,62230962314.772545,11,0.032872824126657416,0.5036376322715266
2019-01-14,3666.94519374635,64105507741.0617,66681235610.822105,11,0.034994682791530805,0.509847052551918
2019-01-15,3581.29301548802,62614046151.325806,64356588433.71485,11,0.033599561827378915,0.5068619893414094
2019-01-16,3606.98657568673,63069259783.033424,65207459666.099846,11,0.0339399416172752,0.5083343255590282
2019-01-17,3640.12913062536,63654546163.77879,65545803265.89,11,0.033693241971934275,0.5073190866373807
2019-01-18,3609.42673611923,63123882957.88896,64256968618.6116,11,0.033103647793389104,0.5044476294776619
2019-01-19,3687.30196113384,64491943106.93511,65694385068.50689,11,0.03349006740831842,0.5046181575992809
2019-01-20,3538.31372296903,61893041071.17983,63181423376.16959,11,0.03321221376526752,0.5051504610100973
2019-01-21,3535.623393045,61852610462.07104,63067490046.935165,11,0.03278597016363576,0.5048626265105212
2019-01-22,3577.30834979544,62587665112.30323,63525141231.969315,11,0.03297890710519158,0.5037168157098451
2019-01-23,3551.89382115722,62149501274.109985,62816634078.4298,11,0.03274687883234518,0.5026692543641434
2019-01-24,3567.58893366452,62431351929.4994,62999571467.52279,11,0.03260643536594449,0.5022650695802694
2019-01-25,3561.35049795441,62328325177.42316,62475210602.24231,11,0.03228195779056362,0.5005884666003312
2019-01-26,3557.03991525424,62259553751.56424,62162667610.451805,11,0.032341509450518634,0.49961065579744574
2019-01-27,3537.61413062536,61925598671.30048,60569080010.822,11,0.03160946127153577,0.4944629486151039
2019-01-28,3435.05251402689,60136493366.521126,57317288009.17514,11,0.03076143823868185,0.48799866073137205
2019-01-29,3395.82376329632,59455924094.6892,55969511138.42867,11,0.0306929579002799,0.48489755334593615
2019-01-30,3437.89586616014,60198389711.43856,60052581979.33286,11,0.03131854198708433,0.49939373574260737
2019-01-31,3410.13161601403,59718838093.35889,58187883267.79602,11,0.031007376848059456,0.4935077711945129
2019-02-01,3445.04989129164,60337137182.80421,58317565426.48321,11,0.0309530924242809,0.4914897104290457
2019-02-02,3461.93511747516,60639099131.68266,59031726555.84223,11,0.03136139994254269,0.4932841920050026
2019-02-03,3413.02161630625,59788219917.066,57389298644.52114,11,0.03106388842375374,0.48976373069684004
2019-02-04,3411.38796171829,59765870504.42587,56970471381.58019,11,0.031080216269181875,0.48802686859257843
2019-02-05,3426.46501139684,60036309266.96764,57121691968.732574,11,0.030975243040889985,0.48756116839014946
2019-02-06,3367.50636499123,59010177291.22384,55406102505.96131,11,0.030703642680985185,0.4842501661841692
2019-02-07,3358.87359906487,58866207389.19751,55610348118.851036,11,0.030754075949295637,0.48577936217639966
2019-02-08,3612.47961922852,63318160367.38653,61019526591.015656,11,0.03252654616264066,0.4907564881066997
2019-02-09,3621.26812098188,63478991740.72384,61298296389.005806,11,0.03261397928182986,0.49126164951809664
2019-02-10,3642.0223591467,63849176538.515076,61887890181.16403,11,0.033931111898687354,0.4922008425656868
2019-02-11,3590.6184836353,62954510736.379906,60059551003.56692,11,0.0333442876137474,0.4882332162198946
2019-02-12,3587.90246580947,62912631290.85425,60377100229.24392,11,0.033676696365110566,0.4897171847551756
2019-02-13,3576.08537258913,62712261903.432846,60095013613.83359,11,0.03374925744681279,0.489344082919455
2019-02-14,3561.91638340152,62470064348.19538,59597478232.558014,11,0.03360014675424762,0.48823362027732714
2019-02-15,3565.00692372881,62529926712.27091,60211604578.58772,11,0.03376151238938934,0.4905560811026974
2019-02-16,3584.73600263004,62882694505.14064,60199455934.674675,11,0.03397875909811476,0.4890998062640366
2019-02-17,3622.7574289889,63556858700.69298,61878745273.16023,11,0.03665895182536576,0.49331085682864595
2019-02-18,3866.12921712449,67834010393.17628,66292538932.609955,11,0.03735400134263562,0.4942536676433009
2019-02-19,3895.43521098773,68355801176.12653,67416952479.10883,11,0.03674487906505188,0.49654257326399337
2019-02-20,3931.61382904734,68997040402.63634,68943130584.0568,11,0.037438097911820796,0.49980458985154974
2019-02-21,3892.26179427236,68312229780.10759,66545903016.11497,11,0.03689404542913347,0.49345116706212433
2019-02-22,3948.30051052016,69303748259.26967,67840439316.858665,11,0.03724724189970294,0.4946650712353423
2019-02-23,4110.15112127411,72152027336.08412,70905050477.98256,11,0.03832717954934147,0.4956416806593719
2019-02-24,3754.18378988895,65909594991.648926,62719474852.24387,11,0.03606193421766644,0.48759953662388816
2019-02-25,3822.01869666861,67107357151.37915,66297640731.11934,11,0.03608691790209258,0.4969651945837404
2019-02-26,3796.17506838106,66661232142.14775,64622317045.434105,11,0.035753334260424534,0.4922346893067296
2019-02-27,3799.3819924021,66724242474.867226,63874136906.99378,11,0.03526804074475245,0.48908828125829984
2019-02-28,3792.94772296902,66618356465.697655,64376976459.16966,11,0.0355277040392343,0.4914448096871759
2019-03-01,3810.63269257744,66936687246.140976,65118675993.55706,11,0.03539164633862839,0.49311648081538356
2019-03-02,3809.64339099942,66925595316.40048,64599782713.50753,11,0.0347007013305173,0.4911583124195086
2019-03-03,3782.38187025132,66453583651.36554,64148912700.10649,11,0.03427622810162679,0.49117677297278906
2019-03-04,3698.16185505552,64980234897.77088,61947163643.57893,11,0.033833143170306314,0.4880519443041927
2019-03-05,3840.1280490941,67481868718.641136,65834109888.11848,11,0.03533935776005593,0.4938201000069803
2019-03-06,3851.99842548218,67696627871.99121,66487002524.56443,11,0.035613281409549634,0.4954926493498054
2019-03-07,3855.92316832262,67772447204.172585,66206927993.819756,11,0.035307353060457854,0.49415761116948287
2019-03-08,3839.23355289304,67486113914.754395,65019358233.00093,11,0.034496838828409454,0.49069187241186984
2019-03-09,3910.36116656926,68743141713.30267,66838166880.59871,11,0.0348553381735817,0.4929747881457251
2019-03-10,3903.9119509059,68636402814.046906,67877749069.883766,11,0.03463850229284961,0.49722133663911944
2019-03-11,3851.56892168323,67722973399.3696,67164654799.47273,11,0.03429254681017853,0.49793043065790354
2019-03-12,3858.91482378726,67859035802.77418,67882550741.52808,11,0.034386912167678224,0.500086616560748
2019-03-13,3851.95746639392,67743190817.63356,68238894503.78429,11,0.034043395752140326,0.5018226801162045
2019-03-14,3853.78326504968,67782767281.89608,67852729575.168106,11,0.034072824949483056,0.5002579055442461
2019-03-15,3901.91420689655,68636787012.15806,69105673570.78885,11,0.03475292780243033,0.5017020407383693
2019-03-16,3989.79607685564,70190805974.9429,70990676233.31856,11,0.03524713415123053,0.502832773271199
2019-03-17,3967.14349444769,69799528647.52408,70246267062.184,11,0.03482179369159003,0.5015949726030546
2019-03-18,3969.44014582116,69847925359.80466,70776085492.46025,11,0.03452960901604769,0.5033001481291509
2019-03-19,3996.16790356517,70326929804.44753,70658961671.3997,11,0.034515085571057924,0.5011775357926826
2019-03-20,4030.65527586207,70941970703.6453,70731204010.35245,11,0.034407778132523895,0.4992561517248472
2019-03-21,3976.27385008767,69991932308.15556,68825577246.37207,11,0.033847410741750496,0.4957989627334246
2019-03-22,3983.88764582116,70133970901.15828,69774759498.87442,11,0.03411074307179429,0.4987162652349971
2019-03-23,3981.77603302163,70104014183.65793,70009640354.5356,11,0.03427491639100426,0.49966322401113084
2019-03-24,3970.6669880187,69915870923.6467,69493660991.75223,11,0.034104960399439374,0.4984857207176096
2019-03-25,3908.23883869082,68823860548.3261,68016087870.57145,11,0.034054509792200545,0.49704847638760474
2019-03-26,3917.76340210403,68998149814.37549,67980928357.60836,11,0.033989888156139104,0.4962869458958909
2019-03-27,4027.00791788428,70929622723.5621,70935533066.8756,11,0.03457040816937387,0.5000208308491277
2019-03-28,4010.93746201052,70653886033.99002,69976702320.97844,11,0.03424052686526075,0.49759233136640846
2019-03-29,4089.46104003507,72044617181.57042,71165557919.53984,11,0.03481362852091583,0.49693087707835726
2019-03-30,4091.89103834015,72094536468.24364,71372441078.69646,11,0.034729112737054486,0.4974834090677385
2019-03-31,4094.31781472823,72144407426.98993,71336745708.18594,11,0.034505573711614175,0.4971854780186946
2019-04-01,4138.41780771479,72928511837.76436,72313880748.14633,11,0.03414244171168272,0.4978841195098928
2019-04-02,4903.71946206897,86424523990.81316,83906347978.86171,11,0.033743137583453535,0.4926079870817553
2019-04-03,4960.22760274693,87429243678.5721,83087218691.00192,11,0.03230488308151944,0.4872680182099973
2019-04-04,4911.26970245471,86574903765.80412,81392087188.09607,11,0.032143569065269384,0.48457191931499644
2019-04-05,5033.22548369375,88734657095.24022,87161289712.68756,11,0.03296871676547338,0.49552756214368393
2019-04-06,5044.35684593805,88939665130.79738,86067344550.5637,11,0.03279085915382926,0.49179369847681137
2019-04-07,5189.11195558153,91501063164.41447,89189388945.02301,11,0.03362110146190965,0.49360321978166455
2019-04-08,5283.42302483928,93173850971.95097,88646826102.87045,11,0.03421635941680181,0.4875508524610279
2019-04-09,5195.57790882525,91633263649.93097,86113710251.92435,11,0.03386685556521644,0.48447356577486855
2019-04-10,5311.74160327294,93691843864.06364,87238524376.19302,11,0.033411805809664796,0.48216628985328414
2019-04-11,5050.66600859147,89096740025.25392,80661874575.30649,11,0.032777926893339304,0.47515629628047285
2019-04-12,5082.86143202805,89674280265.74156,80482066912.72925,11,0.03244074613548505,0.47298892017418853
2019-04-13,5074.79069257744,89540456117.10837,80646286458.24907,11,0.03234195638918648,0.4738693815855809
2019-04-14,5156.80404061952,90995377478.9746,82227096706.01797,11,0.03258085778351382,0.47469069526280827
2019-04-15,5042.89773845704,88994562169.30713,79781202308.32425,11,0.03183833610004201,0.472705323274646
2019-04-16,5205.96295745178,91881692216.0707,81786368297.76535,11,0.032013739151447215,0.4709350012649532
2019-04-17,5226.35221519579,92250564153.54716,82603798941.86172,11,0.031831788757115495,0.4724148570246952
2019-04-18,5278.5023395675,93180899416.67139,84178677515.40958,11,0.032877877267177585,0.4746215511533691
2019-04-19,5289.95121911163,93393056304.89935,83901925237.56442,11,0.032826915838578836,0.47323350332659664
2019-04-20,5313.97326212741,93825862417.04706,83288138722.13918,11,0.0325962064222524,0.4702515791322824
2019-04-21,5295.73382817066,93514542764.35901,81199789371.75542,11,0.03209103905608629,0.4647574608160664
2019-04-22,5383.79997533606,95078673811.43846,81874579774.89925,11,0.03186697415501117,0.46269044572809515
2019-04-23,5544.86271186441,97931104712.61537,76361841332.4064,10,0.03082806888576811,0.4381235331961243
2019-04-24,5431.94791963764,95947917278.7501,72377344113.39072,10,0.030402006176310593,0.4299850391723203
2019-04-25,5127.67316738749,90582486405.83148,68323766088.28341,10,0.029651947283753463,0.42996272969695626
2019-04-26,5150.16466066628,90989528956.62265,69100561875.20502,10,0.02970020137336218,0.43163547172819183
2019-04-27,5181.80776364699,91557451148.37279,69457985521.27605,10,0.03005258793691461,0.4313746989599586
2019-04-28,5148.66961542957,90982423047.7571,68286259614.51504,10,0.02976532941755163,0.4287488191216817
2019-04-29,5148.80049327878,90995226478.38272,67297476200.93478,10,0.02962732950440298,0.42514579043654077
2019-04-30,5266.61820251315,93086646312.97389,71695064051.68045,10,0.030368349348888397,0.4350911511539877
2019-05-01,5315.17532904734,93956247055.4643,70939984621.64351,10,0.029768135562051143,0.4302098592559406
2019-05-02,5393.12937638808,95346643375.08403,70501480141.77942,10,0.029517485750983927,0.4250966405092356
2019-05-03,5658.43038836938,100047725220.71832,72750839685.84439,10,0.02910620804195687,0.42101530024385864
2019-05-04,5774.71242869667,102113257161.60286,71878009719.15045,10,0.0280597982586631,0.4131127441494681
2019-05-05,5728.35170222092,101302705291.91556,71303192808.43811,10,0.02819058689644073,0.41309824051888533
2019-05-06,5691.68837405026,100665077841.2352,72684896966.69968,10,0.03023155954892543,0.4192956880855146
2019-05-07,5825.744893045,103045294021.27489,71589057271.13156,10,0.02918942005993644,0.4099368580197798
2019-05-08,5931.8005949737,104932468929.86987,71505681630.16322,10,0.028584703996400906,0.405273357282406
2019-05-09,6150.14044476914,108806392500.68918,70746937058.44444,10,0.02768234583537543,0.39401629160624857
2019-05-10,6357.46349357101,112484221628.55664,72094625685.2652,10,0.027089706791020105,0.3905898575836784
2019-05-11,7325.08286031561,129616460917.03905,83364113717.2368,10,0.027249727867828203,0.39141651232929237
2019-05-12,6942.62317451783,122862594419.89809,77667430490.78604,10,0.026961581960481824,0.3873107307764961
2019-05-13,7798.90573600234,138032382814.8289,81148066311.97313,10,0.02510931786155714,0.37023405433860895
2019-05-14,7955.5576823495,140820072137.7831,94147313892.43741,10,0.027429228016703163,0.40068247548333613
2019-05-15,8215.2068383986,145431381731.40323,107429309775.70065,10,0.030317122372421342,0.4248557145651978
2019-05-16,7862.07160233782,139194281165.00555,103357567449.66713,10,0.03350013628908604,0.4261256636054957
2019-05-17,7326.92068188194,129733515296.03603,96132941782.00735,10,0.03306488553738183,0.42561849610449526
2019-05-18,7277.98756341321,128881004230.6199,93603092761.50978,10,0.032267337311975536,0.4207181278436317
2019-05-19,8219.74278696669,145574664069.0613,104897518076.02853,10,0.03187131910143682,0.4187990745226352
2019-05-20,7981.13937895967,141364972111.36505,100408246967.6512,10,0.031626739949320526,0.4152992930736295
2019-05-21,7983.80847738165,141427517230.1168,100977331894.62222,10,0.0321673751209625,0.41656481815122576
2019-05-22,7667.90211484512,135847466322.59747,94775219834.71004,10,0.031892753801024694,0.41095358576330154
2019-05-23,7897.4712936879,139930198596.70416,96499055011.2546,10,0.03112900012174066,0.4081519251051183
2019-05-24,7987.10036762127,141533553660.64325,97808423193.90897,10,0.031155142738049087,0.40865553330558063
2019-05-25,8061.59176072472,142867668845.3807,98453864388.84456,10,0.031245499454050717,0.4079779498719072
2019-05-26,8731.52495587376,154758245306.18896,104767666868.70251,10,0.030727088443699684,0.4036886567153295
2019-05-27,8816.78670835769,156287836455.38348,109445029533.94649,10,0.030920145866124564,0.41186109639272495
2019-05-28,8719.12584833431,154574557917.51135,110128545905.54874,10,0.03110673056642257,0.4160455405130565
2019-05-29,8655.48850613676,153465206972.54276,109454753633.86107,10,0.03111641945319747,0.4163044653643354
2019-05-30,8271.62196317942,146675645809.6508,103044513593.84886,10,0.03074296708497256,0.41263994801216186
2019-05-31,8556.222185564,151734802083.5124,107922772630.1845,10,0.03115556337581646,0.41563498676740734
2019-06-01,8554.80732963179,151725858432.60037,106475829811.49411,10,0.030993116986006385,0.41237464609772706
2019-06-02,8744.35374547049,155101923701.62546,109685367538.45296,10,0.030873298285312614,0.4142395468633084
2019-06-03,8173.40127054354,144986880726.59973,102869758100.80733,10,0.030716436194743978,0.41503733201368814
2019-06-04,7649.93933196961,135715984982.11952,96719435362.58917,10,0.03130182221328749,0.4161131518559063
2019-06-05,7798.54446639392,138367954899.15903,99066425392.24387,10,0.031587638090071646,0.4172370710200426
2019-06-06,7776.71332612507,137995871311.0676,101813799470.17711,10,0.03182433810513176,0.4245608575271014
2019-06-07,8023.950093045,142398874425.05167,103262529983.33325,10,0.031184878605106086,0.42034494686707363
2019-06-08,7939.80515488019,140917883639.34723,101026003338.95523,10,0.030810135188583398,0.4175596441005151
2019-06-09,7634.06575073057,135505562736.9976,95524259520.48996,10,0.030264289772777613,0.41347155352968323
2019-06-10,7993.30253857393,141897744724.659,100842749810.10869,10,0.030869133760125952,0.41543439220300754
2019-06-11,7922.48362711864,140654723194.9171,100463084834.06339,10,0.03102573920499629,0.4166555994154878
2019-06-12,8146.75612507306,144649767681.24728,103423929963.83502,10,0.031872396338755556,0.41690808395093576
2019-06-13,8232.77734137931,146192657169.59814,103222914338.02907,10,0.031014600519529936,0.41385914164895066
2019-06-14,8698.00481502046,154472258474.2654,104806672623.28496,10,0.030439558125691518,0.4042236373762772
2019-06-15,8850.58481601403,157198156055.2938,106753480874.69603,10,0.030399933224548117,0.404443337106529
2019-06-16,9019.51700672121,160213273127.52393,109217369416.40605,10,0.02991828925001482,0.40536357848977195
2019-06-17,9340.57218877849,165931690523.78326,111521599909.76154,10,0.029303782406663773,0.40194729619353
2019-06-18,9047.13274447691,160737284620.8722,106840255365.81078,10,0.029147605031047966,0.3992870828064571
2019-06-19,9285.05567656341,164984922415.72528,108750597824.42082,10,0.02896448308707493,0.3972834717577563
2019-06-20,9546.71977819988,169651581216.84033,108142027263.9909,10,0.02850586448694747,0.3892891123571444
2019-06-21,10083.4863136762,179207044545.61115,112819554610.12915,10,0.029241165563230642,0.38633314546104586
2019-06-22,10685.2952327878,189921423980.12433,118983233692.9235,10,0.028825574119859587,0.3851778558122559
2019-06-23,10794.4276963764,191885576856.1899,117701364122.88232,10,0.028399236721504698,0.3801884011988697
2019-06-24,11004.2069094681,195639033390.66055,118462069721.73395,10,0.028152755833448655,0.37714630272834404
2019-06-25,11726.2638308007,208497571410.05035,118579878435.28961,10,0.026962715883663255,0.36254372929518874
2019-06-26,12863.4606849795,228743908514.98795,119623535506.00522,10,0.02596774395770086,0.34338322239662705
2019-06-27,11109.7978418469,197579198121.0736,105217112261.12242,10,0.02639247269933894,0.3474847897859624
2019-06-28,12358.2079582116,219806390394.21692,110590317014.81985,10,0.025039729383121503,0.33471979149570386
2019-06-29,11944.3515473407,212471408601.20145,114551783154.39005,10,0.02666781757662773,0.350286420175371
2019-06-30,10842.6167109877,192893862979.7983,105103672624.39561,10,0.026899474923094868,0.35269980475273577
2019-07-01,10569.5517282291,188054836533.4531,107158033499.45216,10,0.027802729984085315,0.36298564316490683
2019-07-02,10766.0833162186,191572815076.09036,105020455501.74283,10,0.026989558391182996,0.35408913795359676
2019-07-03,11952.0248935126,212701280671.49292,107926446381.59312,10,0.025272471660197564,0.3366098352552143
2019-07-04,11177.0103787551,198932256881.84424,102668282453.89674,10,0.02536359842200953,0.34041146836148944
2019-07-05,10998.3991004676,195779255924.42004,102587690334.72336,10,0.026172771179049464,0.34383061401721726
2019-07-06,11208.225600526,199539253818.1824,103778864555.49623,10,0.025630652006949632,0.34214528664470956
2019-07-07,11456.1836039158,203975542702.9202,107335047591.3185,10,0.026727800564023543,0.34478444016269916
2019-07-08,12319.6228758036,219376353956.16104,108770341741.55368,10,0.025433107298178475,0.33146864852709584
2019-07-09,12579.107616014,224021230975.77808,106386974141.81001,10,0.02451231545784788,0.32198647761773425
2019-07-10,12106.7829313267,215629126479.1789,98784046600.72891,10,0.023848710218083918,0.3141854574128261
2019-07-11,11294.678028346,201183259641.46625,90327016396.21266,10,0.02368696158896716,0.30985877281573954
2019-07-12,11813.3237158971,210445706655.5204,95305621694.57591,10,0.02335266575845554,0.31170959161115247
2019-07-13,11346.837148159,202155589033.93988,92374003144.03932,10,0.023679605676121138,0.3136323330397962
2019-07-14,10283.0757891292,183222223011.25137,82408781988.24739,10,0.022399521412954353,0.31023781274479945
2019-07-15,10926.3802741087,194704461534.61337,83594881468.83789,10,0.021102904364785163,0.3003775738981935
2019-07-16,9471.14086475745,168791758444.18518,75264595228.50275,10,0.021011366411692402,0.3083902307638448
2019-07-17,9674.88246113384,172438862979.07385,79257805588.76141,10,0.02180195114261978,0.3148941384077179
2019-07-18,10679.8906896552,190367634570.6064,84965143992.63924,10,0.021277539337782446,0.3085907331339491
2019-07-19,10532.2027291058,187750651266.9553,84032465217.56137,10,0.020986245614738174,0.30918942392195525
2019-07-20,10862.6485479252,193665325162.4292,87669360702.28603,10,0.021235341702677022,0.31161945222937565
2019-07-21,10589.7064907656,188818886061.12646,85675119807.19888,10,0.021310511988342527,0.3121201846873742
2019-07-22,10318.5609251899,184004626629.3892,82778022913.68585,10,0.02103138479664403,0.3102826329053322
2019-07-23,9866.64894038574,175963591454.6841,79883155924.14,10,0.02152315928473033,0.31223049244342965
2019-07-24,9792.78753652835,174663348864.6462,81825994145.86842,10,0.02214368909152216,0.3190229784420868
2019-07-25,9897.18678603156,176543962471.5269,81699712448.70319,10,0.022192030221573775,0.3163667511854443
2019-07-26,9836.69678813559,175485365597.111,83469135592.64413,10,0.02230071339988265,0.3223312790824212
2019-07-27,9446.67205207481,168545324729.98972,79323810127.76743,10,0.021874980301056664,0.32002294345073823
2019-07-28,9529.78879193454,170049120676.19733,80102855000.47432,10,0.022133495837766293,0.3202167593671516
2019-07-29,9504.15891595558,169611741059.69104,79779953193.2749,10,0.02218405130234582,0.3198981964184884
2019-07-30,9589.10920601987,171144789262.24023,80811161030.56543,10,0.021902927198885192,0.320735275101272
2019-07-31,10059.0040189947,179552893039.96872,82663957096.13718,10,0.021680898038295624,0.3152503626415684
2019-08-01,10400.3070143776,185663600899.71167,82145172305.93675,10,0.020898728721640662,0.306730699381749
2019-08-02,10529.6944544126,187995636118.57104,81629561976.37866,10,0.020671748162813103,0.3027519777570361
2019-08-03,10810.4216686148,193031076581.09784,82660359029.31148,10,0.020520505423542376,0.29982925964418483
2019-08-04,10986.5089291058,196198228092.13153,83208510770.66386,10,0.02027837262542879,0.29780423732558564
2019-08-05,11790.0239375804,210568558007.91812,84783880849.46886,10,0.01970309051577054,0.2870600330150223
2019-08-06,11423.4970017534,204045416188.37363,81993292838.69246,10,0.019760084694688995,0.28665103795771196
2019-08-07,11967.2735473407,213781188501.16107,82065785659.14009,10,0.018888422319388448,0.27739268211908
2019-08-08,11938.2346108708,213283632611.2499,80619712284.59761,10,0.018474259261083294,0.27430688927057756
2019-08-09,11858.3410984804,211878077389.7985,76753521634.31502,10,0.017693691397131537,0.26592210240952413
2019-08-10,11303.7305618936,201989948339.88333,77236937203.9606,10,0.01825276869265553,0.27660995843408115
2019-08-11,11530.195242256,206058769073.2262,80004096498.47702,10,0.01871518479299172,0.2796731282775448
2019-08-12,11384.6962465809,203477450140.01297,78463373856.51987,10,0.018531236415336612,0.2782973134017824
2019-08-13,10867.05475827,194247026152.7128,77839674819.89072,10,0.01919541522391335,0.2860840847481495
2019-08-14,10024.3795917008,179203376208.94943,69837000367.83365,10,0.018592852798399798,0.28042440879582353
2019-08-15,10310.0858696669,184331110834.93024,70759161030.57175,10,0.018236185308898447,0.2773887083701882
2019-08-16,10373.3219028054,185480750975.00888,69694767509.0932,10,0.01788992365394827,0.2731248198225384
2019-08-17,10207.1555616598,182525936050.27747,69834197527.9052,10,0.01817819522686297,0.2767243642556963
2019-08-18,10331.3099760374,184762356323.27872,73698313615.70491,10,0.01884622206869898,0.2851432430052252
2019-08-19,10884.6297744009,194679955535.78104,74757155067.9039,10,0.018628748911983316,0.2774567872272955
2019-08-20,10771.3923793688,192675218123.96375,72589761654.31705,10,0.018262989138775165,0.27364999976623566
2019-08-21,10096.8302238457,180626030877.0156,69590956422.11473,10,0.018470874570954067,0.27812242954919714
2019-08-22,10119.7145248393,181053252826.25583,71429607761.66907,10,0.018932954358550098,0.28290873921239634
2019-08-23,10414.1441725891,186340852608.8203,72681223261.38763,10,0.01868845884665074,0.280598566810217
2019-08-24,10147.0871548802,181582680924.55023,71458117891.80571,10,0.01883440521792102,0.28239761424269905
2019-08-25,10100.3567783752,180766007715.36856,70380574928.04819,10,0.018447317553603904,0.28023704000773136
2019-08-26,10362.6434723553,185477896690.726,70896933417.60179,10,0.018197075474035724,0.2765362472893506
2019-08-27,10168.221571654,182015155352.9793,70403432368.62369,10,0.018379152321426933,0.27891540398868286
2019-08-28,9724.79997808299,174096090423.8244,66021893648.98154,10,0.01780764621145323,0.2749560550573467
2019-08-29,9482.31173495032,169774555309.59164,64550755737.90975,10,0.017794804375347507,0.2754749602138554
2019-08-30,9577.67882349503,171501195666.0512,64572479256.15588,10,0.017579670304803195,0.2735268101258403
2019-08-31,9605.02446142607,172010786445.15015,65229729079.07463,10,0.017925785672772934,0.2749518940090736
2019-09-01,9762.93655689655,174856193400.15393,65282819456.501,10,0.017536883445002826,0.271854284232733
2019-09-02,10377.3383845704,185879583769.6674,67119578138.23147,10,0.017208670277973195,0.2652956540728206
2019-09-03,10618.7815058445,190226097714.498,67646284761.68433,10,0.01687893039105081,0.26232465885691464
2019-09-04,10577.2410839275,189499919032.4481,66200717474.08816,10,0.0165194093517565,0.258899306542774
2019-09-05,10580.1846995909,189574477943.65216,65721603733.60377,10,0.016497021999019444,0.2574328728503115
2019-09-06,10330.8497312098,185127327372.95367,64209116349.23172,10,0.016381102018992597,0.2575199813982048
2019-09-07,10494.5069649328,188079718442.25552,66972587804.37633,10,0.016988648917475625,0.262583737390772
2019-09-08,10407.2656573933,186539229374.468,67849458780.97174,10,0.01744979385049496,0.2667157068694561
2019-09-09,10332.4644424313,185217353459.46936,67260923207.54538,10,0.01755517695533004,0.2664028133250196
2019-09-10,10085.9519243133,180821372958.31525,66831540783.90424,10,0.017806530014907517,0.2698596991007698
2019-09-11,10142.1480603741,181852186603.98663,65934668249.460014,10,0.017556325798048857,0.26609429418060543
2019-09-12,10403.3599707773,186556352212.0695,66208237777.850945,10,0.017383471175691504,0.2619363645061642
2019-09-13,10345.3387469316,185535294724.80197,66187158113.444466,10,0.017545414793808115,0.26293704581043265
2019-09-14,10363.4528963179,185880236553.63385,68021384271.543,10,0.018198177034585983,0.26790449013470025
2019-09-15,10306.1696674459,184871734710.72015,67806539156.16171,10,0.018381572837339034,0.26835128370349776
2019-09-16,10257.822761543,184025389806.38568,68975017213.19472,10,0.01924682656750916,0.2726280879376473
2019-09-17,10195.6111811806,182928175635.3786,73918518664.27307,10,0.020527222839419868,0.28779236916335627
2019-09-18,10161.3188664524,182335008771.54584,79582966277.81676,10,0.020737585972072602,0.3038469057452742
2019-09-19,10268.3926291642,184275340089.0727,79066634118.10077,10,0.02157710647163383,0.30024318894145735
2019-09-20,10170.1251161309,182531039220.8065,76425579085.22154,10,0.021356233837273916,0.2951288890979563
2019-09-21,9986.4061081239,179254415005.12704,75486242721.36151,10,0.021579337699056882,0.2963258531051216
2019-09-22,10047.0134748685,180363155234.7097,73357205491.1505,10,0.021006421699162035,0.28912620682583495
2019-09-23,9692.74104792519,174017098072.72244,70075059058.39404,10,0.020760559270041078,0.2870844351658236
2019-09-24,8613.67124850965,154661092904.12317,59767142150.29497,10,0.019554766290831384,0.27872794893418357
2019-09-25,8424.15764640561,151274745517.82642,61389673354.76895,10,0.02016185260413539,0.2886692267574236
2019-09-26,8091.69529924021,145321930429.69052,60469674424.338425,10,0.02055621371455947,0.2938393646681091
2019-09-27,8186.77963927528,147043095582.4701,61330794829.83979,10,0.021263996564076012,0.29433051669038
2019-09-28,8201.97901344243,147332393618.44443,61383830549.642235,10,0.021189871380738433,0.2941018638790995
2019-09-29,8064.50806236119,144876708488.21005,60463186344.177025,10,0.0210618345940552,0.29445416047150186
2019-09-30,8282.3654541204,148803916514.7677,63869748116.86271,10,0.02167360628207671,0.3003180869972348
2019-10-01,8314.55139012273,149397042721.8758,62527581574.69632,10,0.021244099803826903,0.29504632499522004
2019-10-02,8362.53073232028,150274613052.58777,63774672570.0404,10,0.021612049078275613,0.29794387019107377
2019-10-03,8254.33991028638,148345592160.90897,62399338696.6144,10,0.021257558469143203,0.29608939319541794
2019-10-04,8165.68615125658,146767326338.79993,63101140532.48992,10,0.021578599281466843,0.30066994567215855
2019-10-05,8141.63371379311,146351095556.08783,63210533082.09762,10,0.021639982767661527,0.3016321904580754
2019-10-06,7854.60981297487,141206285787.88336,62454363235.08657,10,0.02162487485459915,0.3066589620267911
2019-10-07,8226.02342928112,147899313786.38907,67169407336.81904,10,0.02200353208117095,0.31231602153034227
2019-10-08,8190.1151207481,147270287407.1788,67123357379.06811,10,0.022059356568268775,0.3130846413194333
2019-10-09,8598.3319207481,154625456579.23492,69931401155.30879,10,0.022589164188156513,0.3114195748053131
2019-10-10,8578.09037931034,154278819679.684,67846917925.231926,10,0.022332954216690723,0.3054437484678515
2019-10-11,8289.85402893045,149110991493.22113,65920099154.822205,10,0.021822117957796882,0.3065607813091471
2019-10-12,8323.7501440678,149734524822.10382,66410275802.18603,10,0.021663289007490084,0.3072490090456656
2019-10-13,8291.25065143191,149164613949.68323,67028716318.68757,10,0.021887481784475915,0.3100406300022379
2019-10-14,8346.36843658679,150170300737.75723,70035095132.03835,10,0.0223475175526308,0.3180444096540174
2019-10-15,8160.71262752776,146845534512.75482,67775468823.79573,10,0.022091569459970394,0.3157914079709895
2019-10-16,8003.85592314436,144037329738.8034,66474891813.04529,10,0.02186392134116327,0.3157768766250594
2019-10-17,8072.48938229106,145287592860.18317,69068927889.50023,10,0.021935021711396982,0.32221519386459924
2019-10-18,7959.33199357101,143266919855.44705,67436805371.162,10,0.021751898132372636,0.32005511672199727
2019-10-19,7948.47733722969,143085646028.75168,66833245408.9776,10,0.021590692839442743,0.31837651652616095
2019-10-20,8213.70903927528,147875242280.4089,67991543805.633385,10,0.02132871346467909,0.3149699175051999
2019-10-21,8211.65455873758,147854575170.57556,68222485721.60711,10,0.021213552715284384,0.315732199613954
2019-10-22,8029.20537288136,144586456293.4322,67302264766.52475,10,0.021329842008489697,0.31763023737106144
2019-10-23,7458.03585680889,134316744655.84584,63266632491.50768,10,0.021630837057403794,0.32020220225472085
2019-10-24,7454.37113816482,134263137184.01082,64173307157.24636,10,0.021601347941498303,0.32339476435530956
2019-10-25,8656.65517755699,155932804286.95422,70413708115.93443,10,0.020927476116478515,0.31108810720529484
2019-10-26,9249.64676095851,166630581069.47726,69545962178.98474,10,0.019429996299576542,0.2944660008247353
2019-10-27,9558.15604400935,172202055438.67203,71132342052.6449,10,0.019310469898229928,0.2923234149630784
2019-10-28,9319.17814167154,167912181263.83615,70867064909.03754,10,0.019616989594150994,0.29678904697492225
2019-10-29,9431.20712390415,169946389584.88412,72849234802.89162,10,0.020233941735579828,0.30004344183131587
2019-10-30,9182.85506516657,165486571120.74417,70836129705.71062,10,0.019958607916417494,0.2997432301593812
2019-10-31,9155.27729877265,165004691372.6371,70774681173.15735,10,0.019926274350708473,0.3001733375103078
2019-11-01,9251.38129345412,166751798016.3744,71074416797.60793,10,0.019819988157817933,0.29885022075131357
2019-11-02,9300.19083752192,167647144918.66403,71743815757.68394,10,0.019676883200107312,0.29969308596693517
2019-11-03,9209.63869608416,166030720096.80835,70911458704.35838,10,0.01975180783280922,0.2992774822243223
2019-11-04,9418.36013062537,169809075765.17932,73139999181.72816,10,0.019752316773587898,0.30105074159147016
2019-11-05,9330.78722296902,168246968452.96805,74685742391.43839,10,0.02027880894204528,0.3074338656652669
2019-11-06,9354.93338229106,168697792662.7137,75627411959.41698,10,0.020476539258835857,0.3095358584734681
2019-11-07,9210.74822238457,166113240511.8508,72355109071.20813,10,0.02027746475461284,0.3034159845435032
2019-11-08,8791.33393495032,158563288531.54916,69911513916.9143,10,0.020934049877716878,0.30599222832322653
2019-11-09,8810.78456195208,158929965624.4699,70869175671.23502,10,0.02099274797577487,0.30839617272564457
2019-11-10,9042.89072320281,163135487790.4442,72251359926.05177,10,0.020905384181030114,0.30694731089254645
2019-11-11,8713.20792957335,157204392968.14203,70935148423.88051,10,0.02116543605819576,0.3109287762702627
2019-11-12,8788.95814295734,158585915731.34253,70713718277.8926,10,0.021228673909069226,0.30839001808020583
2019-11-13,8766.72943050848,158199619871.92133,70955052489.76038,10,0.02144851824138399,0.3096382533181339
2019-11-14,8645.43580362361,156029084690.90356,69768387326.55545,10,0.02137156159165959,0.30898657413295066
2019-11-15,8465.87788854471,152805221239.1656,67930380594.88666,10,0.021260617202412704,0.30774546575389466
2019-11-16,8477.69024284044,153034112554.8939,68231281840.2888,10,0.021501978954335907,0.30836851838849644
2019-11-17,8505.16122326125,153546374435.2849,68591584970.59366,10,0.021613911968965314,0.30877921609636644
2019-11-18,8183.53341350088,147754246709.6443,65574191216.46001,10,0.021758617336481517,0.3073860749834699
2019-11-19,8116.82067258913,146564658339.2131,64973915276.95547,10,0.021613782903392408,0.3071492549384823
2019-11-20,8076.55466008182,145851914668.3435,64273528672.20944,10,0.021594569427109668,0.30588170404495246
2019-11-21,7612.2774880187,137480717894.71863,60824545347.39879,10,0.021114350751844424,0.3067217901984583
2019-11-22,7277.52427323203,131446951419.7561,57476579347.89498,10,0.020580647601408236,0.30423197742679786
2019-11-23,7324.83617855056,132317341014.17212,58660679757.61476,10,0.020795967659855363,0.3071593239921182
2019-11-24,6943.38065604909,125438020111.1906,54858662565.811935,10,0.02039015668792494,0.30426884039841157
2019-11-25,7139.04468597312,128984010381.1333,55580480150.023224,10,0.020529671446774977,0.30114395239338104
2019-11-26,7165.43773027469,129471791489.54346,56068180412.09765,10,0.020646732847245546,0.3021892255207446
2019-11-27,7526.86381654004,136015452003.775,57477794993.31125,10,0.020360182674080244,0.2970532351145918
2019-11-28,7436.3363817066,134394712380.75812,57007764874.25382,10,0.020307095417581543,0.29784235654536734
2019-11-29,7747.73804208066,140035753824.32825,58537756279.43859,10,0.019909848290488714,0.2947913659221163
2019-11-30,7556.19372121567,136585605232.84554,57306679088.87679,10,0.02011809327813118,0.29555935807011663
2019-12-01,7417.72720601987,134095575599.21852,57039196692.885635,10,0.020407898426796838,0.2984239655028063
2019-12-02,7318.31252180012,132311649481.68288,55766328493.74612,10,0.020367088071102463,0.2965064229956342
2019-12-03,7306.44623331385,132111542796.43443,55534384586.490234,10,0.02018291306497028,0.2959530503060826
2019-12-04,7215.02034482759,130473486507.8814,54531068001.91448,10,0.020193601360625348,0.29475527316829975
2019-12-05,7404.0867949737,133905907021.29042,55655343853.50412,10,0.019991986045273632,0.2936008472019661
2019-12-06,7534.2083559322,136272863879.84612,56267006203.3642,10,0.01973667035844889,0.29223560906656465
2019-12-07,7512.06140263004,135886841741.42656,56281909793.23,10,0.01963711308949227,0.29287753260487764
2019-12-08,7528.94026943308,136206094715.73811,56971089162.27475,10,0.020034482331987465,0.2949162422734702
2019-12-09,7340.22745908825,132805669774.6542,55660468062.32377,10,0.020077783143704096,0.2953340515231958
2019-12-10,7232.09178375219,130862566069.28896,55283424125.911095,10,0.02014581181997639,0.29698960513701483
2019-12-11,7200.46444599649,130302159494.60497,54642364662.31361,10,0.019877940625573888,0.29545273054935967
2019-12-12,7192.84902425482,130176306232.1156,54428290451.737686,10,0.020121957682415207,0.2948371353122343
2019-12-13,7244.90372004676,131132158335.25366,54806637427.90301,10,0.01995881804181764,0.2947563320659239
2019-12-14,7071.10709029807,127999800420.60497,53616340371.9155,10,0.02005943921215099,0.29521792577437916
2019-12-15,7111.28666995909,128738145823.27988,53895585207.05451,10,0.020011082484888865,0.2951020323737611
2019-12-16,6882.39579532437,124607959806.08746,50566920604.189476,10,0.01923457834437316,0.28866536392521996
2019-12-17,6608.96197983635,119669002105.71834,45708885483.31174,10,0.018385022760586785,0.2763905510566197
2019-12-18,7284.6254836353,131915496849.08092,49486430604.704185,10,0.018241663667847078,0.27279991618232174
2019-12-19,7146.16763763881,129422222016.77724,47736485507.06608,10,0.017890001211005833,0.26945604974365345
2019-12-20,7184.21917206312,130125371827.7286,48896552181.313515,10,0.01784711180963794,0.2731316426855284
2019-12-21,7140.29801127995,129345551109.71738,48098627147.28005,10,0.017799977108062737,0.2710634274944622
2019-12-22,7479.40240789012,135504182500.0066,49780997359.07753,10,0.017656553495827912,0.2686723104186623
2019-12-23,7321.7487238457,132661061513.20563,48070000678.84201,10,0.01745680101836046,0.2659753121340154
2019-12-24,7235.62908381064,131111985464.01056,48065243026.418465,10,0.0176427570373491,0.2682553102945553
2019-12-25,7191.17416569258,130317953564.1928,47381455376.63812,10,0.017365873807047162,0.2666382272121955
2019-12-26,7194.63975832846,130395775601.22533,47669998855.37831,10,0.017416915102736023,0.2677100582683617
2019-12-27,7237.15044728229,131179357399.31564,48279667245.34924,10,0.017435264110592312,0.2690289181106643
2019-12-28,7306.64330829924,132452581795.07286,49063115735.66975,10,0.017523450412514824,0.27029681952085777
2019-12-29,7391.578521391,134006582388.63812,50391414031.62116,10,0.018215222002645737,0.2732752796119037
2019-12-30,7229.3971006429,131081294265.51051,49283540854.68714,10,0.018160223448359034,0.27324362213867187
2019-12-31,7167.39505464641,129970082372.677,48614241070.31325,10,0.017929956253018044,0.27222009263222063
2020-01-01,7170.63186879018,130044373322.33379,48878747238.241684,10,0.018124466255438704,0.27318295749091576
2020-01-02,6946.82526914085,125997729470.88753,47412624306.74169,10,0.018242991879397662,0.2734128803378184
2020-01-03,7315.3093603156,132696546617.9412,49906788236.50527,10,0.01829051383952592,0.27330710184611956
2020-01-04,7343.16419438925,133217241900.65343,50036894338.62454,10,0.018255120771153793,0.2730464663198136
2020-01-05,7345.53069181765,133275140628.50085,50350900567.05984,10,0.018376095989875944,0.2742034857323772
2020-01-06,7765.7977346581,140913446583.57416,55488351124.25947,10,0.018541407978844984,0.28252466001764237
2020-01-07,8136.08684190532,147650387097.9029,54640609513.856155,10,0.01760661586852922,0.2701089540763078
2020-01-08,8059.69952887201,146278447249.1157,53630020146.64477,10,0.01747862727881789,0.2682728793096741
2020-01-09,7817.13609322034,141891415486.24527,52636545884.79929,10,0.017586193009199547,0.27058601505826624
2020-01-10,8129.81791992987,147582148237.8166,55156714219.17655,10,0.017686669289681503,0.27205792491253084
2020-01-11,8032.00549503215,145822905688.42953,55200133075.90897,10,0.01778460863509061,0.2745960533440184
2020-01-12,8164.54999316189,148244692101.63885,55978359235.36504,10,0.017814469398803278,0.27410401944778956
2020-01-13,8121.92566762127,147485275164.18643,55228763088.29592,10,0.01771873175138059,0.2724466621276024
2020-01-14,8830.16787346581,160362182649.78302,63299948992.84618,10,0.018804622889792438,0.28301594251988893
2020-01-15,8811.44820251315,160038851605.64972,63173388529.516205,10,0.018822533544654574,0.2830193742568133
2020-01-16,8718.68699801286,158371394895.9236,62252783170.24383,10,0.0188162430068652,0.2821666406461289
2020-01-17,8912.54190414962,161910403912.36755,66530231425.119644,10,0.0191903055466344,0.2912364139017171
2020-01-18,8928.1807565751,162209239871.51685,66736067221.039536,10,0.01960925558617148,0.29149349278454506
2020-01-19,8687.35483664524,157850148001.62515,64278616945.65294,10,0.019199379509566034,0.2893754753505669
2020-01-20,8636.2587862069,156938136300.68027,64650450303.24781,10,0.01932867172910269,0.29175893620732973
2020-01-21,8730.86756019871,158674065182.0027,65335838841.075005,10,0.019376272468378357,0.2916649561813305
2020-01-22,8647.90047399182,157183091622.76913,64881112655.54321,10,0.019374092795710462,0.29217276537837644
2020-01-23,8366.38461396844,152082924891.57297,61813927617.5011,10,0.019381911432607334,0.28898942126733157
2020-01-24,8423.39095815313,153135182382.82776,61434008563.76859,10,0.01926155292010364,0.28631327868062273
2020-01-25,8344.77456896552,151723062490.33075,60698813860.108475,10,0.019236164361994674,0.28574652904379627
2020-01-26,8573.87480958504,155903844151.0003,63675408795.28994,10,0.01949633236865027,0.28998827503464153
2020-01-27,8901.95928486265,161883952905.72916,65008899455.12495,10,0.019089540654850898,0.28651805809966074
2020-01-28,9297.3883176505,169091413723.46133,67232340141.0591,10,0.018852196175727576,0.2844925194426372
2020-01-29,9311.94754354179,169374825966.0464,67340582722.80292,10,0.01875835058815912,0.28447908438152747
2020-01-30,9508.92096493279,172976113948.88013,70386586732.38463,10,0.01937725107367199,0.2892250395617151
2020-01-31,9357.28478240795,170234553906.81723,68604426214.08441,10,0.019253840676829725,0.28724132961611404
2020-02-01,9381.88602863822,170699826042.5783,69729527262.65517,10,0.019565629671477163,0.29002085770338987
2020-02-02,9339.38706312098,169943267782.81882,71346077419.74149,10,0.020172427511539956,0.2956868126930639
2020-02-03,9279.81252051432,168876392941.6707,71843632017.56038,10,0.020403606608348054,0.2984530764722544
2020-02-04,9161.62719772063,166740743006.20743,72734285757.16405,10,0.020550570539657663,0.30372388358300934
2020-02-05,9628.13677586207,175250308848.13208,78066809824.43433,10,0.021304754250694138,0.3081781848519374
2020-02-06,9739.2804364699,177289768826.43756,79708080913.07361,10,0.021854760637809754,0.3101507697199195
2020-02-07,9800.27939982466,178417196310.33414,81005421545.2745,10,0.02274048224823563,0.312252733454263
2020-02-08,9911.29340841613,180455462436.1386,81365374103.26123,10,0.022597795300095348,0.3107673750443351
2020-02-09,10151.0832026885,184840742312.64767,82882884960.09694,10,0.022506667373814532,0.3095837517383538
2020-02-10,9872.36187305669,179780570081.514,81006636879.15465,10,0.022703769827426067,0.3106235072772258
2020-02-11,10272.2225558738,187081233587.23752,84821656293.61772,10,0.02313516262338297,0.31195569981174387
2020-02-12,10360.1352229106,188700718413.703,91911768402.4678,10,0.025738028467005944,0.327539837750268
2020-02-13,10235.4973226184,186448589139.1426,94106204928.88896,10,0.026177526447899828,0.33542896759792745
2020-02-14,10361.6156901812,188763431392.39105,98449490206.59293,10,0.027489018856779856,0.34277528203989127
2020-02-15,9911.72432700175,180585098507.11847,90638651232.74472,10,0.026739428753284094,0.3341840503262649
2020-02-16,9952.04661157218,181337408895.616,87872277775.49245,10,0.026238692474391565,0.32640830596428494
2020-02-17,9683.0796277031,176455532970.7746,86789228868.63951,10,0.027533413296482255,0.3296902406042294
2020-02-18,10195.3037904734,185808950969.89783,91347050674.3059,10,0.027813294644137544,0.3295871283046281
2020-02-19,9636.00229865576,175632690004.13687,84412724645.99239,10,0.027093947566311682,0.32460762578553093
2020-02-20,9614.03012244302,175247351456.81827,83085478622.08371,10,0.02690150412649051,0.32162183411495593
2020-02-21,9701.79750268849,176865876880.39227,84861259827.0453,10,0.027408261621202995,0.32423561765360415
2020-02-22,9675.24905756868,176399792167.0473,84015306002.59613,10,0.027054949618982027,0.3226207182037719
2020-02-23,9972.84242308591,181843236236.80328,87913710000.71501,10,0.027572845925848966,0.3258997079663997
2020-02-24,9648.00788310929,175937259068.28143,83464211887.49727,10,0.027401218024210888,0.3217568951323556
2020-02-25,9344.28714009351,170415547339.4431,78527297262.18484,10,0.026597762726810092,0.3154430784618395
2020-02-26,8798.88894856809,160483857843.0548,71444720330.21567,10,0.02565171108294155,0.30804621359270506
2020-02-27,8779.02948188194,160137770415.14587,72701249595.92441,10,0.02578860482256467,0.31223825625304485
2020-02-28,8750.59344599649,159636352746.77155,72854720039.65172,10,0.02613238974933218,0.3133656667608022
2020-02-29,8582.09029964933,156577275161.4932,70641662359.69904,10,0.02564669987484326,0.3108968958765175
2020-03-01,8541.77389392169,155860614930.0949,69788465741.98785,10,0.025594644774192883,0.30927875058975174
2020-03-02,8906.21475645821,162527106819.9153,73929448370.7012,10,0.025958831887731924,0.3126555248641929
2020-03-03,8768.81061420222,160036426101.82803,72805205091.68121,10,0.0255774220570208,0.31268121906934465
2020-03-04,8756.36957218001,159827648015.21225,72550942314.02136,10,0.025599196673766075,0.31221009737270244
2020-03-05,9062.61580274693,165435942800.14697,74072316958.22496,10,0.025137731842883974,0.30926831931789267
2020-03-06,9147.08505897136,166995631895.5666,76997373674.09949,10,0.026711267516059845,0.31557205295425905
2020-03-07,8898.30695675044,162471226444.75668,74259079237.57573,10,0.02675338733063382,0.31368640792963676
2020-03-08,8109.61454114553,148086770498.23337,64100847815.959175,10,0.02500315569480028,0.3020951379031134
2020-03-09,7896.38531987142,144207873678.32483,63914181577.44469,10,0.025347180126624718,0.30709951186527534
2020-03-10,7909.92787545295,144468246215.19913,64368211665.33947,10,0.02539227837401129,0.3082230579785079
2020-03-11,7939.34133477499,145017268327.98505,62569547326.10431,10,0.024465002972033304,0.3014138789544639
2020-03-12,4959.31341437756,90594467680.79959,38430864089.60907,10,0.02224666852403746,0.29785518519722964
2020-03-13,5627.69238836938,102812902144.09328,45742142913.31016,10,0.02394586917355208,0.30791376284551525
2020-03-14,5145.17250642899,94005928118.49551,41347575961.91658,10,0.023726736295826046,0.3054784302987267
2020-03-15,5358.61066335476,97913564614.60318,42943286907.31503,10,0.02309455600496348,0.3048718357916213
2020-03-16,5012.92738778492,91604630050.69981,38934262447.587814,10,0.02201289789404676,0.29825794981444737
2020-03-17,5416.7547106955,98992369512.90936,41662233158.20691,10,0.021744286026338794,0.29620241618131093
2020-03-18,5392.48783594389,98555627712.75357,41257029983.9087,10,0.021823571464409237,0.29508794599570526
2020-03-19,6203.5516320865,113387305928.47572,47418244959.70761,10,0.022141752197283517,0.2948794037133708
2020-03-20,6174.14947603741,112858311337.38544,45214229092.667336,10,0.021303715397844383,0.2860346836310553
2020-03-21,6175.83102220924,112898621139.26904,45801903898.24621,10,0.021456486253300933,0.28860587504306673
2020-03-22,5830.56097960257,106596093106.52202,42435016395.13783,10,0.021000047156943043,0.28473931742865544
2020-03-23,6486.40865733489,118595581239.08948,46302182361.17748,10,0.02090367378389902,0.28079327063173415
2020-03-24,6775.05761893629,123884332494.96886,47686417434.90381,10,0.02057765410542097,0.27794025178764453
2020-03-25,6689.96901285798,122336150605.96745,46825446365.53762,10,0.020343220083639296,0.2768089637592229
2020-03-26,6754.46033606078,123528980419.07896,49211593248.02282,10,0.02052099036661983,0.2848872861963588
2020-03-27,6490.79541502046,118719519155.59431,48185425949.891426,10,0.020595567442916796,0.28869981005917894
2020-03-28,6231.81989023963,113993258453.11453,47325609995.658875,10,0.021025602282894868,0.2933668606204429
2020-03-29,5904.85758679135,108023566970.573,44805242514.297676,10,0.021199282731305648,0.29317275103640184
2020-03-30,6436.90570017534,117768692186.59364,47382777790.593254,10,0.02064692675406116,0.28690497152183053
2020-03-31,6432.3832421391,117698734312.41174,47931753882.30605,10,0.020755624835546747,0.28938967942880617
2020-04-01,6643.11000870836,121567284407.78577,48405592450.77236,10,0.020450482735915834,0.2847842158431711
2020-04-02,6792.74222209234,124318508345.339,49580488777.98801,10,0.020779788489590823,0.2851108378895718
2020-04-03,6751.90255178258,123582214925.00829,49970957059.3895,10,0.020990707462526303,0.28792880296006246
2020-04-04,6859.98916867329,125574021300.844,50586593144.093376,10,0.021040307666854434,0.287161766002498
2020-04-05,6790.81247264758,124322577425.2926,50162531515.74484,10,0.021053833181088756,0.2874888970192632
2020-04-06,7298.17374517826,133622754419.986,56818380944.72807,10,0.023240022810545494,0.29835140835468726
2020-04-07,7187.59333664524,131613224221.5547,55672027620.21427,10,0.02284732201808419,0.29725793714525744
2020-04-08,7372.19476399766,135006761796.008,58972663150.75498,10,0.02350653908154128,0.3040150426620753
2020-04-09,7299.57918790181,133691006813.91692,58325174102.132484,10,0.02332786596679915,0.30375134962002287
2020-04-10,6859.82267475161,125650890516.87971,54215663074.7048,10,0.022967153184305714,0.30142159279823666
2020-04-11,6883.18222895967,126092446156.63509,54679964953.29743,10,0.023017209781444867,0.30247959087100457
2020-04-12,6978.66628661601,127854957413.5737,55450750620.227,10,0.023020058093261346,0.30250422212712624
2020-04-13,6863.57553319696,125761070198.93243,54299071268.27647,10,0.022903314434212542,0.3015607497907302
2020-04-14,6875.53850344828,125994705942.76488,54138016758.06516,10,0.023126357065065935,0.3005451532977672
2020-04-15,6625.47577510228,121426285928.7838,52212629079.80801,10,0.023085306765618627,0.30069658680615735
2020-04-16,7127.79228223261,130646051882.06584,56989709572.56963,10,0.02426704279226206,0.3037252021190427
2020-04-17,7081.39519842197,129806876584.3978,56722177568.517204,10,0.024321791935802497,0.30409298876311686
2020-04-18,7262.79234360023,133146355855.414,59913207380.64182,10,0.025900425897392176,0.31033535131013096
2020-04-19,7150.2442154588,131096633928.62564,57927411392.65556,10,0.0253461013241669,0.3064552517337001
2020-04-20,6853.27341478667,125665595004.13223,55342064678.21979,10,0.024953588299474163,0.3057443247171907
2020-04-21,6870.42369865576,125992868717.38625,55822687014.729454,10,0.02496050322752102,0.307029213149274
2020-04-22,7123.65691992987,130648436527.64308,58500015371.23058,10,0.02563034775973468,0.3092809630950986
2020-04-23,7488.60516528346,137354908752.06412,60455235889.517,10,0.024790508021165364,0.3056225250684584
2020-04-24,7506.44331648159,137695605129.5817,60833891645.55711,10,0.024994772279024795,0.30642243411546866
2020-04-25,7537.73820911748,138282481992.70456,61680565746.30849,10,0.02570866705005737,0.30845982017043705
2020-04-26,7684.06852168322,140980122465.1078,62712642484.3357,10,0.025645586021619943,0.30787859598204664
2020-04-27,7777.49151858562,142707868307.3903,63161260971.75678,10,0.02527366416400562,0.30680297329141387
2020-04-28,7769.89969842197,142583524348.09668,65337299348.90683,10,0.025414280779693398,0.3142412490829722
2020-04-29,8761.83716954997,160802206508.21957,69743325852.06738,10,0.024582053729933977,0.30251432390836974
2020-04-30,8652.4109912332,158808556147.54883,66287266226.76654,10,0.0239106609120949,0.2944846578118025
2020-05-01,8855.53525827002,162552358585.9274,68315550921.07986,10,0.024020413398358694,0.29590752160817896
2020-05-02,8977.28170537697,164803746448.9257,69745308250.0628,10,0.02385286299679455,0.2973591530333445
2020-05-03,8896.7956383986,163344877181.00287,68152731464.95109,10,0.023614184684661785,0.2943992893213078
2020-05-04,8881.95430450029,163089932635.14145,67544915584.04638,10,0.023301395109381833,0.2928651767310285
2020-05-05,8985.8795993571,165015950017.1822,66912770415.48297,10,0.02280081930123531,0.2885057542276635
2020-05-06,9266.8130730567,170192827716.01007,66253477041.07693,10,0.021877648116081894,0.280205170087739
2020-05-07,9993.75317685564,183562058560.50375,68487390347.25159,10,0.0213124107683761,0.2717220396395966
2020-05-08,9859.32360461718,181109783310.85468,68820307403.29942,10,0.021544391622619084,0.2753582300020426
2020-05-09,9577.33892238457,175946177530.54236,68486987112.66656,10,0.02200766547327284,0.28018696731531817
2020-05-10,8715.03329322034,160123200654.1847,61571604613.966835,10,0.021519422879966436,0.2777313818404213
2020-05-11,8591.65288433665,157871609470.3379,60503457112.5018,10,0.021615790907414063,0.27706211180272294
2020-05-12,8817.25068112215,162025014405.08948,62573355279.229065,10,0.021528077890008143,0.2786011108058276
2020-05-13,9322.99720204559,171325501477.10483,64543769343.958336,10,0.021445680849935034,0.2736421286218457
2020-05-14,9801.26948772647,180121529585.91864,65238261112.618904,10,0.02076597090671242,0.26588815113872594
2020-05-15,9326.87585891292,171410710236.33826,63100477507.577736,10,0.020920400706036433,0.26907235477602404
2020-05-16,9395.4753893045,172678841534.62964,64226635151.93686,10,0.02137409315628591,0.2711065866869374
2020-05-17,9682.5324811806,177960818089.3417,65296157728.76866,10,0.02138620007297837,0.2684246053342056
2020-05-18,9726.85002209235,178783137073.02304,67085491128.37229,10,0.022077873308453497,0.27285095955154304
2020-05-19,9754.20146201052,179292877588.7186,67016154351.46241,10,0.021920858163259803,0.27208159531777976
2020-05-20,9515.702550263,174915846484.68948,66244090607.73603,10,0.02204827147498944,0.2746894505215753
2020-05-21,9068.80122933957,166708415917.14926,63085758242.41832,10,0.021934272452755706,0.2745315823307687
2020-05-22,9161.81503389831,168424610263.70425,65338730665.57825,10,0.022600726701832392,0.27950802895713384
2020-05-23,9183.66212507305,168833062758.505,64989498947.97157,10,0.02252981375351091,0.2779436615255056
2020-05-24,8806.23065715956,161900721760.6346,63254683475.788734,10,0.0229810362968417,0.2809378855878164
2020-05-25,8909.19258153127,163800615663.85913,64049029729.61317,10,0.02293050050645658,0.2811021698936913
2020-05-26,8835.13725336061,162445913210.84167,63155191148.43921,10,0.022734280569462455,0.2799418528016665
2020-05-27,9169.05743921683,168593394454.69797,64670828893.162636,10,0.022630243640034537,0.2772428105990381
2020-05-28,9568.26185300994,175941484285.8252,67400579284.656265,10,0.022927734878210287,0.27697874463505734
2020-05-29,9432.41333343074,173450984634.78247,67018983332.82266,10,0.023407034710607358,0.2787000135578307
2020-05-30,9691.68049117475,178228052044.65002,72107659335.19722,10,0.025132112176788658,0.28804383896225083
2020-05-31,9433.94384663939,173497171389.7032,69376096834.71147,10,0.02453311692543869,0.2856473145105785
2020-06-01,10199.1350542373,187578142707.6148,73975977161.11484,10,0.02442118391676852,0.2828323912398793
2020-06-02,9512.34653302163,174954690421.54977,71735903611.56673,10,0.02493387217661856,0.2907930231094935
2020-06-03,9642.27340035067,177352731439.34332,73395614247.77219,10,0.02529840519163692,0.29270627507690694
2020-06-04,9813.36067913501,180508843644.39648,73566512619.70221,10,0.024828167836818987,0.28954603744895857
2020-06-05,9641.8916225599,177365595706.9578,72492885304.37875,10,0.024923841238282084,0.2901357801062179
2020-06-06,9668.67053857393,177870046318.47617,72788111557.61612,10,0.025031331797548604,0.29038796173391423
2020-06-07,9747.58011104617,179331395772.25357,72809377072.16861,10,0.025071314182522182,0.2887647890136912
2020-06-08,9769.34236148451,179741658882.79865,73359509190.1418,10,0.025177570246170657,0.28984263387121373
2020-06-09,9779.42216566335,179936892008.73267,72651256891.43158,10,0.024983699121615743,0.2876273380511889
2020-06-10,9888.44417469316,181952982732.76923,73304828170.49643,10,0.025049934566861453,0.28717956920141635
2020-06-11,9277.45116931619,170721091857.55527,67611071833.51217,10,0.02488877566920627,0.28368421108764597
2020-06-12,9456.16153331385,174019304039.34656,69431868877.8077,10,0.02508020213995244,0.2851983338007378
2020-06-13,9461.33379865576,174123830972.77356,69714296765.20628,10,0.02516457118593049,0.285904002839617
2020-06-14,9342.955635301,171955158128.0987,68138556814.64039,10,0.02484623561866483,0.28379983553876464
2020-06-15,9441.38321127995,173774840415.629,68280243357.03883,10,0.024487708481805915,0.2820855579350936
2020-06-16,9520.09194827586,175232451346.34097,68836454501.77469,10,0.02469898636412304,0.2820369692836321
2020-06-17,9448.69356060783,173926399830.38492,69130545120.28043,10,0.024732292303038875,0.28442118835284563
2020-06-18,9389.99076639392,172853049353.45227,68279563774.84304,10,0.024635924000847246,0.28316187880614346
2020-06-19,9285.99158293396,170946908488.14093,67331264962.82361,10,0.02463691916773806,0.28257420303198594
2020-06-20,9357.29246446522,172267506962.98328,67618118296.85426,10,0.02446432359253869,0.2818764910303074
2020-06-21,9284.76937182934,170940831096.1998,66970014930.811005,10,0.024511005550290697,0.2814920633051243
2020-06-22,9684.62018474576,178311094487.316,70299259779.08981,10,0.02511412461339722,0.2827688331265501
2020-06-23,9611.72599824664,176978474354.71844,70339074958.02025,10,0.02527342321650174,0.28440794093861443
2020-06-24,9292.94354354179,171116880435.0637,68324591892.54409,10,0.025269039057468582,0.285349865369443
2020-06-25,9247.12143249561,170281277784.0368,67722946080.05552,10,0.02513446183078069,0.2845451436976488
2020-06-26,9159.43777206312,168676013923.73868,67304931939.5042,10,0.02507732167667268,0.28521341709728193
2020-06-27,9002.16561718293,165787526267.54556,64250307228.00379,10,0.024516261020675712,0.27930321830842175
2020-06-28,9108.06567457627,167746363406.58917,65339658125.73873,10,0.02464227517515333,0.28032422406195834
2020-06-29,9184.24736627703,169157750925.37515,66234090788.81242,10,0.024827330132304724,0.28137802188248207
2020-06-30,9143.96758530099,168424268927.21072,65790370320.93673,10,0.0246854281487823,0.2808977719417131
2020-07-01,9241.33961239041,170227137442.6157,67322985365.235214,10,0.02501216578588033,0.28340539070018206
2020-07-02,9094.38728679135,167529570926.75983,66456716015.26669,10,0.024927628242337258,0.28401970424759254
2020-07-03,9066.69069661017,167028603057.3506,66367084939.11978,10,0.024827013768921814,0.2843543747908635
2020-07-04,9126.21955493863,168134212097.31125,67358967922.92688,10,0.02507788363904423,0.2860336249106581
2020-07-05,9079.61401808884,167284838602.93985,66883171753.07039,10,0.02507455358901859,0.28562044683809107
2020-07-06,9338.94259117475,172071754943.9324,71510957519.10223,10,0.025825095173725016,0.2935797733591398
2020-07-07,9252.15873261251,170482056186.43045,71770706351.64581,10,0.025833260807649302,0.29626372719017063
2020-07-08,9434.56795645821,173852067499.54385,77456208073.56013,10,0.026163796462224716,0.3082119277485894
2020-07-09,9231.50234751607,170119612182.24487,76482763692.56366,10,0.026176868020907074,0.3101460941779057
2020-07-10,9285.22101542957,171118891700.69153,75706477756.00183,10,0.02595885436828666,0.30672081205690194
2020-07-11,9237.17100818235,170242376319.11676,76596374897.39389,10,0.025906962251488162,0.31030935993598757
2020-07-12,9289.09797691408,171208222386.19006,77945586436.20918,10,0.025977720525122202,0.3128412397330439
2020-07-13,9236.62250116891,170249528195.09436,76566443349.33548,10,0.025910593811341198,0.3102167289670417
2020-07-14,9260.3569868498,170695336818.95126,78248083754.35582,10,0.0259859115889856,0.3143207543872962
2020-07-15,9196.72555897136,169530356543.2783,78345574116.65573,10,0.025920251517499084,0.3160676952702584
2020-07-16,9132.59231209818,168355901495.54816,77663498333.79378,10,0.02557320705089602,0.31568038287902167
2020-07-17,9156.46870976037,168802806794.04153,77718524298.29599,10,0.025429609887415727,0.31526084965517887
2020-07-18,9175.90530859147,169168582934.48605,78099219926.21269,10,0.025709715502526684,0.31584872362137184
2020-07-19,9218.84231081239,169967724887.16434,78583179331.23811,10,0.02596401345757091,0.3161653327247075
2020-07-20,9167.19056750439,169023500679.14856,76023497115.70186,10,0.025783390728313534,0.31024047549991846
2020-07-21,9388.57434979544,173112681691.1186,78103108907.39748,10,0.02612224032146111,0.31090047612579824
2020-07-22,9531.2574301578,175752143889.948,81356257606.87482,10,0.02771923551824063,0.31642784573836713
2020-07-23,9609.16671537113,177196924217.30652,83526194763.11472,10,0.028641798054796073,0.3203635914212389
2020-07-24,9548.1007270602,176080450187.27267,82726402696.47209,10,0.029315519643716068,0.31964533309182713
2020-07-25,9702.45279047341,178935530196.2443,88768482225.92223,10,0.03147679861346397,0.3315919004080343
2020-07-26,9933.90655423729,183213878780.3678,89231314066.10265,10,0.03131094215815645,0.32752023676331365
2020-07-27,11046.5083295149,203744198144.59204,91223837286.80214,10,0.029261181657248215,0.30926685718127467
2020-07-28,10944.6129789012,201874736728.9706,92591998769.545,10,0.029056809757780546,0.314439587251823
2020-07-29,11115.7712819988,205042054834.9217,93013254315.913,10,0.028610335519683495,0.31206709446280134
2020-07-30,11135.3907261835,205413351537.4421,96041805179.49055,10,0.03017083918622926,0.31859400325227843
2020-07-31,11338.1973407949,209165345431.38367,99151857123.4294,10,0.030532189719405866,0.3215904150070966
2020-08-01,11797.5821265342,217650107985.90485,109726382378.78668,10,0.03281908795330857,0.335168790698909
2020-08-02,11094.0206841321,204680087352.3437,105461172754.68153,10,0.033547861704128434,0.34004238171434664
2020-08-03,11236.0956805377,207312688746.43088,110652384198.57878,10,0.034307985918821185,0.34800169456887337
2020-08-04,11202.651909059,206705783553.83923,111694218617.54723,10,0.03487235592700129,0.3507984229140335
2020-08-05,11721.4384715956,216287626623.5641,112664356678.25781,10,0.03417679468735278,0.3424948393604466
2020-08-06,11769.3091081239,217182425567.12643,112735332206.08817,10,0.03347655574987463,0.34170737873280044
2020-08-07,11598.9690585038,214050110955.4352,109586156502.3215,10,0.032789987797042744,0.33860901116907566
2020-08-08,11743.0086350088,216718673196.2909,113861486981.87657,10,0.0334122360546722,0.3444292812990062
2020-08-09,11680.5173661601,215576777624.0283,114015254020.96544,10,0.03331899993752405,0.345928429919605
2020-08-10,11870.3695447107,219090872112.69235,115165618631.70502,10,0.033310492224875275,0.3445426545801052
2020-08-11,11392.6440884278,210284480461.0364,110308860945.4324,10,0.033276852681471666,0.34407720528910096
2020-08-12,11575.5124736996,213671208433.45825,114746044256.48712,10,0.03345062913036221,0.34939103630106005
2020-08-13,11773.4481155465,217335699187.2392,121373922055.58746,10,0.03608114257715949,0.35834211502534336
2020-08-14,11774.4082518995,217365712666.77783,123569236461.28561,10,0.03720584985704182,0.36244226875922303
2020-08-15,11866.9103613092,219084951477.17447,125673622745.48604,10,0.036455082683733105,0.36452646037548697
2020-08-16,11899.6427535944,219700556192.07544,126808064184.63686,10,0.0363825353237716,0.3659593347108522
2020-08-17,12315.7624166569,227392906120.48355,127019659864.04224,10,0.03514532430307244,0.3583949104941954
2020-08-18,11992.6959962595,221438441189.4593,122614115620.20833,10,0.03530034716285145,0.3563819340777036
2020-08-19,11736.8490645237,216724493356.56393,118178500880.79863,10,0.03466683652342766,0.3528738258967001
2020-08-20,11867.5203439509,219148207449.6477,122909281327.42574,11,0.035075548681348205,0.35932346275139876
2020-08-21,11524.6989491525,212828757688.5696,114501251598.51509,11,0.033600930205190026,0.34980370986423
2020-08-22,11682.2891503799,215748935172.86252,120229692714.04665,11,0.03388997791752819,0.35784922829828364
2020-08-23,11665.6092735243,215452337487.74313,118419960427.3517,11,0.033598554363865094,0.3546863910747887
2020-08-24,11771.4080537405,217417299095.42203,121703192146.03914,11,0.034727553204146513,0.3588789096775158
2020-08-25,11358.4543202805,209799151719.14304,115954924009.01808,11,0.03377263832812014,0.35595847496250954
2020-08-26,11472.0491204559,211907514133.8888,117925239734.29149,11,0.033676966800061665,0.3575304100375096
2020-08-27,11314.6737410286,209009655884.56287,114003197327.67523,11,0.03379232660596594,0.35293703081458666
2020-08-28,11527.8830322326,212959896208.12207,117846322415.92294,11,0.034268193796083556,0.3562397433340062
2020-08-29,11490.7623477499,212284634016.18933,120579775081.76118,11,0.03484261126104365,0.3622489271488281
2020-08-30,11698.9758329632,216140533746.53052,124917472570.1828,11,0.03660119005670075,0.36626459504422815
2020-08-31,11678.3482268849,215770383728.23532,125271271541.32109,11,0.03734181931903254,0.3673195623048092
2020-09-01,11970.364856166,221177235000.2752,132900189784.81,11,0.040161614256430334,0.37534217231012845
2020-09-02,11414.5209336645,210917142600.07452,123044892232.47348,11,0.038653758374635555,0.36843976080745067
2020-09-03,10261.4944095266,189619829718.60855,106568776204.62607,11,0.03737687413477217,0.359800390944972
2020-09-04,10471.9664133255,193517929900.99304,108232243097.77118,11,0.03692420895152285,0.35868162732822834
2020-09-05,10128.64358609,187182381369.08316,95754504755.69357,11,0.03272107323431354,0.3384306163370488
2020-09-06,10253.2998980129,189495704608.09775,102076079408.05269,11,0.034450092466504836,0.35008901753812566
2020-09-07,10367.8783543542,191624618868.97644,101895736592.21072,11,0.034028800972167546,0.3471504946636814
2020-09-08,10108.6354501461,186842946951.56564,98108566891.03285,11,0.033309793369768366,0.34429916012036366
2020-09-09,10223.1114091175,188968383425.97815,101481957594.25565,11,0.03443706465471061,0.349395208963401
2020-09-10,10334.6307302162,191039959916.77655,104140119780.02576,11,0.03554852391069307,0.3528019908626439
2020-09-11,10387.0207419638,192017369942.6865,105180525338.9752,11,0.036003260710687844,0.35390736949631846
2020-09-12,10436.9778322618,192951979972.30692,107998245059.47377,11,0.037004587080916126,0.3588574989371383
2020-09-13,10322.5236148451,190846477252.03787,103745586422.365,11,0.03542172645706888,0.3521669427491079
2020-09-14,10662.719912332,197147876035.17255,105721455791.82878,11,0.035244384807240715,0.3490662298294922
2020-09-15,10779.3810249562,199315386280.44415,102505692984.29723,11,0.03376229070026475,0.33962403565055405
2020-09-16,10968.3205465809,202819584769.55252,102938336071.85951,11,0.0333070204012793,0.33666613047532695
2020-09-17,10936.2927505552,202239512659.74203,106998776847.61949,11,0.035610432157314104,0.34600753036784715
2020-09-18,10920.1128439509,201951566927.1664,104388770146.11472,11,0.035005286276225296,0.3407607732740184
2020-09-19,11073.7795478083,204803721045.65717,104899707202.88136,11,0.03478907702683211,0.33871019057205537
2020-09-20,10921.2180998247,201991869981.6736,101632416197.21873,11,0.0339895259231124,0.33473085264772906
2020-09-21,10455.3799623027,193385500705.58487,93914752228.88373,11,0.03275408370696689,0.32688711990206665
2020-09-22,10519.8391641146,194586236941.46973,94459626280.33075,11,0.03265293862175115,0.32679805629270253
2020-09-23,10233.2995687317,189295175073.38928,88658669008.41348,11,0.031327978696343226,0.318969033514503
2020-09-24,10739.0427094097,198659587209.1956,96391574904.63545,11,0.03251165168643031,0.3266944424623126
2020-09-25,10683.6305806546,197645812953.4677,99412370416.66072,11,0.032920827775349944,0.3346562255542879
2020-09-26,10742.0304202221,198736273241.69925,99383767511.58078,11,0.03301061641895633,0.333368287688614
2020-09-27,10758.8242899474,199057194328.15533,100246382947.22246,11,0.03310045625389771,0.3349321242993016
2020-09-28,10727.3750541204,198483977030.04517,99770461070.42986,11,0.033135779458015435,0.3345145899784381
2020-09-29,10841.1427444769,200598525114.73715,100433545911.56053,11,0.03317929191408706,0.33363071771441527
2020-09-30,10772.351766803,199336157853.55048,100177811112.40302,11,0.03341672833162236,0.3344679096546261
2020-10-01,10606.6173325541,196277557842.57623,98243056937.79909,11,0.03322085119141794,0.33356937344117377
2020-10-02,10570.1056777908,195610887017.89536,95906226059.55934,11,0.03271502575534846,0.32899003783039493
2020-10-03,10555.7054339567,195354357355.87143,96047432833.01479,11,0.03284034128045316,0.3296048139263557
2020-10-04,10665.618622443,197399052168.17535,98927933394.07495,11,0.033035064603976656,0.33384719655676737
2020-10-05,10772.6355995909,199389146257.06775,99499062935.05989,11,0.03278601387022112,0.33289725012571886
2020-10-06,10596.3735493863,196135347147.1712,95863340846.2701,11,0.03209621841720722,0.32830058759861047
2020-10-07,10667.1943941555,197456284574.17596,96753740121.76613,11,0.031982164324724574,0.328859426940868
2020-10-08,10902.5293637054,201823517432.12747,99389197714.76674,11,0.032151025205517596,0.3299634866552596
2020-10-09,11074.1036797779,205009453844.92087,103078119941.01176,11,0.033072463613304494,0.3345740909778892
2020-10-10,11302.8542864407,209254297811.47684,104254898879.04404,11,0.03284858812951299,0.33254175628525107
2020-10-11,11378.2625284629,210660289442.9037,105350415087.38522,11,0.032882472632291306,0.33337609636982285
2020-10-12,11548.401556692,213821025341.36935,107835389249.25192,11,0.03356923179616063,0.3352502370782695
2020-10-13,11434.9687849211,211732652073.08148,106718116779.5439,11,0.03336644653367137,0.3351165304579044
2020-10-14,11417.10811391,211412571561.06912,105325889790.71313,11,0.03318081858079786,0.332532681194451
2020-10-15,11502.5812390415,213006147807.5566,104594114469.3012,11,0.032818973623509835,0.3293262849327393
2020-10-16,11338.9871765634,209987678424.63257,102420904658.93932,11,0.03230446812842278,0.32784280011775757
2020-10-17,11362.8022174167,210439860963.4369,102945483297.03987,11,0.032414387078750995,0.32849488714914055
2020-10-18,11489.6225650497,212797199544.3845,104605938411.49052,11,0.03289243404522987,0.32956806629313384
2020-10-19,11745.8119675628,217551213059.644,105811324020.93663,11,0.03230624068483396,0.32722196261890685
2020-10-20,11929.4572507306,220963353768.35657,102263420579.30258,11,0.030918746335322992,0.31638288871858483
2020-10-21,12848.4906177674,237996587309.02545,108128935808.48563,11,0.030546246707665148,0.3123980422899221
2020-10-22,12997.4993417884,240767851351.292,113145738677.36882,11,0.03188585703202393,0.31969876790604734
2020-10-23,12953.4296969608,239962077749.97925,112402275586.41753,11,0.0316008970731013,0.3189944570786615
2020-10-24,13113.8669231444,242946632969.98505,114037597937.91449,11,0.03143762701858023,0.31944715778590155
2020-10-25,13041.6410374635,241618117679.51007,112177397237.18994,11,0.031188007665177035,0.3170684548208638
2020-10-26,13080.6561698422,242349930927.49588,109687258111.03874,11,0.03012163544849564,0.3115786102332279
2020-10-27,13675.5239275278,253379717438.13687,111602819862.3342,11,0.029545153001517912,0.30577577954217966
2020-10-28,13290.3288497954,246251140475.4076,107738660409.94855,11,0.029262132490647665,0.30435526713053807
2020-10-29,13475.2173007013,249685959749.5563,106342510465.36751,11,0.028703687107045246,0.2986910299650241
2020-10-30,13603.2960908825,252068603711.57968,105238085321.85759,11,0.028198781192169328,0.29453152866110843
2020-10-31,13807.2336110462,255857310085.0028,106037458164.47072,11,0.027998746672175466,0.29300633075572236
2020-11-01,13736.89941128,254564701609.4508,107753600362.12422,11,0.028796729945980596,0.2974003791025103
2020-11-02,13595.5647603741,251953637578.66876,104139669231.67474,11,0.028233348436161685,0.29245051013312046
2020-11-03,13996.915398597312,259403733547.6545,104483637443.98944,11,0.02775955906304265,0.28713180443513864
2020-11-04,14129.148195499703,261868434425.51367,105760342080.38074,11,0.02843735576214887,0.2876824363032011
2020-11-05,15606.46683372297,289263271222.87427,110319221273.94583,11,0.02671952332896668,0.2760862233593074
2020-11-06,15618.972471361778,289509996782.30493,118879926168.01178,11,0.029223937856686213,0.29109417124984815
2020-11-07,14866.356304500296,275573226966.525,113736926148.22682,11,0.029379903448551115,0.292149909880984
2020-11-08,15500.000707188785,287332273623.7841,118340475203.26085,11,0.029379078005743308,0.2917141354587618
2020-11-09,15319.819972530682,284009875050.116,115887455035.4285,11,0.029017834446153624,0.2897930201500427
2020-11-10,15319.27567621274,284013859076.82196,117571373121.6431,11,0.029472779925267454,0.2927681689837111
2020-11-11,15731.241105786092,291666002991.43646,119096902978.61009,11,0.029509174728688723,0.2899407450080091
2020-11-12,16289.814897720637,302038563120.44165,118333164821.398,11,0.02841447264630557,0.28149648740833
2020-11-13,16330.06276797195,302799008120.85767,122223783563.35904,11,0.02918368090445367,0.2875699514349076
2020-11-14,16102.010016949156,298584647008.3884,120265807141.5379,11,0.028726317913672826,0.2871330470098741
2020-11-15,15986.7549905903,296462424309.67584,117806919912.15302,11,0.02810737037408253,0.2843727675129901
2020-11-16,16743.05393980129,310504166190.32697,122987820922.37762,11,0.027608746485614104,0.2837141736841418
2020-11-17,17682.16918702513,327937646387.3307,128808445877.89871,11,0.02729840439376033,0.2820132411841206
2020-11-18,17804.690023962594,330228752696.0765,127029954961.32387,11,0.026930646139721733,0.2778076236363347
2020-11-19,17818.668662185857,330503275790.76807,127407838629.74748,11,0.02644137069443349,0.2782370521645484
2020-11-20,18663.78185312683,346198155989.3956,136531881878.19215,11,0.027302236021417205,0.2828327867917817
2020-11-21,18706.58933541788,347011959222.6888,160059936594.3435,11,0.02925992924773742,0.3156553102522926
2020-11-22,18482.692631735823,342878718720.17664,159003634068.30692,11,0.030576229998528277,0.3168145546159867
2020-11-23,18373.2577597896,340865435612.13654,184947444354.4277,11,0.03304879986895809,0.35173623811989596
2020-11-24,19150.251048509646,355296694015.8317,201843072796.42786,11,0.03157000549030956,0.36228444785281916
2020-11-25,18748.393713033314,347859153595.5024,187723674980.68744,11,0.03030912220964548,0.35050353552173796
2020-11-26,17113.716871420223,317545276569.07196,164167273753.15005,11,0.03029133648285077,0.3407992456151226
2020-11-27,17101.603018059614,317336964123.96155,170208557236.33124,11,0.03023352937364574,0.3491131592419004
2020-11-28,17745.377312448858,329299905495.87573,182021608299.81097,11,0.03047718853930453,0.3559826907117837
2020-11-29,18190.866880420806,337583882703.102,184183560863.55295,11,0.03160231774603371,0.3529993354980643
2020-11-30,19664.407606662764,364943559264.7621,198254778047.66522,11,0.031196947534501175,0.35201591502157764
2020-12-01,18820.60778959673,349301709105.5421,185429884272.86264,11,0.03125571510799035,0.346771888119284
2020-12-02,19214.872229047334,356634805528.82007,190285745802.06097,11,0.03116993975705004,0.3479220982627514
2020-12-03,19470.31120806546,361394948313.3676,192335650166.63577,11,0.031717740071957115,0.34734517235384726
2020-12-04,18732.967090999413,347725717595.1268,174598970605.46536,11,0.030543862779009473,0.33427286618780855
2020-12-05,19114.633130917588,354827495085.072,181580865410.7372,11,0.0311235738308491,0.33851237002141366
2020-12-06,19356.3136767972,359330296296.33527,187216461183.6754,11,0.031113712393526387,0.34254427205255655
2020-12-07,19182.176832846293,356115606012.0854,183421750595.86746,11,0.030852603457003514,0.33996116923030456
2020-12-08,18340.97813769725,340515325198.1123,170042000000.67523,11,0.03022295436663908,0.3330517291755019
2020-12-09,18574.69673524255,344870639715.8821,177876904863.97577,11,0.030913779134055384,0.3402730566758354
2020-12-10,18294.84695149036,339689620040.4412,173169392987.1882,11,0.030634326615399818,0.33765496674201767
2020-12-11,18061.760025716,335377356184.366,167369804435.7464,11,0.03020102452549355,0.3329104916859291
2020-12-12,18813.2837685564,349347444447.4736,167643992393.4477,11,0.03022042458167191,0.324268412292933
2020-12-13,19156.0825055523,355731616571.54486,173896876222.18707,11,0.030826904741833562,0.328337464068257
2020-12-14,19286.7512992402,358175636273.79315,171895746216.28174,11,0.03040792988918724,0.32428792025855185
2020-12-15,19432.5884640561,360900992195.48114,168949899907.70493,11,0.030309951652695153,0.31886310361218134
2020-12-16,21370.7203186441,396914973278.86566,187936847230.07803,11,0.029769937635166343,0.3213409630263843
2020-12-17,22789.2674160725,423279795671.93005,191209629576.07465,11,0.02820573994191767,0.31116829959914033
2020-12-18,23048.7645610754,428122220496.30286,192985408137.3931,11,0.02828828976230814,0.3107117015482804
2020-12-19,23856.7735192285,443154244629.2185,194349221534.57462,11,0.02765311262527576,0.30485986641622537
2020-12-20,23528.5506135593,437079507304.86615,188730036835.2369,11,0.027139875036271435,0.3015774345445026
2020-12-21,22937.4183435418,426117800653.27625,178512288104.70493,11,0.026705119477511988,0.2952421512323365
2020-12-22,23756.8887685564,441362670574.13776,174520418017.87482,11,0.026694398513318715,0.28336614732651744
2020-12-23,23307.2709018118,433031966997.9192,143411354689.37616,11,0.025250011059696098,0.2487865663350904
2020-12-24,23707.6330440678,440489071172.9482,160116477011.96396,11,0.025809981555652093,0.2665917381147267
2020-12-25,24669.1643220339,458376575230.92346,158949450050.01974,11,0.0253693349458137,0.25748055896020633
2020-12-26,26478.0681052016,492010402696.75085,157503357164.323,11,0.024012584739726277,0.24249425785530979
2020-12-27,26430.8565971946,491157576017.431,163937655480.31485,11,0.026048368236396207,0.2502501126523296
2020-12-28,27039.3490199883,502492068165.2396,167168468390.31277,11,0.02701685962788434,0.24963165554021735
2020-12-29,27231.2034552893,506083309589.8401,164408501677.53778,11,0.02687858790138488,0.24520583087624787
2020-12-30,28844.6136781999,536099036611.89905,164412409535.79218,11,0.026043270056800273,0.23470338770328752
2020-12-31,29022.6714126242,539438485763.34326,165151924370.1533,11,0.02546374313194435,0.2343942267662463
2021-01-01,29380.6937327878,546120334521.1261,165502231664.4321,11,0.024877367678202093,0.2325702409235808
2021-01-02,32022.6810578609,595259096891.809,171529976317.09558,11,0.024210859204516755,0.22369903577168454
2021-01-03,33277.8353050848,618623608665.4474,204112488038.27103,11,0.02976050923615334,0.24808986606524874
2021-01-04,31802.1467136178,591225447115.9056,210825217963.8775,11,0.03239776415530885,0.2628577309924752
2021-01-05,34013.1741724138,632363459585.743,224567550428.10037,11,0.03238626917205493,0.26206024499506975
2021-01-06,36643.2777223846,681302148777.4781,260236689361.8761,11,0.03273048903683529,0.2763950660560635
2021-01-07,39215.6511490356,729171021092.3743,263510221415.1586,11,0.031115490309933252,0.2654530076034543
2021-01-08,40775.4045634132,758210602558.811,261523619034.46414,11,0.029917072173214685,0.25646253062474333
2021-01-09,40370.6823495032,750719944876.221,278485831553.86865,11,0.031878832564746024,0.27058323799913614
2021-01-10,38329.3401665693,712797906122.6932,270213933907.34824,11,0.033014820030950826,0.2748837022136888
2021-01-11,35269.5137177089,655929285013.3878,234963686306.897,11,0.030703731676920473,0.2637395218851999
2021-01-12,33712.4685452952,627003122628.9136,230219099685.10855,11,0.030814694458068007,0.26856408255918207
2021-01-13,37296.5475277615,693697236158.0138,252845911398.1358,11,0.030242122595189096,0.26712560547392983
2021-01-14,39045.518340152,726263096560.8242,266714710525.35202,11,0.031056553301301863,0.26860087770542185
2021-01-15,36710.3174248977,682862938504.5984,258635349934.82294,11,0.03180704861387081,0.2747061286362224
2021-01-16,36177.2610970193,672980587612.2975,273478925466.04507,11,0.03404099456534635,0.28894941800157914
2021-01-17,36069.939466803,671014140602.7698,278603812478.56805,11,0.03443446980337827,0.29338515723565384
2021-01-18,36594.2964018118,680801989756.2803,278655248765.92865,11,0.034217257001480296,0.29043008648840213
2021-01-19,36250.1461893629,674433161169.6399,294469286722.8814,11,0.038236684525816265,0.30392046935518363
2021-01-20,35515.480012858,660796011360.799,292919397234.5827,11,0.03851343243136891,0.30713501595406767
2021-01-21,31022.9510280538,577233663032.7885,249404891216.8078,11,0.03651149856397845,0.3017097254110195
2021-01-22,32986.4357568673,613796635287.0496,269370540744.59238,11,0.03745091033874441,0.305005154239271
2021-01-23,32036.2822723553,596147845572.6093,273011061211.0649,11,0.03848017499721879,0.31410949031327695
2021-01-24,32216.1042904734,599522055193.0248,290979275177.8899,11,0.043060150408321,0.326758944938005
2021-01-25,32419.7059462303,603339325091.353,280226726403.903,11,0.04088894563088809,0.3171542477550786
2021-01-26,32640.6391426067,607483795108.3151,283520454234.67737,11,0.04172249804828767,0.31820325710426106
2021-01-27,30358.9347235535,565045318370.5283,258951651171.93536,11,0.04104024603961445,0.3142628683643364
2021-01-28,33511.287595149,623747780660.8578,287109586611.74713,11,0.04003948518205643,0.31520806322448053
2021-01-29,34166.1494259497,635969224450.955,295350588963.9553,11,0.04049062942785412,0.31713122034951735
2021-01-30,34349.9170952659,639419076068.8511,311443619517.6522,11,0.04017094243767632,0.3275379515499345
2021-01-31,33157.8325745178,617258425467.524,307089420253.1389,11,0.03972956800515957,0.3322227900187491
2021-02-01,33570.2718468732,624961266006.2303,305910558283.63544,11,0.040808576106261416,0.3286280133325611
2021-02-02,35596.1489094097,662710063272.541,328584086016.8086,11,0.042818346888546764,0.33146981272144876
2021-02-03,37578.3732068966,699649284857.6385,353898769734.3453,11,0.04416157254113426,0.33591136938827393
2021-02-04,37129.2029376972,691323581111.5704,351800700210.57666,11,0.043318934862468524,0.33725674544232986
2021-02-05,38045.4136084161,708423060288.5243,372895827954.1383,11,0.04522170487797114,0.3448527830306941
2021-02-06,39341.727081239,732600102916.4371,373199261228.43695,11,0.0427969974558566,0.33749274355663583
2021-02-07,39003.0121817651,726330767434.7867,366871733624.25525,11,0.041433791172434654,0.33559357325733113
2021-02-08,46121.9340724722,858949072826.5892,391867800795.9132,11,0.03780294184130326,0.3132895062896147
2021-02-09,46548.1619912332,866928505326.4625,401312083008.9446,11,0.03804302350125609,0.3164321396902107
2021-02-10,45078.128350263,839590396720.4327,411250234550.6617,11,0.038781818809725054,0.32877908205840134
2021-02-11,47892.8409181765,892053672305.5282,424831427936.84766,11,0.037282881014972694,0.32260326117947297
2021-02-12,47525.2091431911,885248328501.2935,456728847074.24457,11,0.03885210047200792,0.34034024973514604
2021-02-13,47208.6250270602,879397542244.0934,465816057415.9723,11,0.03853983888845723,0.3462766489527638
2021-02-14,48829.8275096435,909642134133.6622,453437392390.77356,11,0.037099592024856735,0.33265659381367346
2021-02-15,48110.2417334892,896282713832.7703,442610200801.6579,11,0.037154887556358346,0.3305792389845519
2021-02-16,49140.3826578024,915511120381.0225,438135907767.4736,11,0.03623536895035853,0.3236707196607606
2021-02-17,52224.9391139684,973022997734.0732,453828158813.50415,11,0.03533254366324595,0.31806271924787943
2021-02-18,51650.0699485681,962356492673.0547,463437711839.5907,11,0.037413531647041115,0.3250382912013586
2021-02-19,55820.5044038574,1040114403936.8182,479538980567.7873,11,0.03513089519924987,0.3155581302009294
2021-02-20,55861.8205670953,1040935228534.234,473108712398.31177,11,0.03424167911954148,0.3124801728719377
2021-02-21,57500.7161102864,1071525228027.2616,480999062780.3804,11,0.03363234370417996,0.30981741517883676
2021-02-22,53952.1533386324,1005442646562.84,451548543531.9129,11,0.032829247562435056,0.30991851330449516
2021-02-23,48560.4890350672,905003103158.0413,390994990773.54956,11,0.03218760056282899,0.3016941094314512
2021-02-24,49567.3456890707,923816728819.2362,406040143747.1402,11,0.03261348402793137,0.3053261987235951
2021-02-25,47568.131170076,886602532433.4717,381830178111.4026,11,0.03135426640636673,0.30102517456159084
2021-02-26,46231.7675784921,861734772437.3928,378765540801.2668,11,0.03119723078479541,0.3053328860614291
2021-02-27,45834.5133611923,854375146984.0432,390867701850.7635,11,0.03172352147493698,0.313888734407513
2021-02-28,45359.4641642314,845557162612.1533,381779884946.34814,11,0.03142422189079981,0.3110636036823051
2021-03-01,49634.4471092928,925288521256.2084,408370584857.3485,11,0.03149498123591838,0.30620312416070816
2021-03-02,48304.7054879018,900542565669.1763,397135569729.22485,11,0.030843349093331265,0.3060354943926831
2021-03-03,50690.4671835184,945068375223.4531,413989572387.1503,11,0.031249800865420445,0.3046150998307295
2021-03-04,48472.7954751607,903761087528.4237,400953488964.79724,11,0.031729607532841,0.30731126653192603
2021-03-05,48800.8173594389,909922405336.2163,397085285311.10345,11,0.03136915270378273,0.30381250864288306
2021-03-06,48970.5244868498,913133225105.1299,412158330783.71,11,0.03389464097821152,0.31099445925865404
2021-03-07,51086.4681794272,952634973107.2288,422766516467.2166,11,0.03365197670381656,0.3073768057340277
2021-03-08,52088.475131502,971370359588.6669,440805034822.8702,11,0.035058139880857035,0.3121460950015749
2021-03-09,54739.1352542373,1020849011792.8512,454287876260.1731,11,0.03401640578044905,0.3079631998490458
2021-03-10,56116.040912332,1046579658341.0732,438897622117.8709,11,0.03213741492219173,0.2954589934773501
2021-03-11,57847.2549357101,1078915001902.6392,439224306737.3215,11,0.031595508951377416,0.28931752457605797
2021-03-12,57334.641534775,1069407948747.6104,424074290648.73096,11,0.030845289988648748,0.28395000587361513
2021-03-13,61288.7941276447,1143215732518.7432,454854555099.9744,11,0.03144469708872524,0.2846273775465487
2021-03-14,59905.6184704851,1117474232904.1155,442330349700.87695,11,0.031285029848668613,0.2835806194146138
2021-03-15,56121.121924021,1046930473230.8708,424623124635.47064,11,0.03201833905232849,0.28855430427484735
2021-03-16,56500.4460257159,1054059319176.5367,435304961256.4699,11,0.031804204296214514,0.29227568229977463
2021-03-17,58683.0659824664,1094827655431.387,448645087255.41174,11,0.030994757504825488,0.29067250418328294
2021-03-18,57731.4798410871,1077129119414.3888,436257305675.3161,11,0.030860896196788383,0.2882656395239288
2021-03-19,58168.1219222677,1085329605069.3691,444771309996.62604,11,0.031123126805072412,0.29068103000084966
2021-03-20,58247.8847066043,1086873922161.563,449939673458.59033,11,0.031121215439486954,0.2927743968044643
2021-03-21,57447.9330198714,1072003269491.2437,441875415840.3524,11,0.031066838178326946,0.2918829759093709
2021-03-22,54453.1373508475,1016170477565.7162,425972885943.9644,11,0.03101958583053656,0.29537485434686117
2021-03-23,54563.6119458211,1018286990169.8544,422969531739.08826,11,0.030638589994165615,0.29347276165582625
2021-03-24,52595.4113237873,981605643201.5552,393300868234.93524,11,0.030171499248090324,0.28605644453892204
2021-03-25,51547.1248953828,962090739266.12,396743473211.2962,11,0.030824844784018483,0.29197342072213245
2021-03-26,54817.8571122151,1023183245013.2983,427128106889.75793,11,0.030932786633034455,0.29450786986483485
2021-03-27,56019.8373055523,1045674049178.2084,426541769625.85,11,0.030669833658886973,0.28972774519726835
2021-03-28,55713.0381396844,1040002658248.1864,423202513541.97943,11,0.030247183877775974,0.28922978246735565
2021-03-29,57571.2333477498,1074744167036.5872,445504532974.0646,11,0.03145917009866507,0.29304713957061307
2021-03-30,58684.5483921683,1095581166692.6075,448836024244.9693,11,0.031368972706130295,0.2906183814054104
2021-03-31,58792.1948275862,1097648506570.546,463096379405.90314,11,0.03260432826004211,0.296714974732194
2021-04-01,58818.9770985973,1098201835461.6188,475014486231.73596,11,0.033513686905485125,0.30193844271870196
2021-04-02,59031.5340192285,1102222111989.422,505374271353.1257,11,0.036151336320763644,0.31436638984117454
2021-04-03,57282.3896247808,1069609423123.5428,482995502188.5576,11,0.035353777866095955,0.3110871892226331
2021-04-04,58202.199391993,1086837744784.4452,500311323842.75665,11,0.03569273331992093,0.3152264231081324
2021-04-05,58755.8525295149,1097233663848.4355,547025678826.45605,11,0.035733075061167595,0.3326881986490958
2021-04-06,58084.0664231444,1084740698496.7766,572817982806.213,11,0.03644547278403034,0.34557930845375967
2021-04-07,56266.8346762127,1050858458013.2948,526294534599.37024,11,0.035285402186147584,0.3336991002550274
2021-04-08,57963.3445994155,1082591596128.1456,555487289309.5548,11,0.03585973256561959,0.3391089978924468
2021-04-09,58051.7625563998,1084298143058.165,546859772920.40955,11,0.035589851422699,0.33525863287880003
2021-04-10,59651.5589877265,1114237875675.663,601827483249.5496,11,0.035710513294989706,0.3507019590596943
2021-04-11,59932.9306469901,1119547961330.9443,610377345133.95,11,0.03577953043772844,0.3528345084339261
2021-04-12,59905.9363744594,1119097619041.5125,619157100402.8107,11,0.035769892431403084,0.3561946896946955
2021-04-13,63445.638314436,1185278789468.1714,691393158146.179,11,0.036218276817734256,0.36841450048053787
2021-04-14,62869.4955873758,1174568449691.4597,722194130482.6838,11,0.0386562498393048,0.3807509374295957
2021-04-15,63231.162987142,1181393313259.5356,738867022371.4641,11,0.03984715979237239,0.3847744020232921
2021-04-16,61571.1100905903,1150416986978.1597,735344267550.7448,11,0.03943980940574737,0.3899455807487393
2021-04-17,60280.8761758036,1126344072578.0193,706821692234.0514,11,0.03885412361011435,0.3855743467402753
2021-04-18,56389.5579812975,1053678758609.268,667823494279.1157,11,0.039785425273935235,0.3879306536826328
2021-04-19,55798.1370771479,1042661468497.9922,644199365909.0647,11,0.038865546332220814,0.381892419794965
2021-04-20,56474.3737586207,1055343018461.8728,669249164834.0176,11,0.04123118068844311,0.38806227426765144
2021-04-21,54025.7995745178,1009620339154.9824,651745185781.1704,11,0.043756783848952034,0.3922948779174994
2021-04-22,51882.0598106371,969605047752.2135,630125740035.5951,11,0.04663857286313584,0.39389486333945345
2021-04-23,50954.9100607832,952320874673.5841,615326027172.1705,11,0.04625903693249871,0.3925157039175613
2021-04-24,50279.9484464056,939751744133.4489,584047671671.5258,11,0.044482673437127966,0.383283827000939
2021-04-25,48946.9407428404,914880447463.5385,583014606663.2759,11,0.047001028335736765,0.38922259944515236
2021-04-26,53943.3499783752,1008308106916.2404,666232134937.1909,11,0.04682799418335654,0.3978597338453839
2021-04-27,55027.0309848042,1028613088872.3912,696104966433.7388,11,0.048091806728839205,0.403605078692229
2021-04-28,54787.3787071888,1024181924008.5573,708122753683.4265,11,0.050015728212588074,0.4087749475033951
2021-04-29,53567.0811938048,1001410824175.2202,711832088590.8763,11,0.05153365086468593,0.41548812680718816
2021-04-30,57741.44441654,1079500865486.8406,747920455480.3745,11,0.047977498419108165,0.40927641967344247
2021-05-01,57863.5903927528,1081834705464.8834,788440986104.5352,11,0.05097019767598903,0.42156404516113066
2021-05-02,56572.5968410286,1057763322365.5808,774976141769.561,11,0.05218916863418441,0.4228512327775227
2021-05-03,57243.0416054939,1070362250436.1664,846725672246.3539,11,0.05993127160768225,0.4416728425588105
2021-05-04,53724.10892519,1004624064123.3464,823299286428.8473,11,0.060957577407623954,0.4504014274888159
2021-05-05,57342.0256616014,1072334244435.8468,926541444693.1317,11,0.0614893537325877,0.4635312989858201
2021-05-06,56527.3529789597,1057159380527.9104,932743466056.0756,11,0.06192653502341924,0.4687381937551835
2021-05-07,57341.0684549386,1072438910564.6576,931971562409.8711,11,0.06073539414554251,0.464960433491865
2021-05-08,58736.1258950906,1098593174225.6294,970916562761.9777,11,0.06617336327961923,0.46915293289474963
2021-05-09,58288.4256303916,1090287204598.6418,974975203578.0323,11,0.06718454600301993,0.47208296617319123
2021-05-10,55902.9277399182,1045729267184.1482,935737090052.5886,11,0.07073481332139325,0.47224475279889444
2021-05-11,56612.1026487434,1059056066491.1912,990888387923.4182,11,0.07340783689747717,0.48337328642710975
2021-05-12,50972.355081239,953606762907.2688,911349215065.6526,11,0.07799330175838141,0.48867063128011545
2021-05-13,49368.6144739918,923653159148.4512,900595047409.3163,11,0.07468629876068947,0.49368010568511284
2021-05-14,49997.3959011105,935459104298.8986,986738892457.5217,11,0.08173845238956653,0.5133388413277805
2021-05-15,47047.9633331385,880310927346.3748,931709623730.9893,11,0.07806080186732615,0.5141827023854819
2021-05-16,46022.5037090006,861161597488.6411,918487738701.7124,11,0.07748042183266834,0.5161060215760785
2021-05-17,43492.3954833431,813851735267.4691,860321807498.7037,11,0.07541617889168878,0.5138785111113553
2021-05-18,42789.8093921683,800731332066.7421,885814720659.5538,11,0.07871592972060515,0.5252241521822884
2021-05-19,37642.5200017534,704438836807.3655,642495828441.4326,11,0.06736361527912224,0.47700593430250343
2021-05-20,40799.4021475745,763545013579.125,707798216389.0833,11,0.06808739924389078,0.4810558148314427
2021-05-21,37174.3311014027,695728769937.6442,608149931712.544,11,0.06493686133588247,0.46641603313473085
2021-05-22,37643.4197983635,704535197246.9867,576709152994.8575,11,0.06165333049090735,0.4501164456928138
2021-05-23,34774.207221917,650860805397.6799,514765117818.57153,11,0.06055058182632739,0.4416211990191559
2021-05-24,38630.4091186441,723066857297.3594,634467783025.5232,11,0.06798189623077662,0.4673676561760651
2021-05-25,38269.7710747516,716346014295.941,641118238082.53,11,0.0704625688674126,0.47229106546209176
2021-05-26,39194.8588980129,733691994944.9177,686953325005.341,11,0.07319121978005536,0.48355019747602684
2021-05-27,38510.8570417884,720916265382.9325,654340411746.4556,11,0.07122935089516834,0.4757951171066325
2021-05-28,35596.7179510228,666390584725.3661,589159235191.4111,11,0.06785184537689692,0.4692440123407153
2021-05-29,34681.8183670368,649288294161.1663,554920612466.355,11,0.06599590907486808,0.46081756197971696
2021-05-30,35652.1687703098,667486590030.1371,583255717177.3071,11,0.06708461711217148,0.4663276470431012
2021-05-31,37312.9748970193,698613395865.977,654469667024.2272,11,0.07233983527383508,0.483687723964463
2021-06-01,36661.3781184687,686446041528.999,648549393278.7898,11,0.07163401058550041,0.48580645024615177
2021-06-02,37639.4556732905,704798573851.8448,672406412852.8496,11,0.07208286675194396,0.48823989118842015
2021-06-03,39160.1504132086,733309551805.9535,694651574763.6493,11,0.07299770220704879,0.4864639252697402
2021-06-04,36884.3735551724,690723752475.9788,648174508897.0044,11,0.07291102345711509,0.48411035221774734
2021-06-05,35409.5672366452,663134442422.8171,624254267757.2709,11,0.07356685610500593,0.4848995977834436
2021-06-06,35720.6043546464,668992893681.9762,640699442874.689,11,0.07575735601606559,0.4891984361450591
2021-06-07,33724.9077517826,631644548545.3397,600952581433.0266,11,0.07709907263060321,0.4875498788834387
2021-06-08,33475.0489234366,626996036535.329,592494339591.1049,11,0.07525179846824193,0.4858540511595448
2021-06-09,37372.9888953828,700034858090.9735,615137192723.9878,11,0.0697196339289601,0.4677237418045882
2021-06-10,36826.0022185856,689816389289.0381,586260859763.3496,11,0.06738121455972242,0.459424270904215
2021-06-11,37185.3931268264,696572821848.9191,555033389156.4731,11,0.06306324130121621,0.44345688306438263
2021-06-12,35669.1712817066,668199727376.6781,561253881430.1001,11,0.06674784549715668,0.45650675829469795
2021-06-13,38925.4194289889,729231971944.1294,590135696010.1624,11,0.06434475026627552,0.44728676497369424
2021-06-14,40455.5959833431,757932558315.0496,607174006444.0454,11,0.06370057530961686,0.44478139811099326
2021-06-15,40254.6514679135,754200836376.5773,597921811117.3215,11,0.06341480905495404,0.44220974497065324
2021-06-16,38265.5437726476,716962840858.3024,560341233114.8733,11,0.06170040078186198,0.4386905549998589
2021-06-17,38018.6432346581,712367675979.0337,562257894576.6025,11,0.062295452810875375,0.4411161266217988
2021-06-18,35714.3120787259,669218352695.6392,530095382975.9738,11,0.06228806297017274,0.4419989258933331
2021-06-19,35555.9763966686,666274332004.6891,516554630919.7664,11,0.061164252058534735,0.43671117897098494
2021-06-20,35599.9418784337,667121552365.0758,528338173696.0697,11,0.06299626733703928,0.44195397149585464
2021-06-21,31715.1598624196,594343881161.0618,429921467571.4685,11,0.059920652651651994,0.41973641703633896
2021-06-22,32394.5555949737,607094219837.7976,415226399294.76184,11,0.057652397609128436,0.40616064229153676
2021-06-23,33610.4968129749,629902934904.7167,451360438460.0787,11,0.05837789470212688,0.41743801702584743
2021-06-24,34658.972875979,649575438469.43,468741740454.74896,11,0.057320377482767894,0.4191491906667109
2021-06-25,31683.5032004676,593831228445.3011,429585307902.24036,11,0.05737518894184534,0.4197560745260009
2021-06-26,31890.6764465225,597731932924.4774,426053615885.3794,11,0.05650479939801075,0.4161551375487411
2021-06-27,34506.4911975453,646773066239.3123,458758968239.77515,11,0.056931952531226966,0.41496668927910035
2021-06-28,34376.188538983,644349642813.4773,473992645799.63965,11,0.060486005700892756,0.4238350374709064
2021-06-29,35933.7782178843,673565423656.2108,499277169534.88806,11,0.06038859090894324,0.4256983609168239
2021-06-30,35065.4661533606,657308520165.8943,510021147815.5759,11,0.06480076574265449,0.43691269210821754
2021-07-01,33505.0804935126,628078911133.4493,479956482373.49316,11,0.06311150585017367,0.4331598838683541
2021-07-02,33782.9459464641,633306719050.4343,484167598823.28253,11,0.06364157016174637,0.4332695535630173
2021-07-03,34588.2242916423,648430198161.1792,495280303570.25494,11,0.06406524988493607,0.43304691425012076
2021-07-04,35355.6078883694,662841855840.3812,515931515185.5817,11,0.06578638119582567,0.4376850782916254
2021-07-05,33911.7538404442,635800664838.8307,492352342458.0977,11,0.065423690399501,0.4364233745542915
2021-07-06,34123.9815680888,639809939899.6041,507373552941.1428,11,0.06793189164419279,0.44227759212673473
2021-07-07,33931.6186382233,636229302844.7092,504909171450.2523,11,0.06828673778917684,0.44246091322282716
2021-07-08,32819.6595312098,615408206333.4872,468419034187.21564,11,0.06456265424648029,0.4321897592850436
2021-07-09,33914.8810742256,635972699231.9186,478242585901.2012,11,0.063505271725739,0.4292191933483157
2021-07-10,33610.9458386908,630307119097.991,470066814760.34735,11,0.06298733684648558,0.4271882496453824
2021-07-11,34258.4413898305,642476387837.8834,474584509746.1882,11,0.062471986459118924,0.42485106297481
2021-07-12,33135.2359117475,621438096852.9285,456655260817.7678,11,0.06135557146195255,0.42357673161478954
2021-07-13,32641.9759610169,612214949439.348,439014839045.1466,11,0.05942165619067426,0.41762024236209316
2021-07-14,32798.2845189947,615181434967.0844,445078029569.8027,11,0.06074836090825431,0.4197821801705956
2021-07-15,31707.6900368206,594751052034.9653,428075435147.2247,11,0.060328402954124755,0.41852204700578327
2021-07-16,31455.7175818819,590054215680.704,417412547968.9279,11,0.05970639781104744,0.41431892646941165
2021-07-17,31547.9511990064,591812552914.4733,420371746198.07404,11,0.06012961384888427,0.41531146705856165
2021-07-18,31707.7038527177,594837912850.213,420264571152.85187,11,0.05969174229313851,0.41401196211788893
2021-07-19,30883.4697462303,579408058603.4889,401929439346.4756,11,0.05900273030230169,0.40957309812996545
2021-07-20,29766.6577182934,558478126514.6532,388966606666.1549,11,0.05997764247866581,0.41054279267593485
2021-07-21,32119.6572258328,602653902984.2952,428948222185.6794,11,0.0618154802117503,0.41580781167448894
2021-07-22,32306.9614285798,606199143136.722,442194834168.4577,11,0.06255377212737857,0.42178307367339835
2021-07-23,33439.5957028638,627479802970.8693,457384490676.34485,11,0.06318007798663053,0.4216052582380237
2021-07-24,34166.914654588,641160519675.9818,467848705177.6858,11,0.06378503749125455,0.42186186975984613
2021-07-25,35119.9374360023,659078087900.0309,467778761973.9278,11,0.062284989569389645,0.4151181776338759
2021-07-26,37444.7825102279,702742383037.9468,481348033899.7053,11,0.059852376660374663,0.40651290392552053
2021-07-27,39126.5402881356,734346228533.4615,490660724353.5568,11,0.05843166513630409,0.4005370934403261
2021-07-28,39939.1940432495,749637705826.2058,500976591284.7886,11,0.05751321225642666,0.40058441075084394
2021-07-29,40086.1643950906,752436348341.3021,517659265813.4795,11,0.05948322174769275,0.4075750361188117
2021-07-30,41789.6670981882,784455260094.1389,530949444226.7968,11,0.05865814401368028,0.4036396118112517
2021-07-31,41793.3137481005,784564984126.0333,545862853276.6965,11,0.06087996255229107,0.4102912145481965
2021-08-01,39968.9689544126,750355941541.017,543621350131.24255,11,0.06414319903042612,0.42011660763281133
2021-08-02,39304.1862835769,737910797087.4546,553072650390.6273,11,0.06663516655756097,0.42841188356910925
2021-08-03,38288.8253975453,718888492618.7064,537436625102.8671,11,0.06563051400901458,0.4277846693677056
2021-08-04,39773.9113489188,746805401841.9286,569269253049.988,11,0.06858601935630339,0.43255088222692023
2021-08-05,40941.650434249,768772119139.358,581569492137.3008,11,0.06901371290539107,0.43068323399103825
2021-08-06,42790.3573284629,803528296774.2887,593004216679.9591,11,0.0674926417004974,0.4246261443732486
2021-08-07,44484.9005862069,835395295482.4253,644613528143.5393,11,0.07066173599516179,0.4355470844857945
2021-08-08,43972.3010181181,825812457038.7324,619023934874.3539,11,0.06884670603378541,0.42843877572512795
2021-08-09,46265.6424564582,868926021044.1494,645883102285.0597,11,0.06826381410828002,0.42637920008400415
2021-08-10,45488.7912624196,854382704549.5062,655020308941.8606,11,0.06906588938525156,0.4339598523967086
2021-08-11,45676.3263611923,857947004307.331,685488339814.8171,11,0.06936991745842166,0.44413155525131426
2021-08-12,44405.7483483343,834123407129.0948,661304384606.2289,11,0.06841595152864033,0.4422175301682994
2021-08-13,47717.4853559322,896373859155.2133,730891577881.4448,11,0.0695023829818559,0.4491532611990085
2021-08-14,47124.2050736411,885277380213.1919,753747545087.1765,11,0.06936910003681576,0.45987558422825353
2021-08-15,47074.370710111,884394736774.213,766086922737.0051,11,0.07032972174445076,0.4641596096038279
2021-08-16,45984.7199070719,863969541715.8536,730877948372.8473,11,0.06867006785589624,0.4582745076974087
2021-08-17,44714.0967982466,840144904105.1235,690833703756.2249,11,0.06755300044556814,0.45123667973471093
2021-08-18,44954.3637469316,844697273128.4824,706329033522.203,11,0.06765350026385031,0.45539461870731435
2021-08-19,46646.8615049679,876544383505.9407,745998466592.0854,11,0.0680425589287644,0.45977119590217036
2021-08-20,49240.8356049094,925337170100.1696,771810006747.219,11,0.06657520498720143,0.4547690484810687
2021-08-21,49070.2409701929,922183481119.9331,759595221470.7251,11,0.0659199387295604,0.4516618151369284
2021-08-22,49363.3160952659,927741877823.068,768200566893.6754,11,0.06575517480234155,0.4529638191949258
2021-08-23,49590.8763676213,932079739908.4381,790077838383.8922,11,0.06700099079381777,0.45877209399579066
2021-08-24,47925.8622127411,900831282245.6066,743949878059.8666,11,0.06642778960610639,0.45230933817462876
2021-08-25,49002.3166049094,921113698122.0674,753507405681.4921,11,0.06588878822368278,0.44995695084103143
2021-08-26,47190.3449929866,887096494654.2286,717129322217.319,11,0.06612786017612758,0.4470251723138429
2021-08-27,49048.4755891292,922070878172.4023,764682574602.9008,11,0.06666900570294983,0.45334578882570464
2021-08-28,48852.4687995324,918429163463.365,752638890210.1958,11,0.06637682453404889,0.4503939193593261
2021-08-29,48948.3479579193,920279421677.584,751465086243.7516,11,0.0660066117896419,0.4495095289280364
2021-08-30,47125.7685189947,886052810980.3136,740248947058.1449,11,0.06871740165928675,0.4551731825900416
2021-08-31,47219.2443424898,887852829053.0802,781743044832.6333,11,0.07268112399630616,0.46822291373615654
2021-09-01,48688.5375572764,915521308402.3389,841012465922.1329,11,0.07792038685530327,0.4787909451075427
2021-09-02,49369.5862746932,928373472804.1523,848038112478.7523,11,0.07680631380834686,0.47738830319759307
2021-09-03,49860.5341635301,937651654078.7664,871084265052.4314,11,0.07859086758620129,0.48159836703571696
2021-09-04,49919.577563647,938810353594.9011,859273177279.844,11,0.07784981771021544,0.4778827916085847
2021-09-05,51747.6438565167,973242843766.6514,887424372073.7847,11,0.07642121705872752,0.47693879083742985
2021-09-06,52640.5883740503,990093469707.9805,893569676220.576,11,0.07463507024409491,0.47437870096465073
2021-09-07,46854.4006028638,881308435814.7443,761445555982.0862,11,0.07326632261763583,0.4635177024584329
2021-09-08,46187.9757306254,868814300650.1482,766292696044.3718,11,0.0759456632091948,0.46864987893360166
2021-09-09,46448.7748290473,873759807785.6561,759665106630.1132,11,0.07390643639567275,0.4650750089126835
2021-09-10,44765.2755762712,842129122357.554,716214151672.1619,11,0.07157727556820655,0.4595997323619882
2021-09-11,45098.5916447691,848441215860.3611,737028214834.4371,11,0.07226854593677294,0.4648643490473671
2021-09-12,46180.6124563998,868839735686.3914,771183439015.6753,11,0.07400766666115806,0.4702271595374081
2021-09-13,44991.5221277031,846512959971.3956,736284452617.9379,11,0.0731148825070164,0.46517921166767245
2021-09-14,47022.6177597896,884777283874.6703,763061189111.257,11,0.07272404742820535,0.46306795333438827
2021-09-15,48167.1893676213,906356284523.2515,790709952137.1641,11,0.07455402914684145,0.4659275725696886
2021-09-16,47797.3283237873,899437280895.7874,778661747390.9325,11,0.07464268506853765,0.4640141816814702
2021-09-17,47213.7941294565,888499868900.2493,746028730848.8845,11,0.07193916692304281,0.4564182792294882
2021-09-18,48204.0136519579,907181161197.6664,755052968306.2516,11,0.07105267974705766,0.45423984197195605
2021-09-19,47218.4739964933,888680899050.9407,731730610582.1619,11,0.07031125997806897,0.45157085483047577
2021-09-20,42855.5103448276,806611150255.1008,649958979280.9617,11,0.06919455960850603,0.4462256681646921
2021-09-21,40526.4893760958,762806301935.1322,607153068878.0425,11,0.06775440496501196,0.44319056594915734
2021-09-22,43577.5724821742,820271543076.0717,683794583074.8124,11,0.07030500225616337,0.45463066495935156
2021-09-23,44861.2980329047,844481693316.983,700313961387.4962,11,0.07016058857496693,0.4533376043975647
2021-09-24,42803.307701052,805781097472.616,657579490214.5245,11,0.06851244636983102,0.44936258072512186
2021-09-25,42735.2658240795,804538656841.3232,657949713252.3546,11,0.06862010153315724,0.4498837233216498
2021-09-26,43131.2941773816,812031799027.239,665626769948.9688,11,0.07068175613634656,0.4504604676100154
2021-09-27,42496.7852250146,800127083577.4851,647276791722.2198,11,0.06947575657179503,0.4471984653130711
2021-09-28,41223.7862743425,776198293483.3026,620079946079.1356,11,0.06830024514536413,0.4440948290316796
2021-09-29,41453.9470131502,780565646921.4586,629430898467.759,11,0.06858868634465917,0.44640598626006556
2021-09-30,43781.546015488,824440444029.2034,658218094246.1389,11,0.06855691008217528,0.44394449379544343
2021-10-01,48078.1315543542,905390548127.1699,719582830501.7902,11,0.068626663799936,0.44282745795437234
2021-10-02,47792.4391943308,900066645699.4569,734784801556.4624,11,0.07101242551123303,0.44945050071050235
2021-10-03,48202.6229177089,907836753956.0886,740099368891.933,11,0.07095960362197705,0.4491068304351913
2021-10-04,49288.5013106371,928335986047.2692,733824247672.1835,11,0.0688116544505443,0.44148827097739474
2021-10-05,51558.0493319112,971135174368.552,758354214705.5197,11,0.06828059826633616,0.4384844564507706
2021-10-06,55419.800411163,1043919575657.0316,771262804712.0446,11,0.0647500361714806,0.4248954887691372
2021-10-07,53805.1569125658,1013552627931.8853,770594871204.9646,11,0.06670935055102709,0.43191208774934226
2021-10-08,53933.5275908825,1016011255921.6256,762852688915.7878,11,0.06602746499213627,0.4288426279759759
2021-10-09,55010.9224751607,1036359022483.6368,784414071639.3762,11,0.06507565907742746,0.4308137428937537
2021-10-10,54701.2797022209,1030579975221.3647,752851263545.2742,11,0.06274079389100269,0.42213641164316534
2021-10-11,57289.1864570426,1079388786986.324,761432123562.2338,11,0.061435101943139524,0.4136372632443261
2021-10-12,56196.1812597896,1058842478838.182,752275053354.7552,11,0.062126289939499195,0.41536512124858377
2021-10-13,57348.8928769725,1080622323470.5658,782660865983.7787,11,0.0627311656394614,0.4200439688467205
2021-10-14,57384.0369146698,1081333675898.4808,805628317406.9569,11,0.06598598566666157,0.4269446444947828
2021-10-15,61446.0840073057,1157932253824.4275,820901942692.4336,11,0.06284716958137068,0.4148411949507357
2021-10-16,60932.0632119228,1148296342322.6633,819405498782.7328,11,0.06296796543488463,0.41642767296615185
2021-10-17,61462.2223722969,1158348928964.852,810581511224.4783,11,0.062418792490583686,0.41168621027898455
2021-10-18,61977.0575514319,1168109108621.0642,797397555774.3159,11,0.060442786633462434,0.4056956764476846
2021-10-19,64290.8977574518,1211781363655.901,813085447363.9321,11,0.06027360440874141,0.40155008859788566
2021-10-20,66061.7965639977,1245221514980.2715,863455929669.4945,11,0.06287123311287811,0.4094774816605047
2021-10-21,62373.8856206897,1175764509578.1985,841815650610.1019,11,0.06517418934488355,0.4172402500882718
2021-10-22,60750.9673718293,1145232055939.3223,832162459717.6499,11,0.06543999756087902,0.4208378515913761
2021-10-23,61250.082628872,1154696513456.678,858806670374.973,11,0.06791141105996519,0.4265236217509641
2021-10-24,60865.4470523086,1147503503631.4478,845943954359.9022,11,0.06697714008635589,0.4243623030888898
2021-10-25,63031.6729015196,1188415315425.7778,869662299726.5137,11,0.06686179177140492,0.4225604969043703
2021-10-26,60393.9802738165,1138740201958.921,858768360680.7695,11,0.06839477211301877,0.42991973939071104
2021-10-27,58563.3359899766,1104280514495.558,802315279939.4666,11,0.0674077366268905,0.4208103690783678
2021-10-28,60564.5721122151,1142074087989.8003,862833152026.2643,11,0.0706480722860325,0.43036063454953194
2021-10-29,62230.8055689655,1173560980221.0315,885642979588.7103,11,0.0709164340798096,0.4300899749972016
2021-10-30,61742.9165321449,1164420084616.5515,864314356974.8374,11,0.06982734331915884,0.42603622201871233
2021-10-31,61432.9700628287,1158628121727.842,871971638022.2266,11,0.06989675906312062,0.42941580872123764
2021-11-01,61092.0950592051,1152255716550.1553,880845300264.8927,11,0.07080765615091061,0.4332521074849394
2021-11-02,63024.7472296902,1188769633683.1074,920147237446.1676,11,0.07277108922125693,0.43631271106169806
2021-11-03,62955.9817630041,1187535932342.479,934656981478.7974,11,0.07304869211462733,0.44042036677798035
2021-11-04,61393.8899780246,1158125134065.476,920304981302.0775,11,0.07387708851115947,0.4427885135504443
2021-11-05,61005.840833723,1150864132606.2607,906990531890.4176,11,0.07338473255460479,0.4407456695258188
2021-11-06,61455.0536268849,1159397601037.2688,910192344055.5729,11,0.07341369498489185,0.43979356694001603
2021-11-07,63043.8290590298,1189431376523.6956,931138714318.7915,11,0.0731124863489996,0.43909829641559117
2021-11-08,67541.7555081824,1274349562679.1753,975625961924.0767,11,0.07123232771621325,0.43361625549065164
2021-11-09,67095.5856706605,1265995157805.92,973936578935.339,11,0.07058134599025061,0.43480636617625695
2021-11-10,64756.0779689071,1221912387623.9292,933438749787.869,11,0.0713439614239465,0.43307966557540434
2021-11-11,64962.9312939801,1225879749587.1582,954097906991.9973,11,0.07277606200980442,0.43766407610304503
2021-11-12,64078.968037405,1209255835198.8247,936613833383.4039,11,0.07276585973047042,0.4364728422682924
2021-11-13,64397.7912063121,1215334035223.431,936646512263.659,11,0.07212891001135013,0.4352485961629159
2021-11-14,65032.2256548217,1227371081397.81,931173830046.4568,11,0.07088049840684124,0.43138960190706205
2021-11-15,63753.5031592636,1203297567403.2034,920467724702.2335,11,0.07167304608047032,0.43341311213806943
2021-11-16,60322.4978530099,1138596574917.1836,851314395839.3657,11,0.07019158051528729,0.42781531854950394
2021-11-17,60154.3083661601,1135477990765.8389,854932682807.2152,11,0.0709109475515461,0.42952577282581406
2021-11-18,56794.1556271186,1072102568248.274,800165334605.8663,11,0.07017754431180351,0.4273775848990792
2021-11-19,58014.0729888954,1095180607639.1604,854578240252.164,11,0.07396974783875414,0.4382994549179225
2021-11-20,59749.4738229106,1127995381461.3696,872910770664.2485,11,0.07386080526517332,0.43625772739862445
2021-11-21,59032.6241017534,1114510856672.638,856157995999.6735,11,0.07301183877977907,0.4344504632722471
2021-11-22,56383.5658760958,1064547451127.3552,815880187780.8623,11,0.07265898028212871,0.43388012965740336
2021-11-23,57642.2657980713,1088359834858.612,851195393304.8866,11,0.07543347173702476,0.4388611269970671
2021-11-24,57141.8303784337,1078967043352.8656,828562316123.3888,11,0.0745857996751317,0.434364122369726
2021-11-25,59008.6554792519,1114264869559.638,867289555572.0847,11,0.07670134007356831,0.4376814204911037
2021-11-26,53800.6178389831,1015965489485.063,780561192405.1013,11,0.07531527947333418,0.43448349544347215
2021-11-27,54635.8824628872,1031787373971.6844,785094094030.7709,11,0.07480291554998485,0.43211079415870285
2021-11-28,57248.5696963764,1081177168314.8127,815387178377.7053,11,0.07495522061080415,0.42992855992452156
2021-11-29,57920.7107299825,1093922763691.2256,841902321825.8846,11,0.07680171625287105,0.4349061948440399
2021-11-30,57097.0127942724,1078413765008.8096,866462998551.7235,11,0.08135370660905401,0.44551048929468856
2021-12-01,57180.6098439509,1080041656303.1398,854440280793.0363,11,0.08017638258335444,0.4416894592852207
2021-12-02,56582.8937691408,1068806660306.1696,850606047464.5227,11,0.08001614013132294,0.4431595373005848
2021-12-03,53671.6160680888,1013871254042.7568,797981396825.8934,11,0.07886725723740148,0.4404228988727753
2021-12-04,49159.7357983635,928688246483.0732,751530937600.7284,11,0.08335604727532206,0.44728148846278465
2021-12-05,49327.0935999416,931901019326.8503,751294936362.6741,11,0.08495494842766554,0.4463502504406296
2021-12-06,50535.4252232612,954783478279.0153,776266162265.9813,11,0.0859187590063407,0.4484366849361898
2021-12-07,50574.4728344828,955569896395.9672,771330239481.737,11,0.0850975286633396,0.4466559608495863
2021-12-08,50500.6543513735,954228172561.4713,795158099068.192,11,0.08766842114629841,0.4545354630726879
2021-12-09,47937.8228458212,905851378783.0408,750299275489.7308,11,0.08672249246261308,0.4530380575909581
2021-12-10,47437.2289725307,896438217378.8429,709904015067.4707,11,0.08288032818633914,0.44193821262256877
2021-12-11,49321.7693252484,932097595289.7968,739586437834.3129,11,0.08271367877948008,0.44241999276151744
2021-12-12,50136.5722568673,947539855067.0088,750426647409.4661,11,0.08259415241465078,0.4419560964924649
2021-12-13,46785.3278410286,884245329814.8835,686144836718.025,11,0.0809673141442276,0.4369263456564355
2021-12-14,48292.6822501461,912779083729.6282,704344662610.5198,11,0.07973802921844521,0.43555396685292813
2021-12-15,48830.6223860316,922989712159.9609,728758882939.5802,11,0.08223614846340556,0.441204481784749
2021-12-16,47663.4691077148,900962599446.6979,714949550151.5295,11,0.08336470612926468,0.4424433285740757
2021-12-17,46334.4837489772,875884494655.8488,699465240991.717,11,0.08385612112653522,0.44400632136723195
2021-12-18,46904.8736753361,886704391681.2982,715725983831.2103,11,0.08455136812105363,0.44665028494751186
2021-12-19,46876.426924021,886210279075.9624,712284283569.2495,11,0.08399884805092629,0.4455969386536737
2021-12-20,46954.7634783168,887733510019.3331,715356508515.8276,11,0.0839036124199324,0.4462360193406305
2021-12-21,49082.0624666277,928001919405.3176,738283207030.0785,11,0.08208697182922073,0.4430713539461595
2021-12-22,48692.0987391584,920673856889.829,738464916842.0636,11,0.08183489500399879,0.4450893008672434
2021-12-23,50712.9707682642,958932834186.8992,769717806699.3212,11,0.08088363782762412,0.4452708884570876
2021-12-24,50783.8344210988,960320724015.7853,749480689296.9607,11,0.07965457019185035,0.4383437067377546
2021-12-25,50590.4508976622,956710327599.571,763415358535.0083,11,0.08104140502905814,0.4438137077358196
2021-12-26,50798.3065859147,960683606726.741,762760182787.7222,11,0.08012771165795875,0.44257908927950046
2021-12-27,50796.3776735827,960694114316.4371,763595450073.7924,11,0.07961962373553018,0.44284641387586604
2021-12-28,47673.0440452367,901663524613.2401,712577483447.0287,11,0.07983778488999302,0.4414319050804489
2021-12-29,46470.3215751023,878957961885.9197,682039767019.8114,11,0.07830080049791177,0.4369255344771869
2021-12-30,47102.4630037989,890949566257.0243,694783366591.6266,11,0.07872279067200881,0.4381465202614542
2021-12-31,46355.1173302747,876856588254.3342,688972648441.0854,11,0.07953710408296472,0.4400049713563385
2022-01-01,47560.0093816482,899699536194.4493,706307716617.5111,11,0.07908029643324915,0.439791112637154
2022-01-02,47352.5577565751,895821904623.9598,720862534539.5945,11,0.08093259987302628,0.44588944946643816
2022-01-03,46453.432351841,878852778922.5397,709304455394.9755,11,0.0810583881290742,0.4466210524172612
2022-01-04,45905.9611221508,868537343384.6884,708694274225.8282,11,0.08270473742354985,0.4493279657299097
2022-01-05,43530.9440388662,823643008455.5006,666290001979.179,11,0.08145374139553585,0.4471946035914679
2022-01-06,43144.9652928112,816379327436.9196,653077303226.6302,11,0.0791109108436055,0.44443455465012655
2022-01-07,41512.7845808299,785531894863.5997,618053348252.2174,11,0.07684685198331291,0.44033901844123235
2022-01-08,41799.8128848627,791000850844.3613,602302952327.0543,11,0.07399267611977706,0.43228400795009825
2022-01-09,41886.4985569842,792678163975.4711,612858959436.1757,11,0.07531878443992851,0.43603185517333687
2022-01-10,41816.9510561075,791399129617.2528,597642827669.2644,11,0.0736511318515233,0.43025541779656185
2022-01-11,42768.1786116306,809443647923.8131,626070317404.5385,11,0.07580295375170071,0.4361297295086465
2022-01-12,43961.0265441262,832058044393.2726,654774449363.9581,11,0.07672359076208285,0.4403821224738914
2022-01-13,42626.8653924605,806853831547.6661,632077463434.0333,11,0.07631505401169769,0.4392686889488161
2022-01-14,43102.6476180596,815902410549.5798,645851473069.4785,11,0.07676363075871538,0.44183325271588003
2022-01-15,43206.6744812975,817916391880.5941,649202910234.5231,11,0.07717434299858378,0.4425017851640149
2022-01-16,43168.8596671537,817247761097.5043,654457517666.5867,11,0.07774892655460933,0.44469332760441493
2022-01-17,42211.270399474,799161712730.7869,635332691296.9475,11,0.07607258167383833,0.44289659793239883
2022-01-18,42431.2319670368,803362185167.5491,622906887513.4181,11,0.07461005924406193,0.4367386907875216
2022-01-19,41787.722012858,791223617186.8657,606032277907.1405,11,0.07431416091546886,0.4337303424770071
2022-01-20,40756.1261630625,771734062475.5161,584085231730.5621,11,0.07389994885081594,0.4307987312369549
2022-01-21,36492.2872241379,691027075447.2772,504421787439.59534,11,0.07029035019637077,0.4219517899088333
2022-01-22,34996.390965225,662729719330.2249,471207791588.9824,11,0.0686021810884437,0.41555005196627265
2022-01-23,36271.0502650497,686900017938.7032,496271292201.90857,11,0.06984892960934773,0.41944162096267373
2022-01-24,36659.7252206312,694295100608.7682,478507526428.82434,11,0.0665341329211909,0.40800345718656583
2022-01-25,36952.586773232,699876683066.1487,481817142853.61523,11,0.06652800831517733,0.40773433209621446
2022-01-26,36825.8245993571,697505746691.7056,483530490444.86597,11,0.06699395869349224,0.4094120698761861
2022-01-27,37021.9371332554,701250560952.0532,473085685054.7128,11,0.06516742929472297,0.40285368578497155
2022-01-28,37768.8474836353,715434506562.4597,492201123784.8235,11,0.06739813541409041,0.40757419822341595
2022-01-29,38088.2912279953,721521023451.4706,499834900167.087,11,0.0680838442533579,0.4092458967130623
2022-01-30,37983.5063845704,719570704158.332,499687414824.2858,11,0.0687286548144601,0.4098290649409319
2022-01-31,38462.6724029807,728682541998.9691,511909715183.2059,11,0.06984090447993405,0.41263333074956826
2022-02-01,38787.9640824079,734882587285.7963,528287224088.6232,11,0.07207334076352105,0.4182234402149057
2022-02-02,36942.3307493279,699950267339.7744,506068042153.48804,11,0.07272547037460891,0.41961887159584227
2022-02-03,37057.6521879018,702169321610.3784,506196035300.33826,11,0.07206752780151106,0.4189097547404612
2022-02-04,41079.9060881356,778416466655.57,555938679642.7473,11,0.07229646963783917,0.4166347176649311
2022-02-05,41508.5816925774,786570243049.2509,566306652184.582,11,0.07269845880960929,0.4185943703966508
2022-02-06,42358.2251732905,802711930524.7646,574986068432.4324,11,0.07199008406610788,0.41735276444304126
2022-02-07,43888.980119813,831757893938.8805,608952181320.6969,11,0.07166659301113674,0.42267503488582187
2022-02-08,44167.4447945646,837077702292.8624,609259707814.6934,11,0.07079047398523979,0.42124313701419525
2022-02-09,44405.0732042665,841620177986.7826,624757285614.0498,11,0.07300345943890756,0.4260548877230406
2022-02-10,43614.3426960842,826673340569.5298,595216682750.6655,11,0.07063193645604386,0.4186095077598197
2022-02-11,42357.3217416715,802885153204.8153,559018728609.749,11,0.06903364868016536,0.41046856248395985
2022-02-12,42173.4593962595,799449167809.6085,562625191066.9569,11,0.06902056926338443,0.413064960367515
2022-02-13,42195.5947451782,799910438394.8269,557631462179.2913,11,0.06827007755460408,0.41076556233252415
2022-02-14,42646.1618590883,808492710849.5155,563381269093.6335,11,0.06885257974858755,0.41066546733175907
2022-02-15,44511.9084880187,843912516712.541,603543153766.8247,11,0.07133502747772737,0.4169683162503653
2022-02-16,44065.7092673875,835495877044.4435,597109293292.138,11,0.07126916894973744,0.4167996218747772
2022-02-17,40610.024261543,770015151406.7638,549272148180.25665,11,0.07111503491117882,0.41634005599250185
2022-02-18,40044.2204856809,759320197985.6616,536865469167.781,11,0.06954107885706867,0.41418870982179035
2022-02-19,40095.887329398,760337246150.2621,537991065259.37634,11,0.06877501482424214,0.41437212801380063
2022-02-20,38551.6224967855,731088089618.0752,513684535114.44116,11,0.06838593998759966,0.41267338701702616
2022-02-21,37098.0360081824,703550978541.0667,491059267471.8166,11,0.069515059212702,0.41106232690600975
2022-02-22,38202.5940818235,724534819639.9742,502205556132.65546,11,0.06900655052646194,0.4093821040302474
2022-02-23,37308.2687344243,707608386323.9312,492167610656.9751,11,0.0694696441030456,0.4102162502795992
2022-02-24,38283.790402104,726142231115.2035,490603296704.5515,11,0.0677584882652922,0.40320945134982084
2022-02-25,39323.7702158387,745900830759.9186,526615378811.58936,11,0.07091359919132909,0.4138378551491424
2022-02-26,39056.5781523086,740863193300.3043,525339103678.8516,11,0.07111949698104322,0.41489350077170145
2022-02-27,37664.7792828755,714494212585.6721,497523508055.2274,11,0.06941450790386575,0.41049194214103024
2022-02-28,43179.2545140269,819144394069.7399,551064134172.9313,11,0.06749688241902296,0.40217537901306577
2022-03-01,44334.457582408,841104392825.5334,558799473876.9991,11,0.06698028671680957,0.39916989099633593
2022-03-02,43984.584926768,834504066221.5271,553257957975.613,11,0.0671748264150426,0.3986691870284378
2022-03-03,42492.7744552893,806239776434.6935,534563242684.8524,11,0.06676320782245437,0.3986888715658469
2022-03-04,39106.4052159556,742022224694.9856,495717848919.25665,11,0.06694101616711284,0.4005023829209505
2022-03-05,39383.8848433665,747317522202.4407,508205763924.8907,11,0.0676135948473444,0.4047760559602636
2022-03-06,38399.3426268264,728667065433.831,488658262513.6376,11,0.0666132279606325,0.4014196133892686
2022-03-07,38146.734273232,723908847546.8259,478492322907.1065,11,0.06556264170167433,0.3979473196341495
2022-03-08,38725.477261543,734927448074.0189,489514307144.3806,11,0.0665650895876179,0.39978570238897776
2022-03-09,41989.4028179427,796906050430.487,518550802263.0679,11,0.06494427386781088,0.39419825986787266
2022-03-10,39482.2584672706,749359384983.7483,496389960616.9226,11,0.06614138879165456,0.39846696477899823
2022-03-11,38825.3644214494,736925253813.8165,497565370741.64764,11,0.06600342361378497,0.40305317905579013
2022-03-12,38951.1300157802,739350326402.7109,498863177290.30914,11,0.06619017552575382,0.4028894659947015
2022-03-13,37808.3174004091,717693726421.2742,485159644810.05835,11,0.06655921567267578,0.4033406368669956
2022-03-14,39649.0453243717,752673129199.2286,498288886015.1661,11,0.06530743920078845,0.3983245533876321
2022-03-15,39356.8139000584,747159778521.4589,501820298010.30084,11,0.0666018602433377,0.40178406960964863
2022-03-16,41101.768579135,780326259892.9254,527365973562.919,11,0.06736730858298659,0.40327988503016987
2022-03-17,40966.4169324956,777797289016.2966,532592987855.4369,11,0.06874096723041383,0.40643844605355645
2022-03-18,41826.1160710111,794157105661.4315,551206864358.5099,11,0.07043222672319897,0.40970835895831204
2022-03-19,42193.1615362361,801167113251.2291,558190948724.8016,11,0.06988877278577392,0.4106283431411643
2022-03-20,41294.7235129164,784147246647.208,544452182174.45746,11,0.06930220208775888,0.4097940811681155
2022-03-21,41064.429648159,779813454595.2153,554416121164.8512,11,0.07057963790626877,0.41553277729510585
2022-03-22,42383.169518761,804895791994.0563,571116836430.3977,11,0.07023152961532941,0.41505203123341333
2022-03-23,42734.2000355932,811600915721.3618,582402831888.6564,11,0.07069576977309558,0.41779143914582034
2022-03-24,43974.5935882525,835197568855.9592,598030892882.2571,11,0.07072432802112591,0.4172613849413558
2022-03-25,44347.034279661,842314472588.2867,591560972409.9174,11,0.07000367879557089,0.4125609197601248
2022-03-26,44519.9268641145,845643141455.347,600834055798.4469,11,0.0706569162000825,0.41537748188437335
2022-03-27,46777.2056265342,888557797875.1592,627269003961.1732,11,0.0703064551921698,0.4138131105752153
2022-03-28,47223.6528860316,897085228548.5029,635349030452.6129,11,0.07086449623202577,0.4146011659036855
2022-03-29,47463.7096770894,901690266879.8414,641521114569.2393,11,0.07160569883071191,0.4157052768538091
2022-03-30,47123.2971478667,895263051309.1227,641868572500.6577,11,0.07191876637924802,0.41757554301679556
2022-03-31,45562.2106665693,865644342353.4548,618944507493.1306,11,0.07202871552543784,0.4169130783631381
2022-04-01,46250.3362878434,878758918482.4454,642229384364.4594,11,0.07451880599031376,0.4222447885775115
2022-04-02,45939.8973489188,872899323456.1626,643716090198.7179,11,0.07514090707530177,0.4244425346089759
2022-04-03,46440.5438538866,882452402068.5901,657211015433.1338,11,0.07582883960660085,0.4268536928022439
2022-04-04,46663.0041770894,886725621050.4031,655463745350.0365,11,0.07555034141730385,0.425021569744011
2022-04-05,45693.0350619521,868334945220.4375,641838413537.6176,11,0.07496448568281387,0.42500975786346556
2022-04-06,43304.9371990064,822992941537.3002,592081314276.4092,11,0.07351825392222154,0.41841006706460426
2022-04-07,43569.0471697837,828049823775.4825,605254241313.5378,11,0.074323150429577,0.42227902372965526
2022-04-08,42222.0689772063,802485243344.183,588087167523.2292,11,0.07545262568998608,0.42291013609021044
2022-04-09,42680.9947355932,811248536966.8553,600397268554.4028,11,0.07633287614144636,0.4253172192387896
2022-04-10,42264.4633909994,803368401022.6544,594840062510.0487,11,0.07614273358643021,0.4254301686939659
2022-04-11,39544.0251835184,751691818357.7859,547966963341.3181,11,0.07549304007651568,0.4216237146683498
2022-04-12,40096.3669748685,762229617848.9938,558688846517.4265,11,0.07551694180409646,0.4229548314970387
2022-04-13,41152.7554517826,782347510376.0757,573370373368.8337,11,0.07577959786578653,0.42292749859211753
2022-04-14,39916.4963842782,758879643233.893,559348998685.3794,11,0.07565260743088252,0.42431865072435104
2022-04-15,40527.3319567504,770532674214.2937,570802660950.1239,11,0.07499450664973066,0.42554806839570536
2022-04-16,40439.5881209819,768898298022.5022,574584584713.4823,11,0.0758082751551564,0.4276828473938936
2022-04-17,39704.7839798364,754968041603.9386,558727521545.4084,11,0.07547017221129274,0.4253097423926442
2022-04-18,40818.8786025716,776186219648.7059,570577974568.3329,11,0.07492241870367157,0.42366583327532464
2022-04-19,41489.6638011689,788973605180.1066,578752676075.133,11,0.07482299049044835,0.4231494883201184
2022-04-20,41395.64458346,787227117424.9535,572065149294.354,11,0.07436861937258411,0.42085514888939246
2022-04-21,40457.4959418469,769428938686.3944,554441297033.355,11,0.07376385439547041,0.418803355550872
2022-04-22,39737.9735040912,755778442607.8029,550996875418.8744,11,0.07458701649317195,0.42164622167100496
2022-04-23,39582.4548720047,752860950838.1914,546363377611.0074,11,0.07431106547551199,0.42053043931463824
2022-04-24,39511.6456928697,751556383525.8639,541313532060.02466,11,0.07400785732941081,0.41869141321516334
2022-04-25,40473.7483176505,769897647999.5433,555692170165.0261,11,0.07442392668162096,0.4192037103411412
2022-04-26,38072.800873758,724259783050.5642,514131213615.799,11,0.07357962667010261,0.4151606520071559
2022-04-27,39218.5376174752,746096829666.1973,527935044173.4885,11,0.07360921013967905,0.41438134713411395
2022-04-28,39747.9894270018,756201958477.4653,532988872439.98706,11,0.07381755991132756,0.41342899721113097
2022-04-29,38609.5059070719,734578607327.6136,510731426985.3021,11,0.07292575214780815,0.4101239152602603
2022-04-30,37714.0949804208,717578011718.2109,490098364563.8031,11,0.07237963567281026,0.40581928585258364
2022-05-01,38459.226979135,731795620564.7079,508646433286.518,11,0.0735607963712226,0.41005255481891556
2022-05-02,38566.0628877849,733867042100.8314,511832607440.6371,11,0.07419807974161881,0.41087962706663544
2022-05-03,37704.4053153127,717506054791.5656,499896572757.8331,11,0.07375593506434586,0.41062550831199746
2022-05-04,39641.852176505,754411390672.5853,533566523927.7821,11,0.07408244532836225,0.41426682700016376
2022-05-05,36502.0245601403,694694154668.1464,495393520899.4846,11,0.07524610796852724,0.41626640714785906
2022-05-06,36042.9995584453,685990134639.4475,489704682288.84753,11,0.07484064759199982,0.4165236379694905
2022-05-07,35508.7110227937,675852998119.4371,477239333478.6668,11,0.07425025606643738,0.41387781394508716
2022-05-08,34058.9066861484,648291225672.0372,459212850398.0623,11,0.07397879227408655,0.4146376165291841
2022-05-09,30457.9218194039,579778106079.444,404943265442.9161,11,0.07413344204079814,0.4112262383590616
2022-05-10,30990.7351659848,589950045319.7169,418978707787.20264,11,0.07560089761001185,0.41527085683403264
2022-05-11,28796.5568217417,548207026149.2423,359385211764.9349,11,0.0718236987055991,0.39597651539073503
2022-05-12,29030.7070417884,552689095253.7048,340821103961.7988,11,0.06746144541656166,0.38144064193227745
2022-05-13,29285.9346718293,557575962443.4471,358763071020.1535,11,0.06884027457671339,0.39151783119408556
2022-05-14,30051.935755114,572186367858.1311,366316644661.32666,11,0.06831811801940517,0.3903201585660674
2022-05-15,31182.6212460549,593738302710.1289,383215093715.4303,11,0.06859474687899925,0.39225524484332974
2022-05-16,29889.6124757452,569149173743.4916,361604454713.9513,11,0.06766964497388092,0.38850716629839604
2022-05-17,30438.1944476914,579623074735.8607,374900437620.56366,11,0.06875837359759084,0.3927618678507458
2022-05-18,28771.2204786675,547903613073.46497,342906137904.9483,11,0.06676838505867684,0.38493756666709167
2022-05-19,30257.8852483928,576237927167.5203,358477459135.46484,11,0.06663956337299096,0.3835150938868417
2022-05-20,29224.245998422,556576449741.6575,349206937640.00885,11,0.06713708643830134,0.3855302962107263
2022-05-21,29420.0782857978,560330903433.8232,352370161158.03204,11,0.06708936909969666,0.38607401133645675
2022-05-22,30331.87514173,577719993300.8108,363944681921.8871,11,0.06740646726994923,0.3864907450582835
2022-05-23,29088.2515419638,554062243386.7935,350270758143.36035,11,0.06774626767503812,0.3873249760328259
2022-05-24,29643.6837556984,564664143267.9167,353583307328.43463,11,0.06671925331758126,0.3850632061094226
2022-05-25,29577.259880187,563425495600.498,348264991971.6119,11,0.06573727148929955,0.3819991507195209
2022-05-26,29332.4860467563,558788579642.6685,326296967026.7876,11,0.0616272892626556,0.3686615019922435
2022-05-27,28612.0413103448,545088669358.9464,312744045320.7346,11,0.06015922192439149,0.3645746308911928
2022-05-28,29045.5206344243,553373761224.6202,323760774804.96466,11,0.06175334844945882,0.36911187680568597
2022-05-29,29430.0689800117,560727563224.8401,328491156408.8767,11,0.06153765931284032,0.36941547580575834
2022-05-30,31735.9549719462,604691877439.0,361047000001.83234,11,0.06290969662949472,0.3738557165251458
2022-05-31,31831.4095251315,606539699591.0908,358270455152.75854,11,0.06117596001203391,0.37133777395603484
2022-06-01,29825.9221992987,568350982618.1753,334023385416.44293,11,0.061276801297593185,0.3701605422857364
2022-06-02,30504.2679997078,581301103485.3453,338754666648.1085,11,0.060168268089110716,0.36818927465557033
2022-06-03,29662.6709708942,565289816719.395,327246840625.54913,11,0.05978337243725634,0.3666480675415845
2022-06-04,29792.4076779077,567788127583.5594,320409412980.35046,10,0.0603861335435054,0.3607411621258543
2022-06-05,29915.4093009936,570159608584.3286,321715839969.0452,10,0.06035983115935828,0.36071834973243166
2022-06-06,31333.6770197545,597219834771.5532,330742068638.3565,10,0.05926705832702969,0.35641772299380425
2022-06-07,31175.0324289889,594227633838.3704,326172270888.7222,10,0.05814131482775034,0.3543810350408885
2022-06-08,30228.464698422,576218725147.5542,323782152690.5899,10,0.05936462849697151,0.3597575965351656
2022-06-09,30064.4855289305,573120367821.6552,322599615111.4691,10,0.059444965151484376,0.360156769144621
2022-06-10,29070.4000300994,554196788670.7576,300913792280.3484,10,0.05718886206871558,0.3519004430346936
2022-06-11,28360.7899231444,540696111012.39246,278539441875.587,10,0.05393012357777629,0.3399992113302166
2022-06-12,26830.2839456458,511538437846.9446,263212997327.34628,10,0.054020154749141396,0.3397386379389319
2022-06-13,22316.2570400351,425493856127.20056,222191592214.89862,10,0.05342131778675842,0.3430547849788033
2022-06-14,22072.8663085915,420873377970.2221,227696583008.19388,10,0.0546165852631709,0.3510748210797439
2022-06-15,22520.7910087668,429437386455.3185,237064325456.18845,10,0.054550668819144735,0.35568449595769985
2022-06-16,20310.1769848042,387299429738.925,207585058851.92935,10,0.05229182979239109,0.34895019593408966
2022-06-17,20464.9290873174,390264246951.8146,213762221709.01706,10,0.05311586878120909,0.3538954545865228
2022-06-18,19013.8672536528,362611174621.4809,198197315726.81155,10,0.05221400171081907,0.3534135433714997
2022-06-19,20492.2951683226,390823129715.5468,219749070557.7874,10,0.05486788470623203,0.35990677344859884
2022-06-20,20571.6292247224,392353137499.7772,219939028597.1047,10,0.05455980884323108,0.3592060143430026
2022-06-21,20688.4651312098,394600889959.4376,221246942480.3166,10,0.05436848680692897,0.35925585968829443
2022-06-22,20003.1683375219,381546027327.4448,210185436684.70782,10,0.05261593738053037,0.3552040908211553
2022-06-23,21097.1028331385,402432082094.104,224907314428.5637,10,0.05426092863218281,0.35850978860122823
2022-06-24,21299.0769853887,406301957818.1101,241605469699.68555,10,0.05793304700286717,0.37290121927649844
2022-06-25,21468.3431566335,409551146129.82904,242510258281.05496,10,0.057874214539852906,0.3719132226514081
2022-06-26,21066.6209430158,401905669584.8117,236302574220.4088,10,0.057162496509086065,0.37025935737133436
2022-06-27,20751.0516960842,395902927689.18256,233683433086.8625,10,0.05758270891198071,0.3711697832825
2022-06-28,20263.2196393922,386614220232.3532,223075207487.71237,10,0.056397825578676834,0.3658833454303159
2022-06-29,20080.9480864991,383155502450.5327,216292257776.42902,10,0.05457037921489172,0.3608191941438515
2022-06-30,19332.9121294565,368903228195.36633,208489398852.1104,10,0.053873883290309066,0.36108774010196554
2022-07-01,19341.8631240795,369090226458.1767,210180970411.09302,10,0.05511893844186931,0.36283690876922153
2022-07-02,19231.8317083577,367007144409.2252,210585825457.272,10,0.0554558493808495,0.364592085506072
2022-07-03,19276.5146639392,367878517546.52386,212160472541.17044,10,0.05570002137331015,0.3657693295912651
2022-07-04,20226.2984745763,386022540612.4449,223487171141.96713,10,0.056864695806714764,0.366667120854698
2022-07-05,20193.3427938048,385408468112.8211,219914640768.02274,10,0.05618470549481809,0.36330124778254963
2022-07-06,20560.8438126826,392438882291.5653,228057318985.72794,10,0.057877967207594215,0.36754023395513347
2022-07-07,21651.4191423144,413275623808.41907,236838970516.17627,10,0.05719925746001646,0.3643034206334477
2022-07-08,21813.7871239042,416395031613.0832,235256694935.53683,10,0.05644472438164733,0.36101599267071727
2022-07-09,21585.1321922852,412048402705.4956,234156319666.08066,10,0.05637329014666765,0.3623562495902617
2022-07-10,20831.2733915839,397677569200.7721,224196104785.95853,10,0.05602164439506198,0.3605171181289504
2022-07-11,19971.3294704851,381276239330.9752,211653126356.3221,10,0.05490561929598247,0.3569617877012774
2022-07-12,19339.1534734074,369225505108.16406,203679559507.69385,10,0.0537928993583092,0.3555206125543056
2022-07-13,20155.5278386908,384825682177.9338,214962017992.94415,10,0.05506764238896085,0.35839684263565597
2022-07-14,20552.8990289304,392428543677.9312,226389255276.91565,10,0.057937187036060656,0.365841537944248
2022-07-15,20831.722700526,397770775563.73773,232511256129.96875,10,0.05930601264978268,0.36890034054304205
2022-07-16,21196.5091428989,404755787365.4628,249895784517.65778,10,0.06381166023095804,0.38172333994223323
2022-07-17,20827.8886085915,397732973007.4676,247962278199.01678,10,0.06459121887705288,0.38402369807691505
2022-07-18,22305.7066428989,425971905281.9996,281283874115.1079,10,0.07031912604309908,0.3977116657213962
2022-07-19,23371.2026601403,446339832050.2446,281424035896.0187,10,0.06613626341635347,0.38669690581121086
2022-07-20,23280.9356680304,444634259889.05206,275395488619.99854,10,0.06542577555437713,0.38247793121083373
2022-07-21,23152.4093112215,442199694644.768,283534563350.99286,10,0.06817892293616198,0.39068648093590347
2022-07-22,22706.0835554646,433693823514.26,276180811487.8063,10,0.06767292213972517,0.3890557541713015
2022-07-23,22484.4592317358,429482365773.2771,279272218355.2685,10,0.0689564647820763,0.39403232742212124
2022-07-24,22653.3570260082,432730761552.05457,286450896675.33716,10,0.07077647811923243,0.39830117105790647
2022-07-25,21510.1255874342,410911525111.4701,263572159014.04633,10,0.0679532484910905,0.3907761821633591
2022-07-26,21181.6591967855,404657958397.2495,258737613735.98743,10,0.06756819850910491,0.3900201095765263
2022-07-27,22898.4150683226,437478763559.1204,290164757443.55914,10,0.0712862461629636,0.39877323039132867
2022-07-28,23838.5568838691,455461367222.4853,305911859182.81616,10,0.0723454603567751,0.401789619825652
2022-07-29,23950.7403798948,457626609085.485,309711747759.5776,10,0.07290281357505699,0.4036182278610024
2022-07-30,23623.4349611338,451391833403.0792,304100993559.4314,10,0.07166177632014188,0.402520027598517
2022-07-31,23356.1722215079,446307219209.83734,301082734867.1898,10,0.07204487482506385,0.40284557375273444
2022-08-01,23331.4426969608,445854500671.93616,295194058911.48236,10,0.07011308480839926,0.3983464444994349
2022-08-02,23031.4268834015,440143630646.2181,293773102434.8467,10,0.0712310311389295,0.40028124335243626
2022-08-03,22809.7474418469,435927882119.2917,290091273186.05695,10,0.07085674723841505,0.3995642140654685
2022-08-04,22628.3320821157,432479435664.96185,289429588863.9834,10,0.07101500796004376,0.40092252490241387
2022-08-05,23248.9715023378,444363077389.24005,306793909980.18085,10,0.07422384275088854,0.40842848450972186
2022-08-06,22996.2750452952,439556370388.69934,302815148498.13464,10,0.0737308150278803,0.40790243266901965
2022-08-07,23153.6584713618,442587644255.7988,304318708532.7938,10,0.07331382018141348,0.407438907697883
2022-08-08,23803.6505154296,455033818812.5433,316225434595.1766,10,0.07461302603664892,0.4100118516542538
2022-08-09,23186.2917464641,443253027415.8556,304192163498.96893,10,0.07349136582985799,0.4069758788957588
2022-08-10,23923.0584830508,457359947811.3196,325501531605.86975,10,0.07736594226600921,0.415784324767382
2022-08-11,23934.4390561075,457598463723.4284,328723650068.17993,10,0.0784690667349858,0.41805214975207794
2022-08-12,24396.3088462887,466452355020.96,339314504238.5864,10,0.08012599665759526,0.4211075453641727
2022-08-13,24426.2225748101,467045519559.256,343027307185.70844,10,0.08111109015846683,0.42345243027600515
2022-08-14,24314.2021315021,464923825825.5608,338196732214.2737,10,0.07963822465204805,0.4211033185848285
2022-08-15,24083.9539748685,460542963581.37933,331882308179.474,10,0.07896320049787439,0.4188184299599585
2022-08-16,23868.8193530099,456451152283.436,330346469382.1514,10,0.07862206196787506,0.41986205891527034
2022-08-17,23336.3489310345,446287363119.0393,323189039878.0543,10,0.07855587468203039,0.420011632090653
2022-08-18,23221.1706028638,444105576817.22424,321632457009.58813,10,0.0796342573193004,0.42002936095810023
2022-08-19,20906.7663141438,399865784896.4949,283350984644.28265,10,0.07728840933415601,0.4147307227759299
2022-08-20,21146.6548021625,404473619044.496,279196113592.7903,10,0.07451935956058979,0.408378637029577
2022-08-21,21553.9961717125,412284535348.17566,286793385773.0791,10,0.07522678241517959,0.4102452346271925
2022-08-22,21301.0840581531,407466140105.92474,284392260643.41565,10,0.07548628226553206,0.4110555864254812
2022-08-23,21534.5143521333,411954552631.3741,292669569126.26733,10,0.07726584347556502,0.4153555918526053
2022-08-24,21424.9728232028,409878577064.975,291354917418.45264,10,0.07742111806011269,0.4154891626120667
2022-08-25,21587.8395844535,413015814390.91345,296757510173.90814,10,0.07852096221408307,0.4181018078635979
2022-08-26,20246.1655733489,387369347817.7026,268669364168.54434,10,0.07452332415440771,0.409532790153665
2022-08-27,20043.9909485681,383519310960.92694,267534314838.71344,10,0.07447930722664475,0.41092515921422157
2022-08-28,19673.5412188778,376450966908.2225,258768942704.7701,10,0.07324143739210676,0.4073690682372109
2022-08-29,20270.960383986,387902405358.73914,274882354610.83307,10,0.07647797719067709,0.4147384961347823
2022-08-30,19825.4632066043,379397503826.90955,270753266669.00443,10,0.0771526914831014,0.41644689040740906
2022-08-31,20024.6716059614,383228003505.9351,273416595458.006,10,0.07749086983586216,0.41638444280118164
2022-09-01,20105.4626072472,384791505857.64453,279488560031.8009,10,0.07890140096998642,0.42073904424269676
2022-09-02,19948.8567472823,381810364146.53986,278027558836.02136,10,0.07903189948059328,0.4213573502706502
2022-09-03,19803.8332697253,379052887734.96625,276332611851.493,10,0.07852299739927474,0.4216336980690841
2022-09-04,19961.9118907072,382099532564.477,280371618933.839,10,0.07895186041637244,0.4232208727877741
2022-09-05,19797.7967884278,378977066517.5076,285952748534.0668,10,0.08147679374581598,0.430049521109062
2022-09-06,18846.150537405,360777012676.7327,274928703359.2313,10,0.08307773159801614,0.43247794761637415
2022-09-07,19292.9070745178,369346999995.14307,287036963379.3585,10,0.08468848889447816,0.43730039031375423
2022-09-08,19319.1248512566,369864252540.9233,288016754683.43225,10,0.08460858808384276,0.4377946034627059
2022-09-09,21363.3136152542,409017455131.7917,302778072509.2725,10,0.08039596072851937,0.4253722603634479
2022-09-10,21715.2107980713,415785927560.1788,311619398274.10425,10,0.08195906599057443,0.42839856570571383
2022-09-11,21732.7705686733,416141395725.3066,308050917067.50726,10,0.08091281383898892,0.4253717025516652
2022-09-12,22365.2145601987,428261637184.8132,302292072899.6701,10,0.07649255555742905,0.41378487129264213
2022-09-13,20165.0421607247,386157248713.93646,278574108270.7839,10,0.07805801266173408,0.41907773018926087
2022-09-14,20246.3660424313,387730658256.55914,288714980952.57275,10,0.08069395415031867,0.4268118001176334
2022-09-15,19696.8698661601,377225556977.2085,265735725718.09454,10,0.07476088785974064,0.41329973183474833
2022-09-16,19741.5776168907,378097572891.12006,264517170802.38388,10,0.07243920255191973,0.4116263646271797
2022-09-17,20120.7023459965,385380080042.85614,273268394505.40372,10,0.07302777823115389,0.4148926249207931
2022-09-18,19427.1002626534,372113932908.2874,251402612243.74536,10,0.06886557298370025,0.4032011888031706
2022-09-19,19557.9769582116,374636684861.29944,259768371663.76486,10,0.0705308759632447,0.40946768786276505
2022-09-20,18872.9498667446,361532792864.2618,255299397512.86646,10,0.07012199161265059,0.41388792850901257
2022-09-21,18506.7607481005,354534333416.6793,242881190804.59158,10,0.06749591356628461,0.4065531961546972
2022-09-22,19414.5396449445,371940200960.5232,264646401228.9346,10,0.06843681537861664,0.41572725583403314
2022-09-23,19326.8648199883,370276849734.61835,268610911511.28992,10,0.06886554262257347,0.4204352122624266
2022-09-24,18924.7677872589,362590477877.56635,263973546454.68976,10,0.06959176256890061,0.4213033883265362
2022-09-25,18793.1561531268,360086121322.07837,261167579472.16785,10,0.06888406786417475,0.42038796571879783
2022-09-26,19201.1317209234,367921135053.928,263276073918.05646,10,0.06949521171963755,0.41710589048206953
2022-09-27,19106.7389135009,366127838719.62805,260485897485.86786,10,0.06963641185625066,0.4157040971735774
2022-09-28,19454.937210111,372818335629.0543,261217179597.5026,10,0.0688327461293009,0.4119914000466726
2022-09-29,19540.8664105786,374482476447.1954,264760570584.60736,10,0.06824888753139943,0.4141782563204561
2022-09-30,19435.1946917008,372477904951.7994,263061166019.0569,10,0.06828210453601924,0.4139181649638029
2022-10-01,19311.861629398,370136058133.8757,260714666730.9914,10,0.06789726223585851,0.413274735931925
2022-10-02,19015.2928050847,364470603274.7758,252510551421.9133,10,0.06713296817679973,0.40926785121346
2022-10-03,19633.4325859147,376337531461.188,260625737335.75113,10,0.0674568737559025,0.4091691783546743
2022-10-04,20339.9712811221,389901326705.8898,268950559774.60114,10,0.06700323877211765,0.40821095802169327
2022-10-05,20155.0996987142,386379527832.91864,268360294975.27798,10,0.06710744313424741,0.4098731826395918
2022-10-06,19950.5477957335,382478030109.5452,267963501462.37143,10,0.0677351696828792,0.41197169684842583
2022-10-07,19539.1439216832,374611763556.60834,267975086402.7323,10,0.06819853064964569,0.4170254751084438
2022-10-08,19416.1772291058,372275436651.0157,265859756308.20987,10,0.06775067528082368,0.41661979975644015
2022-10-09,19428.3671323787,372528344873.01337,268832610838.66586,10,0.06798999859345269,0.4191596143241347
2022-10-10,19154.4042346581,367295367833.38873,259536756461.39874,10,0.06745442098344034,0.4140450790606632
2022-10-11,19039.2820683811,365106524490.82605,254953521570.72873,10,0.0671529153569252,0.41117553564388004
2022-10-12,19156.9115645821,367378647972.2289,256911172714.0382,10,0.0675805170798601,0.4115254873635803
2022-10-13,19387.8336806546,371824448281.4801,254586242609.82202,10,0.06644378293027815,0.406420653912497
2022-10-14,19177.6941031561,367813040138.8371,255657461126.97537,10,0.06764745915300671,0.4100554246077755
2022-10-15,19069.8749272355,365763269803.227,252056629196.09116,10,0.06685922138161984,0.4079775183744435
2022-10-16,19261.7497878434,369460796080.11127,256202460626.25946,10,0.06778250872062645,0.40948938247543204
2022-10-17,19557.0218106371,375142761443.2314,260413901481.32828,10,0.06812742206623822,0.4097414387617541
2022-10-18,19341.4075543542,371024014617.1823,255629164518.65976,10,0.06779751969899969,0.4079276592375605
2022-10-19,19132.1544254822,367027991687.44006,249548597714.89114,10,0.06714687982450997,0.4047325214808872
2022-10-20,19033.3760239626,365150292653.8844,248143463508.30338,10,0.06735053919583872,0.40460784251434795
2022-10-21,19174.8763487434,367883634520.1516,252357869471.43793,10,0.06779054362598252,0.40687033655016397
2022-10-22,19207.6285078901,368528334460.5667,255043157928.604,10,0.06842626730720348,0.4090038769274457
2022-10-23,19565.4123243717,375411929443.3675,262317206106.7385,10,0.06970772291518458,0.41133012666962965
2022-10-24,19341.460210111,371131281846.5523,257634361982.4408,10,0.06951662538545758,0.4097462456974036
2022-10-25,20094.9611215663,385605065822.4446,275371263937.00214,10,0.0727192411689319,0.4166128975257249
2022-10-26,20797.0308258328,399097328311.379,291280070952.7025,10,0.07555210670545132,0.42191426205897964
2022-10-27,20280.1751280538,389195921538.64905,283159276722.6683,10,0.07469279288515134,0.4211453669948658
2022-10-28,20604.6138535944,395442686247.225,291346835635.30896,10,0.07551549500557406,0.4242156095170303
2022-10-29,20803.8999205143,399285967648.70013,304573318618.0154,10,0.07781689851023464,0.43271904563975944
2022-10-30,20616.7033766803,395710529271.3392,298671020024.90424,10,0.07709819173945562,0.4301252248531196
2022-10-31,20490.8581808884,393317251848.5653,298506152007.9716,10,0.07667828534429,0.43147738330903984
2022-11-01,20483.966530976,393203403802.07855,301314134538.2387,10,0.07714599340049964,0.4338466891106689
2022-11-02,20148.2845537697,386775127359.09686,289778163178.9347,10,0.07541969308185746,0.4283153555405629
2022-11-03,20198.1111860316,387752323864.0792,291439049292.68164,10,0.07573957788252006,0.429097101069062
2022-11-04,21157.2449275278,406182308414.37366,314479420476.3075,10,0.0777400669181594,0.43637591378744023
2022-11-05,21283.4715999416,408625727281.5159,311327330618.232,10,0.076460746220279,0.43242726341969884
2022-11-06,20946.8030359439,402179894315.6349,299176535224.6828,10,0.07518926071983131,0.4265684645120724
2022-11-07,20568.5651183518,394936214963.7293,297862734407.6402,10,0.07620676523850314,0.42994108850470153
2022-11-08,18520.971163647,355639311703.4768,255394647710.49222,10,0.07191130352046397,0.41797128257067145
2022-11-09,15758.2912819988,302605063696.8061,210247247360.67532,10,0.06936023016986857,0.409956712346979
2022-11-10,17541.5602866745,336865135843.0826,249495442249.4906,10,0.07397066541987922,0.42549832231405715
2022-11-11,16916.8506312098,324882485889.16296,244484291571.58307,10,0.07571746842081546,0.42939683390367567
2022-11-12,16771.2426718293,322103638475.01587,237745174643.3596,10,0.07465183853338159,0.4246596028651226
2022-11-13,16320.4983375219,313459931493.43146,229683586973.766,10,0.07476165983226875,0.4228782617565885
2022-11-14,16629.4784146698,319407146559.77606,237031947871.2071,10,0.07460994536923642,0.42598004030179965
2022-11-15,16855.59378609,323766538003.8617,240002010944.6642,10,0.07413256367353573,0.4257101808752678
2022-11-16,16659.6063345996,320017579504.2511,233773079282.1054,10,0.07291849964161032,0.42213257947402705
2022-11-17,16675.1790204559,320331100560.6855,232541636692.9051,10,0.07194660693498388,0.4206060835049701
2022-11-18,16661.5229576271,320083241544.82635,233631009511.923,10,0.07259112865318475,0.42193425411400237
2022-11-19,16696.0040581531,320760994779.17206,235265514735.121,10,0.07298789549009377,0.4231192410963156
2022-11-20,16246.8446992987,312146945942.77655,220612020975.34695,10,0.07014549484694914,0.41409349194351797
2022-11-21,15778.0174047341,303152194386.4471,216392130248.03513,10,0.07020159433174213,0.41650369369403595
2022-11-22,16172.8893445354,310751834009.56635,223156417712.8776,10,0.07016516914141409,0.41796772571495494
2022-11-23,16574.0617299825,318474713411.88574,231746972212.7072,10,0.0713866481791497,0.4211883651034872
2022-11-24,16583.5243445354,318669910367.05646,236256963199.3545,10,0.07252297370650944,0.4257443177710521
2022-11-25,16522.3887767388,317507827540.0432,237217870557.2747,10,0.07257194416655602,0.42763093790484275
2022-11-26,16448.6413077148,316101841086.03455,236861580757.4831,10,0.07324734863308689,0.42834945567975063
2022-11-27,16436.0707688486,315874237356.33,237204228529.5499,10,0.07281951187294836,0.4288798844294432
2022-11-28,16212.5814161309,311593224390.96533,232113714097.03214,10,0.07209937558879317,0.4269096045426982
2022-11-29,16443.0368199883,316035861020.9537,240327292932.1619,10,0.07401800843910267,0.4319611951736368
2022-11-30,17176.8986914085,330155532207.7363,253242886606.21744,10,0.07556890466419822,0.4340822299811149
2022-12-01,16961.2918042081,326027592017.76044,247783777491.74875,10,0.07521307636447867,0.43182096183202673
2022-12-02,17075.1091370544,328228712887.5605,250055930478.44913,10,0.07571672191397841,0.4324097714629835
2022-12-03,16899.5073831093,324867019678.67773,242008327262.50092,10,0.07343002504786764,0.4269163027963054
2022-12-04,17121.7149824664,329153600280.11,248093792103.73047,10,0.07476082103453108,0.4297876359028411
2022-12-05,16961.3517866745,326086201568.41547,244842532284.6306,10,0.07419984169327294,0.42884955295953225
2022-12-06,17070.5158281707,328199310631.1556,246047212711.76962,10,0.07440815823519287,0.4284696601721289
2022-12-07,16848.2518243717,323944154279.1225,239082373271.5231,10,0.0731561035091891,0.4246378484360438
2022-12-08,17231.4563223261,331330076551.5836,247192878215.56107,10,0.07437752375902204,0.4272827485558566
2022-12-09,17136.1490008767,329513766613.9268,243668450590.7996,10,0.07371601510814613,0.4251151610723598
2022-12-10,17124.2146797195,329300761676.0754,243810963391.6825,10,0.07397544739025955,0.42541611474247404
2022-12-11,17094.3606592636,328742369908.81226,241842415166.6676,10,0.07388809044957119,0.42385009466152423
2022-12-12,17195.5249962011,330703233431.764,243499220368.0961,10,0.07413441783440454,0.42406509891538785
2022-12-13,17774.9166320865,341864385936.1696,250471348391.2074,10,0.07428456257263837,0.4228536856308839
2022-12-14,17809.7240835769,342550310001.91003,247078558872.56982,10,0.0734513423353576,0.4190408101017996
2022-12-15,17344.0544569258,333608737800.18677,239410414255.71176,10,0.07288539759974982,0.4178052572880793
2022-12-16,16606.1101750438,319428047892.88965,219838909639.07703,10,0.07012769469519002,0.4076624880656542
2022-12-17,16774.3853702513,322679384960.55084,223841536989.10687,10,0.07076763367646573,0.4095754215420976
2022-12-18,16776.1159254822,322727877320.70087,223551286958.974,10,0.07077924903371875,0.4092253587115103
2022-12-19,16424.1313857393,315970590232.1877,217519956157.62555,10,0.0710621894520782,0.4077297294761941
2022-12-20,16901.8169362946,325175184915.4376,226367404221.4403,10,0.07205074644830563,0.41042597376874923
2022-12-21,16800.5329707773,323241590694.86566,224758981392.14618,10,0.07216300670438003,0.41014369845668486
2022-12-22,16814.2225791935,323519164532.47,226421386136.17133,10,0.07237004534845383,0.4117197501818669
2022-12-23,16780.5169798363,322884484946.6077,227187997904.18692,10,0.07269547487497553,0.41301465713530505
2022-12-24,16837.612170076,323992454902.6669,227005187687.04572,10,0.07249131664318116,0.41198939911995186
2022-12-25,16824.8389736996,323761497306.50684,226057545180.69662,10,0.0723800382233865,0.4111489921449163
2022-12-26,16879.9382273524,324835384948.265,229324989503.14417,10,0.07253450228273273,0.41382422864529844
2022-12-27,16698.9112708942,321363727065.9362,227141361979.4553,10,0.07255416606967767,0.41410985333749245
2022-12-28,16536.2942001753,318251590263.80304,221475161503.33224,10,0.07184849947682685,0.41034682972113923
2022-12-29,16630.5931551724,320081089139.22046,221642629431.47958,10,0.07221155356482298,0.40914329912721575
2022-12-30,16593.6888287551,319387194706.514,221204936509.79984,10,0.07223127555988709,0.4091900783167085
2022-12-31,16524.2178024547,318066160917.6291,220723595313.36475,10,0.0723381217556193,0.4096655379222439
2023-01-01,16606.7520432496,319670907154.7215,221598198564.1214,10,0.0722601214385684,0.409404852822375
2023-01-02,16688.7192729398,321265002247.2439,225349623163.8447,10,0.07279394833648013,0.4122641669061957
2023-01-03,16670.0773836937,320922182113.7682,224536972628.73788,10,0.07283863837084216,0.4116476379147668
2023-01-04,16848.3660391584,324369544293.4295,231494511742.9072,10,0.07454266567878086,0.41645886117121855
2023-01-05,16824.8001826417,323932356386.7127,229316089833.57138,10,0.074303890066156,0.41449025550858176
2023-01-06,16957.8622738165,326513313120.37085,233509720812.93573,10,0.07484742072421874,0.41696449371535044
2023-01-07,16942.6285891292,326236304322.311,232748582648.26025,10,0.07457545071639327,0.4163772367973049
2023-01-08,17059.2399444769,328498009829.2725,236513938119.02002,10,0.07530464619333262,0.4185998879808906
2023-01-09,17182.3198521333,330884397269.81604,243148763454.80035,10,0.07685932646702978,0.4235796467713948
2023-01-10,17433.9146320865,335747837175.3695,245809229615.4857,10,0.07661253509257708,0.42267430601765144
2023-01-11,17833.7107656341,343463621577.3181,254068305478.99393,10,0.07741036714334557,0.42519620119821694
2023-01-12,18869.7044842198,363433875432.7606,259859026314.96356,10,0.0751015813362895,0.4169131809239514
2023-01-13,19868.7247454705,382694927746.06995,266721566010.68137,10,0.07297318117438625,0.41070956554821647
2023-01-14,21010.9227200468,404717454271.446,281626589834.99384,10,0.07384639620079254,0.4103285986864607
2023-01-15,20876.0085561075,402139971938.0668,280208852449.3143,10,0.07435902395926555,0.41065338201599205
2023-01-16,21180.4119485681,408023232448.03577,282738559861.8079,10,0.07450052840200151,0.4093141268227304
2023-01-17,21178.2993962595,408003184105.71906,281951793507.0964,10,0.07414146355286941,0.408652452197135
2023-01-18,20709.6686040327,398993060386.0528,272418936728.87006,10,0.07339462003909042,0.40574034705882867
2023-01-19,21071.8334152542,405989633549.5902,278537160341.6513,10,0.0735733197777901,0.4069046863137189
2023-01-20,22660.7169421391,436621242754.64154,296763928325.8542,10,0.07316947360969829,0.40464948028418973
2023-01-21,22803.172761543,439385714224.06366,292251992541.4641,10,0.07139908604228815,0.39944905769478584
2023-01-22,22716.2771966686,437732794648.68384,292885945905.94965,10,0.07167842161852689,0.40087384794374636
2023-01-23,22929.0248936295,441854991915.7521,296014334708.9034,10,0.07099890046173915,0.4011744681988685
2023-01-24,22611.1268787259,435747150905.5123,282585282280.37115,10,0.06871581693227007,0.39339067710902914
2023-01-25,23109.0845189947,445368746306.4168,291861754803.5334,10,0.06957142267122358,0.3958894190678707
2023-01-26,23008.6894766219,443456176561.58954,290687285509.3266,10,0.0696230467895755,0.39595433389727175
2023-01-27,23070.4964582116,444669613307.60205,291411092017.6173,10,0.06926679046131054,0.39589557219661725
2023-01-28,23008.8094649328,443504792891.1736,287274514293.9821,10,0.06824288012205572,0.3931070727775767
2023-01-29,23774.9963679135,458297300768.152,298936349265.76385,10,0.06924488297893899,0.3947742539602866
2023-01-30,22799.427261543,439511464587.8264,284421710051.61615,10,0.06868542557857212,0.3928839290909321
2023-01-31,23130.0519132087,445901640172.674,290121449310.6527,10,0.06851783511906424,0.3941743859072575
2023-02-01,23727.2026075395,457433839815.10974,298844694935.0033,10,0.06919914403361747,0.3951516289348957
2023-02-02,23505.6048430742,453182984739.08746,298223389388.2948,10,0.07004021779625953,0.3968869571204069
2023-02-03,23445.8131773816,452049702984.0979,301707425741.61835,10,0.07104062621094906,0.4002714060584444
2023-02-04,23355.5243863238,450328730991.77454,302761349505.9016,10,0.07154825232925698,0.40202541149635534
2023-02-05,22957.2251905319,442670747793.2454,294796565304.032,10,0.07105044830952362,0.3997418733935753
2023-02-06,22745.1650371128,438602754424.7974,290746551666.24615,10,0.07097221847773591,0.398638278309341
2023-02-07,23266.2692036821,448672031309.6344,301354528598.54895,10,0.07189473723894488,0.40179180939331016
2023-02-08,22937.5799453536,442353295733.7822,297025373503.805,10,0.07194451210136024,0.4017229409797333
2023-02-09,21818.1989456458,420788022144.0468,278679398909.968,10,0.07084106540390019,0.39841655311126717
2023-02-10,21620.5667837522,416996331015.9051,274790872824.88858,10,0.0700374787578536,0.39721878534215893
2023-02-11,21864.8626414378,421728294573.3244,279061224926.3571,10,0.0704409387600054,0.39820975793928653
2023-02-12,21772.1373252484,419961857108.6628,274137513462.3732,10,0.06952801628046039,0.3949542746838109
2023-02-13,21798.7157168323,420495779524.61456,272560823355.54373,10,0.06909685715529934,0.39327353959669914
2023-02-14,22222.415043834,428690299515.88525,281596443035.3261,10,0.07008359319722432,0.39645459525808774
2023-02-15,24304.6129827586,468882522753.51,300849648707.8821,10,0.06882821958615078,0.3908497784842451
2023-02-16,23742.4488354763,458063860579.9492,293223977273.56177,10,0.06923867859780697,0.39029512059096544
2023-02-17,24607.3356054939,474775525177.3805,302723951945.47186,10,0.06892439871703893,0.3893558270491783
2023-02-18,24636.5266127995,475364602543.9585,302874511023.1347,10,0.06863534122136,0.389179245482659
2023-02-19,24366.9907606663,470188548638.2596,300348337825.82965,10,0.06907735823138687,0.389790992620867
2023-02-20,24797.8430359439,478525110573.91046,304405444710.5066,10,0.06859003302891976,0.38880261174622893
2023-02-21,24400.3893898305,470880895681.777,296825390806.48615,10,0.06783066680614261,0.38663926039248875
2023-02-22,24163.7389812975,466335136342.27606,295377194645.11847,10,0.06795062619183631,0.38778050798025826
2023-02-23,23910.0342104033,461464448220.81104,295063959060.1662,10,0.06898329251525354,0.39002363456601624
2023-02-24,23175.8242036821,447313723306.11865,286843252520.5561,10,0.06939554896149233,0.39071106311775505
2023-02-25,23159.8154403857,447020226642.79895,284757876671.16675,10,0.06882196107383252,0.3891314530751856
2023-02-26,23542.0964281122,454423557531.8094,291345008550.3774,10,0.06968701871257542,0.39066410385319184
2023-02-27,23504.1894178843,453712418114.22455,289994698030.22485,10,0.06950375087557047,0.3899313207242453
2023-02-28,23145.9491277031,446816954241.5268,285741957042.43555,10,0.06941442433409979,0.39006003836826325
2023-03-01,23610.6590902981,455812950761.41614,294270505590.5663,10,0.07037956740079847,0.39231701899112087
2023-03-02,23470.0254815897,453119084947.0604,290854551302.7048,10,0.07021104342932336,0.3909473899758724
2023-03-03,22350.0962340736,431520872630.53033,279372584922.0472,10,0.07020859842806629,0.392987981467511
2023-03-04,22334.2852638808,431236820216.16016,277573288427.8072,10,0.07011117639242387,0.3916045849837495
2023-03-05,22419.8171390999,432910012445.1529,276777111237.76685,10,0.06974321371521078,0.3899987783368996
2023-03-06,22414.7033056692,432829758358.50635,277324396684.5691,10,0.06993338444130749,0.3905129537230513
2023-03-07,22174.6484725307,428217144455.89264,276933343870.4611,10,0.07035186575304977,0.39272942223687773
2023-03-08,21701.3846227352,419095929575.50745,273001696046.68582,10,0.0706972224977578,0.3944554726672531
2023-03-09,20349.8141732905,393011644658.6809,256709815177.9375,10,0.0705986254226559,0.39510748997345846
2023-03-10,20240.406694623,390915883867.3412,256593566134.08347,10,0.07085575112694209,0.39627771630749004
2023-03-11,20585.2343290473,397596985986.37195,260888602422.0523,10,0.07176239020351283,0.3961948553082633
2023-03-12,22065.9800359439,426219300507.4272,277873100767.51,10,0.07189800431413856,0.3946543099518622
2023-03-13,24154.4290946815,466582802785.16895,290807883845.9287,10,0.06946496454981911,0.3839602057155643
2023-03-14,24769.0175691409,478477196465.55774,295623197922.4703,10,0.06891242412297352,0.38189258146054533
2023-03-15,24409.8017518995,471560444512.56,284680886877.1644,10,0.06781834681661472,0.3764418513783345
2023-03-16,25043.2388468732,483818462449.3984,288769143435.6033,10,0.06697449145472116,0.37376880140966956
2023-03-17,27450.6282933957,530352818442.7366,307154105814.67554,10,0.06524515339632748,0.3667481389327238
2023-03-18,26985.7359915254,521398305888.95514,301720268386.095,10,0.06538140200862749,0.3665574776414574
2023-03-19,28185.2043319696,544599611414.525,309306494665.30396,10,0.06392540140433825,0.36222541619392973
2023-03-20,27834.3361090006,537846862752.9635,297937212689.26843,10,0.062418493975669356,0.35647629745951215
2023-03-21,28172.7950558153,544412485046.96814,319266311452.3525,10,0.06407211604389325,0.3696586193228418
2023-03-22,27341.5571297487,528376772923.254,305172523889.47314,10,0.06357608845321447,0.3661121484432564
2023-03-23,28387.8897495617,548629664659.69635,319463021150.18567,10,0.06408510537247908,0.36800565927144574
2023-03-24,27464.1249453536,530804620773.4184,307486698353.5287,10,0.06376074295426908,0.36680172075951595
2023-03-25,27488.954880187,531309425740.7959,307827836324.13513,10,0.06338799509077794,0.36683847832789473
2023-03-26,28049.3916911163,542166852116.8292,313581030513.192,10,0.06340705585667156,0.36644090727919143
2023-03-27,27154.9963702513,524904198224.35614,307178296393.27295,10,0.06315129031652895,0.36916807934342144
2023-03-28,27283.9634029807,527419972348.9932,319821818232.3705,10,0.06505361558960583,0.37748588630515245
2023-03-29,28389.2917784921,548812901630.88776,327071669024.77966,10,0.06321921912279871,0.3734186900677348
2023-03-30,28021.5583009936,541731139042.2273,325187830611.54517,10,0.06394350315740241,0.3751075267639116
2023-03-31,28514.6813062537,551289644886.5577,331964705860.541,10,0.06396711518445548,0.3758427066673936
2023-04-01,28494.5638863238,550925636746.9945,329193241995.9987,10,0.06395661870444712,0.3740327016574856
2023-04-02,28161.9980362361,544521897457.7699,325325933882.93445,10,0.06372970529885749,0.374003270642759
2023-04-03,27850.9799436002,538531058881.4758,327896207737.52234,10,0.06503129568416308,0.3784463166966686
2023-04-04,28113.9585187025,543644520583.2456,335233945052.5237,10,0.06645066255673802,0.38143379108739434
2023-04-05,28190.3116063705,545145463891.8711,340685316225.02966,10,0.06779369798231213,0.3845941277633978
2023-04-06,28049.0744763296,542442263241.96606,333814299641.09985,10,0.06674330614768166,0.3809549780064203
2023-04-07,27936.8042609585,540295858608.64746,333798607493.18274,10,0.06680586713608905,0.3818793281941404
2023-04-08,27964.0512498539,540848505456.9017,330789233481.18353,10,0.0662189498370582,0.37950311087285354
2023-04-09,28357.8072703098,548489957869.8929,332590608172.95715,10,0.06563035081757108,0.37748035876753416
2023-04-10,29687.5651846873,574232641225.8341,341070052420.24927,10,0.06440797629730106,0.37263088461108534
2023-04-11,30247.0959193454,585084494471.6055,338566712654.2123,10,0.06254231054018161,0.3665525579810058
2023-04-12,29913.0035463472,578651893926.3026,340737954793.14166,10,0.06424562003569202,0.3706131357309768
2023-04-13,30370.82207218,587535115392.9287,354098858152.4877,10,0.0662103591222212,0.3760472413917306
2023-04-14,30458.9700414962,589267023015.4193,367455029014.60657,10,0.06901845266961314,0.3840770976637573
2023-04-15,30342.0591084161,587035196990.9066,367053366809.78534,10,0.06902920522073776,0.38471624200964893
2023-04-16,30312.9308533022,586495138075.4224,370703825216.18396,10,0.06991628069516519,0.3872798022486478
2023-04-17,29469.5050727645,570205069298.4104,363492075509.7219,10,0.07046560038202562,0.38930404524736634
2023-04-18,30366.8723813559,587599723277.2472,370173322284.751,10,0.06920842739658362,0.3864937774141913
2023-04-19,28796.7440952659,557242719709.9989,341086463166.97345,10,0.06723943231892622,0.3796898393911865
2023-04-20,28251.2763790181,546710916057.33606,338754960644.61035,10,0.0687756770064603,0.38257257513565085
2023-04-21,27292.0211052016,528172405706.8922,322352802511.8508,10,0.06777039192358077,0.37900440739076396
2023-04-22,27827.5475920514,538562166443.6984,329329927352.8365,10,0.06739927089386992,0.37945953155559364
2023-04-23,27604.6855742256,534274354377.7351,326192110920.7452,10,0.06748192454048439,0.3790875345822978
2023-04-24,27520.1996729982,532663425806.69855,323337761460.70447,10,0.06696418422906988,0.37773050583363055
2023-04-25,28302.6942180012,547831002433.11847,328332873210.0348,10,0.06600274984483567,0.3747391125535963
2023-04-26,28384.2340333139,549432360964.4666,326582204732.68494,10,0.06577232376581582,0.3728045371857301
2023-04-27,29465.5514272355,570387314623.2344,333116236563.1938,10,0.06479991709341885,0.3686938873961978
2023-04-28,29350.811886616,568193179248.3892,332223403550.3643,10,0.0645275256778623,0.3689663316925134
2023-04-29,29221.5145075979,565715172681.3684,334036307154.00433,10,0.06522074480055437,0.37125396805696037
2023-04-30,29362.0867974868,568463747930.4902,330337164016.55316,10,0.06421724664748558,0.367530962224943
2023-05-01,28114.9531873174,544350638079.246,321823673919.47974,10,0.06515299717246371,0.3715460842712606
2023-05-02,28690.5809959088,555518848523.076,327210954412.8629,10,0.06525876503696307,0.370680760210618
2023-05-03,29045.0427735243,562407679427.0454,331520503618.4248,10,0.06559110220415927,0.3708580956570667
2023-05-04,28855.8574465225,558770759439.337,327234134541.3127,10,0.06504902859600376,0.36933671220608344
2023-05-05,29552.9695236704,572291761122.6547,343153269545.7026,10,0.06752604471233903,0.37484857970682284
2023-05-06,28899.4629602572,559663552176.2677,328679669349.5766,10,0.06575640512371125,0.36999175699796166
2023-05-07,28761.738434249,557021382195.3127,328108417432.8708,10,0.06606997336308224,0.37068960684715313
2023-05-08,27727.2854091175,537011131120.9944,317176382805.05493,10,0.06673023519750466,0.3713193855377688
2023-05-09,27642.4281092928,535393735937.8805,317359267677.9828,10,0.0668617122321399,0.37215848707926985
2023-05-10,27646.004902104,535492387106.549,317158718767.6675,10,0.0666447845696334,0.37196775631046314
2023-05-11,26986.271065751,522739066994.568,309594036715.2955,10,0.06653724909022404,0.371959297708306
2023-05-12,26773.3443591467,518638152372.56696,312655326139.9599,10,0.0675247811530124,0.376107035868258
2023-05-13,26841.3982913501,519980779846.8074,310554248447.55725,10,0.06704506228794024,0.37392071118942405
2023-05-14,26918.261597896,521499075810.7013,311245469034.8486,10,0.06686570391590205,0.37375864058356056
2023-05-15,27231.6216052016,527594953250.6773,314066349046.0533,10,0.06680875107403511,0.3731505157585683
2023-05-16,27025.7181864407,523631551804.1511,316167299706.51227,10,0.06750187246913675,0.37647979529595454
2023-05-17,27401.0440610754,530931006408.4277,317808465243.0587,10,0.06650073552306075,0.3744476083157339
2023-05-18,26843.2350938048,520146384933.0292,315988657096.7379,10,0.06719776626968497,0.37791581648062117
2023-05-19,26889.503631502,521068147947.558,317812035570.3338,10,0.06743011387574877,0.3788527155780113
2023-05-20,27100.8582878434,525185993610.3449,318596457214.95605,10,0.06713152491277743,0.3775812792780151
2023-05-21,26777.0977831677,518937128063.57935,315338498854.985,10,0.0674637283871966,0.3779787982296718
2023-05-22,26858.7370637054,520543460954.97534,317525486728.6901,10,0.06769511941696571,0.37887752267435415
2023-05-23,27226.8558763881,527704099086.77527,322382345769.0211,10,0.06811520410361224,0.37923477985078113
2023-05-24,26341.4306446522,510566222468.4846,313350831771.18726,10,0.06837673033267405,0.3803184193830701
2023-05-25,26484.8359234366,513370789092.2958,313919202631.0691,10,0.06822538813980451,0.3794548535237685
2023-05-26,26720.3838071303,517962100400.9786,318524112529.6009,10,0.06845842401105971,0.38078823966945097
2023-05-27,26854.5403702513,520586999345.351,319702317246.2151,10,0.06817371752641462,0.38046695457584956
2023-05-28,28097.5211259497,544710821944.3064,331790061880.59717,10,0.06802332368871306,0.3785393352174623
2023-05-29,27765.0728693746,538293946912.9947,330696948398.8868,10,0.06824611435457224,0.38055283453827143
2023-05-30,27712.4915844535,537301203182.37537,334227882437.31866,10,0.0685911895017604,0.38349595894400756
2023-05-31,27217.6832580362,527731641093.4781,330029819645.6631,10,0.06881344173850071,0.38475710876689806
2023-06-01,26825.3713451198,520147121316.72687,327196989630.0135,10,0.06940732215298118,0.38614417142102425
2023-06-02,27255.2279941555,528510029107.58826,335328548668.24646,10,0.06996646698579807,0.3881842711072622
2023-06-03,27079.4084643483,525122689418.9404,332933638879.5205,10,0.06986458507617296,0.38800907108246974
2023-06-04,27158.25456955,526676790956.72736,334793278291.5849,10,0.06967705914997448,0.3886301918576387
2023-06-05,25785.8514842198,500084181918.0878,319047271839.74286,10,0.0702999028020962,0.38949459256641666
2023-06-06,27213.7705187025,527802559981.0705,331068614695.82806,10,0.06919854476115628,0.3854694678982256
2023-06-07,26339.5790292227,510870113654.00055,321337383697.3368,10,0.06954903857728513,0.3861265185906828
2023-06-08,26521.693600526,514427849387.03986,323846650255.5043,10,0.06964998174641773,0.38632530321940906
2023-06-09,26470.6775780245,513466277051.1745,323411739676.9394,10,0.06945126199905462,0.3864502749652341
2023-06-10,25863.2138506721,501707862683.3152,305896370206.0959,10,0.0677758156848886,0.3787701422907025
2023-06-11,25906.8281516657,502580307777.0159,306798557566.19904,10,0.06762053891448554,0.37905432264543
2023-06-12,25906.7519354179,502604249932.6571,306301301231.6245,10,0.06725864124505783,0.3786613910496176
2023-06-13,25880.8599734074,502125710654.5159,305070923261.77545,10,0.06711232110612557,0.37793879513800377
2023-06-14,25097.5853796026,486948042919.9202,289137528620.55505,10,0.06574953213763741,0.37255882498451476
2023-06-15,25559.1433293396,495926918719.6621,290849004155.50757,10,0.06509778612976581,0.3696719684718337
2023-06-16,26331.8200943892,510944432248.7327,297253001334.3357,10,0.06519184829939303,0.3677975071221052
2023-06-17,26514.1713495032,514505988281.25287,299423624968.9383,10,0.0651567212336866,0.3678741012669107
2023-06-18,26353.962682934,511422019499.6096,299025965225.9479,10,0.0652698441967365,0.3689637963961465
2023-06-19,26778.0634415547,519675836338.162,301570181447.18445,10,0.06479122317036563,0.36721052512428437
2023-06-20,28305.4204573349,549340968935.672,309251987454.2548,10,0.06323168241923471,0.3601846313234943
2023-06-21,30099.5153509643,584182850882.5013,325493477971.7768,10,0.06293494217260052,0.35781240826803784
2023-06-22,29952.5112866745,581355386790.9049,322685646527.6804,10,0.06257775092132291,0.3569369471462536
2023-06-23,30638.3537644652,594691002089.546,327761302265.7002,10,0.06173885985403557,0.35531517534100693
2023-06-24,30549.0162872589,592984835953.4076,325396471824.409,10,0.061412995524457496,0.3543152164232985
2023-06-25,30467.4403705435,591430505950.9973,328324644250.73676,10,0.06235512077535084,0.35696961759738316
2023-06-26,30255.8861241964,587351447287.8134,321892753750.4619,10,0.06139527123942192,0.3540223334753076
2023-06-27,30667.0762948568,595360633206.1908,327942052095.2971,10,0.0615951786182319,0.35518368712229353
2023-06-28,30104.0432717709,584450413633.0168,316790067636.0336,10,0.060778167569764056,0.3515044810126113
2023-06-29,30460.792978083,591404272513.048,321873470835.9342,10,0.06083805625849621,0.3524376600437308
2023-06-30,30484.503257744,591894717187.0422,337013724312.5614,10,0.06346232704305482,0.36280618116517055
2023-07-01,30581.6889655172,593807120118.1417,335294459239.3202,10,0.06288518238547705,0.36088030274493726
2023-07-02,30594.2164736996,594083065323.3347,338521819498.3818,10,0.06326677917576976,0.3629852523913126
2023-07-03,31135.3575993571,604617684181.0029,340520411045.6118,10,0.06276477848935744,0.36028640974837184
2023-07-04,30799.9474558738,598131495142.3197,337846477749.39185,10,0.06293454343370722,0.3609555860653562
2023-07-05,30497.8221282876,592293990836.9595,332278658440.515,10,0.06269778360205204,0.359386207995857
2023-07-06,29979.7298094681,582258236308.4534,322482749080.0589,10,0.061854309165387714,0.35643654293121135
2023-07-07,30329.8829786674,589091989840.958,325148256408.25397,10,0.061633194020534014,0.3556485920874917
2023-07-08,30263.6196341321,587838636815.4672,325065455671.55505,10,0.061593973254092785,0.3560784296475001
2023-07-09,30163.2210563998,585920361083.212,323972445149.20667,10,0.06175178694059568,0.3560556176838843
2023-07-10,30394.6555806546,590445229947.0143,327514338353.08716,10,0.061864124986751826,0.3567851457331456
2023-07-11,30616.247094097,594775689277.0168,327254527984.46893,10,0.061351966806379436,0.35492820284832405
2023-07-12,30385.6087852133,590322472174.5057,325609551921.4447,10,0.06159463634932737,0.35549532427674435
2023-07-13,31434.7354704851,610728166020.4672,385786236723.7888,10,0.06368808963950365,0.3871356356329517
2023-07-14,30310.6720204559,588915499105.7461,364370316863.9941,10,0.06384342959496231,0.382225677504007
2023-07-15,30290.8905958504,588557285440.3251,362597773840.0772,10,0.06373922150304231,0.381218362140029
2023-07-16,30249.7729658095,587787667157.1555,364587311164.23773,10,0.06362184103354701,0.38281907805562093
2023-07-17,30143.7462744009,585753069498.2948,362291195193.2787,10,0.06343890910197778,0.38214586458274985
2023-07-18,29835.7474076563,579798246310.3221,363733538939.8212,10,0.06359482284100511,0.38550215755941963
2023-07-19,29913.0294646406,581327738448.3727,370608268674.12036,10,0.0631669939649288,0.3893205697664416
2023-07-20,29805.6065707189,579263933757.5835,370382409059.1284,10,0.06347721258021277,0.39002141361440984
2023-07-21,29919.6934921099,581502126093.2744,367720251469.8271,10,0.06323962151693255,0.38739104783207884
2023-07-22,29726.0096271186,577762692312.1978,358628588773.2023,10,0.06261466736365912,0.38299009828189
2023-07-23,30066.5724482759,584409586208.3058,363334989228.36255,10,0.06279305157098748,0.3833680494145354
2023-07-24,29178.3597042665,567172583835.5377,353245109818.79596,10,0.06340055685481565,0.3837878305188888
2023-07-25,29221.2548533022,568031588349.4268,355641746586.90607,10,0.06356857369814198,0.38502978611093047
2023-07-26,29361.5917580362,570786020995.8512,358960402672.41266,10,0.06372843045455039,0.38608419837330904
2023-07-27,29201.6865175336,567702667641.671,357898800443.202,10,0.06366213628844326,0.38666619790882234
2023-07-28,29316.3130751023,569956745528.741,359801665804.55664,10,0.06395808589306269,0.3869840395297868
2023-07-29,29360.376179135,570837626124.9584,361191853792.93195,10,0.06406603082553988,0.3875326495303047
2023-07-30,29262.8367337814,568971946350.4604,357401254781.2022,10,0.06361334009236302,0.3858069883116209
2023-07-31,29219.8201887785,568161304123.1444,355030145884.8718,10,0.0635248654050614,0.38456827766525464
2023-08-01,29499.5875385739,573626834711.752,357366498213.227,10,0.06328867643423247,0.3838550562875236
2023-08-02,29143.1519620105,566723906311.3193,348973498628.47363,10,0.06307811483820303,0.3811013297033627
2023-08-03,29192.3448617767,567708072135.62,345268486568.6904,10,0.06289033181522928,0.3781789173850125
2023-08-04,29057.2532437171,565102898970.0577,340832286163.90594,10,0.06285086782548126,0.3762214910700327
2023-08-05,29053.0956975453,565050006983.1484,341934721827.018,10,0.06317331665735819,0.3770016307502632
2023-08-06,29048.0433275862,564981518319.1797,339820411091.24316,10,0.06289381538707389,0.37557436610758915
2023-08-07,29164.3585873758,567270450866.943,340149672969.1879,10,0.06260607198371308,0.37485357006542963
2023-08-08,29779.511383986,579258937400.4265,346880237310.92084,10,0.062348294654585426,0.37454439546738105
2023-08-09,29582.9442375804,575465345987.5969,347138296861.0723,10,0.06271604502282656,0.3762594040808616
2023-08-10,29430.1599117475,572516652889.1097,344767733306.0632,10,0.06289094472299821,0.3758569735784275
2023-08-11,29399.784739626,571953498583.0272,343948095323.86926,10,0.06280948769653376,0.3755295302595929
2023-08-12,29415.733902104,572294481733.854,343613789930.1165,10,0.06284413688608823,0.37516179355587476
2023-08-13,29286.1176110462,569797456814.3981,341778775334.6194,10,0.06279278716464617,0.3749316439820779
2023-08-14,29408.9717127411,572219165382.1079,343190799163.9396,10,0.0626965834972192,0.374903936439154
2023-08-15,29167.59721654,567553842371.7332,336354969330.00433,10,0.06264219811143161,0.372111616764492
2023-08-16,28754.2924079486,559540898713.4391,329544115350.36945,10,0.06284076557186481,0.37065534806856887
2023-08-17,26660.5627264757,518824196992.3581,302539765406.4612,10,0.06334820546378722,0.36833825107554546
2023-08-18,26037.3658474576,506719180176.8718,299704779144.66296,10,0.06377966172771327,0.3716466700677052
2023-08-19,26093.981808007,507843828672.9706,303122716311.3456,10,0.06395583126277629,0.37377955747509645
2023-08-20,26176.4721642315,509475768372.07227,307869236500.1945,10,0.06431584004320685,0.3766698697183667
2023-08-21,26128.9050160725,508576908784.24,303560636428.56177,10,0.06381006352204016,0.37377983349978083
2023-08-22,25978.2096914085,505666970507.7364,297857537792.77765,10,0.06281754701028212,0.370688802539151
2023-08-23,26452.1935882525,514916563795.6458,306209955161.6701,10,0.06346900602582094,0.372914463352739
2023-08-24,26126.7943331385,508605062140.85895,301317941127.1857,10,0.06340770630224903,0.3720328227638502
2023-08-25,26040.881255114,506954581484.77936,301487195710.59863,10,0.06347590275600425,0.3729238198902944
2023-08-26,26006.1740800701,506301182375.6108,300052807914.9229,10,0.06328991020363281,0.3721105265527517
2023-08-27,26086.3612594974,507881219035.4736,301723806451.64417,10,0.06351035046464623,0.3726802538930697
2023-08-28,26103.2765730567,508229798236.06354,301167382842.23627,10,0.06331825488342765,0.3720884997906878
2023-08-29,27672.2221306254,538804434657.69055,313989860887.4346,10,0.06240751713560201,0.36818944794503494
2023-08-30,27298.997779661,531558900196.0871,308812653562.8266,10,0.06245808563770297,0.36747156919047613
2023-08-31,25954.8665935126,505409690842.3523,298160313792.09894,10,0.06340533091893702,0.37104460354730867
2023-09-01,25802.7885298071,502472681320.6064,294472720095.45337,10,0.06312315596772115,0.3695017495203772
2023-09-02,25868.2960976037,503772923101.216,295599206557.8383,10,0.06327758732571073,0.36978923281190246
2023-09-03,25962.5475689655,505634064276.9361,296615855516.58356,10,0.06299708155107371,0.3697299908648486
2023-09-04,25799.5256870251,502483154477.98334,296376936998.82056,10,0.06307936600446606,0.3709998035462337
2023-09-05,25782.3622200468,502168852413.6942,296746779646.2016,10,0.06332711212861845,0.3714369424479531
2023-09-06,25754.7902676797,501653557916.837,296802134727.1311,10,0.06338222538117629,0.37172023126833087
2023-09-07,26210.6045637054,510555856977.8189,298959871374.17773,10,0.06280211222670336,0.369307057174537
2023-09-08,25904.6982127411,504618646366.032,297702606691.9731,10,0.06316942896351373,0.37105162745882064
2023-09-09,25894.6205976037,504446774367.6367,297736394084.3281,10,0.06312802418096922,0.37115761810222614
2023-09-10,25831.4647802455,503240183985.3009,294457591687.8715,10,0.06261422655128418,0.36913427700030943
2023-09-11,25135.0393781414,489697629060.51953,282293806969.33215,10,0.06164142516087782,0.3656696095245496
2023-09-12,25859.7018068381,503838775481.52295,288436775291.2877,10,0.06164067344812518,0.3640611842810716
2023-09-13,26226.8667524839,511016547221.9484,290784526478.40265,10,0.06130046850945456,0.36266417695902786
2023-09-14,26556.056943308,517457530984.23016,294327490777.1873,10,0.06128633068627562,0.3625682697847187
2023-09-15,26672.6160818235,519760082134.145,298225603621.8215,10,0.06163335744872768,0.36458535743960746
2023-09-16,26555.6361031561,517506259356.38794,296487762272.10046,10,0.0615583194087106,0.36423825531168236
2023-09-17,26502.4321189363,516494120490.55426,293154723635.1503,10,0.061148370695528205,0.3620763813375316
2023-09-18,26764.6319064874,521630111130.5716,297528253227.6649,10,0.06118700290335566,0.36321212865934804
2023-09-19,27215.0504848042,530432200788.9904,300064129496.7771,10,0.06038869149851566,0.3613069902350168
2023-09-20,27133.4037235535,528865632041.9488,297739157453.753,10,0.05980335883988862,0.36019529675771517
2023-09-21,26571.5952919345,517938166731.5329,290605591938.7082,10,0.059638432290720376,0.3594185086737274
2023-09-22,26581.1476116306,518145793262.0893,292497673926.8967,10,0.059953225907209064,0.36082160131527524
2023-09-23,26575.776386616,518067003459.20776,292176924301.512,10,0.05993931204414664,0.360603658097142
2023-09-24,26286.6410488019,512454598334.4112,289529883390.7783,10,0.060153778444761406,0.36101681514828804
2023-09-25,26288.8095005845,512520696246.095,291395263794.44916,10,0.06038888793127064,0.36246980813734947
2023-09-26,26194.5378880772,510705063524.10785,291283795074.439,10,0.06077743944894624,0.36320179757041676
2023-09-27,26336.0825973115,513490549820.47455,292250778745.09094,10,0.060619192704317565,0.36271042378498236
2023-09-28,27033.4254415546,527111733520.92126,301135934196.88446,10,0.061142604088555264,0.3635819887385246
2023-09-29,26911.2514739918,524754246922.81,304097184089.99316,10,0.06196508579471268,0.3668898583168348
2023-09-30,26977.6933126826,526073093616.7237,304424708260.67975,10,0.06194507636313463,0.36655691029224224
2023-10-01,27950.1453594389,545060830633.9652,313618625897.53766,10,0.0619513275268276,0.36523364278953346
2023-10-02,27565.8892954413,537594432787.1499,302726629011.2694,10,0.06033517043642267,0.3602511501537124
2023-10-03,27439.1422393337,535150716312.29047,304436447124.729,10,0.06038464001621007,0.362602550851846
2023-10-04,27797.251176505,542157740802.6999,302992976852.7266,10,0.05932134757234791,0.3585076253538234
2023-10-05,27426.3450926359,534947755956.13696,297251753841.5734,10,0.058812474792024366,0.3571880905263076
2023-10-06,27941.9633760959,545032774162.6376,302046059638.9028,10,0.058898032012559096,0.35657373031430073
2023-10-07,27972.7515704266,545663221045.67993,300005402812.2127,10,0.05845495344247441,0.3547552721580292
2023-10-08,27936.3261157218,544978512422.1076,299233586978.19336,10,0.05845400111757995,0.35445308968061284
2023-10-09,27591.3467618352,538275597960.00214,289475680016.75543,10,0.05724818660442141,0.3497133592162012
2023-10-10,27419.7971803039,534956624501.6669,287285804735.2504,10,0.057196919687568154,0.34939306768913186
2023-10-11,26828.1725710111,523440934621.2323,285731486494.6642,10,0.05834584561504543,0.35311570073115395
2023-10-12,26741.3405990649,521774344475.74725,281423359754.027,10,0.0575177241514266,0.350378690417072
2023-10-13,26842.4467703098,523770269515.9214,283458046973.22565,10,0.057754079708544306,0.35114978152161574
2023-10-14,26861.9892375804,524176108562.75214,284662128588.4078,10,0.057913145486233414,0.35193950472844504
2023-10-15,27130.3067092344,529440285566.39777,285060900140.76605,10,0.05736374428085291,0.349982179452902
2023-10-16,28506.7936741671,556327162174.4191,292526226437.90204,10,0.0561618364685206,0.34461336947257143
2023-10-17,28433.2051522501,554919826688.8004,286334746455.53876,10,0.055051633653253065,0.3403663475912072
2023-10-18,28328.0750195792,552893715020.0322,285455143845.439,10,0.05518939453213485,0.3404968478536996
2023-10-19,28690.358041204,559989684490.2711,289612101110.27075,10,0.05459772988929993,0.3408798168962865
2023-10-20,29704.9853673291,579818457347.6527,295226580174.22327,10,0.054050653218349454,0.3373844402458458
2023-10-21,29922.5464044418,584093133773.0231,300732693225.7158,10,0.0544323059035137,0.33987784267755605
2023-10-22,29984.1593196961,585324500584.1046,306565708213.3885,10,0.05546362074654976,0.3437258366438635
2023-10-23,32954.1690482174,643334765892.806,323897230663.86145,10,0.0535003853549765,0.3348702605134354
2023-10-24,33880.9566537113,661454292586.7697,327209188029.6527,10,0.05267334097409594,0.3309611353558249
2023-10-25,34488.6589210988,673349438741.381,327941685285.10345,10,0.051793494232766156,0.32751881787022546
2023-10-26,34181.4922521917,667384425419.4128,330539764396.30774,10,0.0527950276724346,0.33122732946011274
2023-10-27,33896.938528346,661861216442.4817,326131343258.23114,10,0.05253709673420281,0.330094938525675
2023-10-28,34091.5890327294,665695994028.7043,325874862321.1921,10,0.052101119576597084,0.32864505873113353
2023-10-29,34574.3377206312,675152083745.6385,330666148414.58044,10,0.05199577403380383,0.32875338489778727
2023-10-30,34495.1050207481,673638496021.2749,334947345467.5984,10,0.05245340306939815,0.3320960216664845
2023-10-31,34636.4264736996,676431849484.7964,337337060961.5689,10,0.05235940547199907,0.33275538190753795
2023-11-01,35431.9794532437,692001591886.2856,343366091646.8569,10,0.052102114288969714,0.3316368639932208
2023-11-02,34882.9173366452,681309570415.5433,336638620261.8836,10,0.05157886042399563,0.33070309800133973
2023-11-03,34708.2218804792,677927038798.8893,342345615049.8322,10,0.052800560155089916,0.335543262635159
2023-11-04,35091.0763062537,685441863797.9692,346446206663.4444,10,0.052991515787393986,0.3357401026145494
2023-11-05,35105.0420265926,685750422606.9633,356920395279.0846,10,0.054024991231497885,0.3423135942393776
2023-11-06,35017.7151484512,684072353457.0869,365933038496.87146,10,0.054225839262689444,0.348505866065988
2023-11-07,35418.4768901227,691930690430.0776,360112704661.04974,10,0.0532544326351278,0.34229833706608365
2023-11-08,35797.8946090006,699376281704.5089,363838335825.53186,10,0.05287057341643308,0.3422059195073583
2023-11-09,36675.3264333723,716551269713.5323,387720290036.37897,10,0.05769020729866129,0.3511095496511632
2023-11-10,37367.4943722969,730110600644.3363,385035377727.7041,10,0.05568318383123775,0.3452780041316229
2023-11-11,36979.9312405026,722575118046.0164,382162441388.4986,10,0.05533609761817875,0.3459305227063314
2023-11-12,37053.3410514319,724046805388.6791,381488272457.9339,10,0.055189251552290035,0.3450711606555313
2023-11-13,36543.2680870836,714107277954.3352,380974200978.285,10,0.05644092181577279,0.34789575781121046
2023-11-14,35590.6835645821,695523122553.6345,366019070748.59686,10,0.055701216604766485,0.3447993617757101
2023-11-15,37840.5534894798,739525714298.6049,379814551647.05273,10,0.05434053482440349,0.3393200112623235
2023-11-16,36160.4044509059,706723664687.0618,362357697653.64655,10,0.05419294645948288,0.3389430500034906
2023-11-17,36569.7120534775,714757510003.9954,363275140987.91223,10,0.05356487623082824,0.33697972009814314
2023-11-18,36577.4249617183,714942322047.2709,363060121768.2855,10,0.05365041450747884,0.33678970196323993
2023-11-19,37442.7285119813,731895327518.4427,372331497406.91705,10,0.05367615283209128,0.3371875134731352
2023-11-20,37516.0503708358,733367477325.5005,371312906270.14886,10,0.05395744812942638,0.33612700269154233
2023-11-21,36035.0330862069,704450637687.3756,355059510782.4665,10,0.05398963058627756,0.33511666810860463
2023-11-22,37403.0347168323,731226964175.8768,375122116181.0212,10,0.055193378639522755,0.3390630704551318
2023-11-23,37311.7192156634,729476032042.607,376277761603.4491,10,0.05529695346659909,0.3402907263494254
2023-11-24,37718.7841630625,737474104744.7794,378984386469.867,10,0.05512639576670532,0.3394522854652236
2023-11-25,37800.1260932203,739102058354.121,380860018887.11053,10,0.05514628895871899,0.3400651027624716
2023-11-26,37482.7055260082,732929768941.7416,377459563399.6371,10,0.05510204243907274,0.3399344287680807
2023-11-27,37229.2452197545,728003902580.5377,369922948008.12915,10,0.054452918823100924,0.3369285921095658
2023-11-28,37828.4655911748,739756186708.6306,374627962752.55804,10,0.05418507281342848,0.33617488451688127
2023-11-29,37846.8531227352,740147934698.2544,371764180471.78986,10,0.053606713734411136,0.3343467306451069
2023-11-30,37712.7114789597,737556192386.4604,374101311025.37836,10,0.05438604784344394,0.33652569238025826
2023-12-01,38703.5536820573,756975202401.7816,380398499354.31995,10,0.05389966687146006,0.33445339800541
2023-12-02,39462.2799272355,771845911078.7955,392781366153.17664,10,0.054856171317117564,0.33725928786995246
2023-12-03,39978.2226104617,781978503111.6078,396390489215.28705,10,0.054868745142319555,0.33638910374970493
2023-12-04,41910.2994815897,819810743285.1487,403281498601.12976,10,0.05340025011874742,0.32972288171755604
2023-12-05,44067.0054763296,862036250724.3539,410760725431.9172,10,0.052000548779878725,0.3227228954238849
2023-12-06,43745.8343907072,855790704203.0582,405662672240.1282,10,0.05101339389423825,0.321583563701689
2023-12-07,43282.6182261835,846760011628.9463,422240342979.7477,10,0.054395907522508766,0.33273461386064684
2023-12-08,44205.0522089421,864843357731.6556,432152023264.6455,10,0.053371667216158276,0.33319472805884875
2023-12-09,43740.0063927528,855787955926.2657,429004257774.5226,10,0.053542753415516994,0.333909447146161
2023-12-10,43732.7120900059,855683506559.4653,431059110842.4073,10,0.05375946080787561,0.3350002595801021
2023-12-11,41209.8947904734,806362223760.3176,405146008598.4516,10,0.05391580190999309,0.33441457332043445
2023-12-12,41467.2735698422,811435726173.2714,403171433045.2944,10,0.05308379497594075,0.3319356633009477
2023-12-13,42939.0607583285,840275791000.0148,415417853109.5934,10,0.05265295867750647,0.33082739174343706
2023-12-14,43033.1371560491,842156042637.0099,423272140727.78455,10,0.053901612425083296,0.33448926323285844
2023-12-15,41978.0970195792,821551732456.0333,405566834008.2743,10,0.052919588676613345,0.3305033801068079
2023-12-16,42203.2140450029,825997582210.4384,407359786680.2668,10,0.05271396169817965,0.3302852822346621
2023-12-17,41428.6657855056,810877031378.7363,401193943447.357,10,0.05310496763212816,0.3309987218404598
2023-12-18,42635.7331911163,834547547301.949,404534965227.8597,10,0.0519727117876786,0.3264794403416518
2023-12-19,42271.863025716,827467989591.4052,396920849686.0933,10,0.05147813470960053,0.3241787551088043
2023-12-20,43605.1555549386,853606590402.8163,401674393487.34894,10,0.05035854280738116,0.31998763515284373
2023-12-21,43870.2382340736,858835832285.3038,411091740379.59546,10,0.051007656359114674,0.32371274490633634
2023-12-22,44009.5016551724,861608364729.856,422528348267.11896,10,0.052859072166922205,0.32903688835513756
2023-12-23,43768.8067518995,856939861545.1432,419686570461.89984,10,0.05280070761917641,0.328746577651609
2023-12-24,43097.8093258329,843848610986.327,412091705456.1859,10,0.052629583959882736,0.3281140831782895
2023-12-25,43623.7504029807,854184356141.2782,418716259396.267,10,0.0521335017887748,0.32894654483252284
2023-12-26,42491.1229079486,832043610688.7291,408509170843.8527,10,0.05246850747283049,0.32929608229903734
2023-12-27,43436.9594269433,850599611615.5895,432244529068.59125,10,0.05475905457143923,0.3369423575010927
2023-12-28,42670.6797180012,835626290884.1329,427981478306.06195,10,0.05510661868824401,0.3386980428114504
2023-12-29,41998.6033442431,822504553591.4152,417864484472.58563,10,0.05466714434432886,0.33688722601847515
2023-12-30,42204.4917744009,826574939575.0736,417689243485.46515,10,0.054348576253722,0.3356917680118923
2023-12-31,42217.1587913501,826864184822.2916,413577804322.0734,10,0.05398458325481727,0.333411645156701
2024-01-01,44049.4735534775,862794527491.1962,426278244417.8248,10,0.05329094928684819,0.33068594241311794
2024-01-02,44941.160493571,880296744332.1411,425471582632.6296,10,0.05246039343329548,0.3258400237212284
2024-01-03,42773.6515423729,837882334394.8176,396254837035.7874,10,0.051605211858257595,0.3210784394221357
2024-01-04,44250.7452670953,866863769397.9294,406507639715.2742,10,0.05134783780855585,0.31923729149720165
2024-01-05,44146.3222022209,864856217418.0073,402516062132.0157,10,0.051366530090491656,0.31759891598301954
2024-01-06,43917.9798147282,860421264320.4421,396472817341.6629,10,0.0509798936391525,0.3154385267033567
2024-01-07,43844.195949737,859008059190.415,389773884822.4575,10,0.05059891315160149,0.3121232547372896
2024-01-08,46981.3242995324,920507694271.3322,410936534831.6825,10,0.049643196032144274,0.3086396905325338
2024-01-09,46084.005795149,902970262822.9578,408238524973.59875,10,0.05076949141375711,0.3113451715493992
2024-01-10,46818.1592764465,917394187765.1335,447988543322.23486,10,0.055338478698418944,0.32810473805060075
2024-01-11,46380.8708082992,908875740937.4847,452999208375.1214,10,0.056460754891791316,0.3326290777312326
2024-01-12,42817.4305356517,839091815873.3529,434126200185.09045,10,0.05883449653388146,0.34096768558854823
2024-01-13,42846.9544699006,839712974628.9417,442468807403.3412,10,0.06021472855712901,0.34509054301334685
2024-01-14,41888.1513068381,820955897438.4493,429297040171.26636,10,0.05918382558236808,0.3433681515614063
2024-01-15,42528.9192489772,833544457525.6849,433845358244.328,10,0.059083045430299054,0.342314063791606
2024-01-16,43171.4472241379,846171395720.248,443893965225.5875,10,0.06000692658424731,0.34408641504810145
2024-01-17,42689.304327294,836753555542.931,434614002081.4767,10,0.05913713765761044,0.34184764230854475
2024-01-18,41261.9076177674,808811755816.4711,422841150531.35425,10,0.059782282389872696,0.34331194149915945
2024-01-19,41606.8535330216,815607676546.7239,426826436335.5884,10,0.05984733803857495,0.3435404999830513
2024-01-20,41668.6904102864,816857089192.0227,426792600274.85175,10,0.05927078664368408,0.3431775072108999
2024-01-21,41537.1123562244,814314028256.8574,423262051356.2925,10,0.05909390252318456,0.3420089143033523
2024-01-22,39577.0998603156,775928554108.8254,400613289542.50934,10,0.05842281881508818,0.3405006729715854
2024-01-23,39737.3143617767,779107885559.9141,389829768387.00726,10,0.05634478108177823,0.3334906417555683
2024-01-24,40101.8568980129,786292868063.8228,389765044798.1225,10,0.05569942360546677,0.33141654040626833
2024-01-25,39917.6611461134,782726426382.1895,386486265486.1175,10,0.055566837440268614,0.3305525745435964
2024-01-26,41860.7310458796,820866927315.7286,396203643326.3125,10,0.054152975517766835,0.32553875911838315
2024-01-27,42125.3014155465,826100034581.4243,396542735938.16754,10,0.05380694049259931,0.32433245875215627
2024-01-28,41983.0202744009,823351807165.9026,394030018243.2302,10,0.05371447381191086,0.3236700351681414
2024-01-29,43218.3470821157,847620609856.2833,405284535120.9878,10,0.053563581349804726,0.323475832744178
2024-01-30,42950.0541277031,842397364504.3269,406170575041.20483,10,0.054675651670471705,0.325309149928235
2024-01-31,42589.4708059614,835359963215.0078,396422706018.8265,10,0.0536328593723849,0.32182844906025543
2024-02-01,43020.3596548802,843852657325.6138,400763290773.0731,10,0.0534670450128566,0.32199755385208684
2024-02-02,43155.3852030976,846551917090.7051,403046520417.83795,10,0.05343954825186952,0.3225408325745306
2024-02-03,42982.3789979544,843198728324.983,402558722118.7853,10,0.053390706590057666,0.32314374036084176
2024-02-04,42576.2913050847,835273625240.0701,399462475130.72107,10,0.05372831722230038,0.32352052799846265
2024-02-05,42619.2742738165,836158430969.5535,401544390752.0164,10,0.053890997007439774,0.3244271433376006
2024-02-06,43102.7062632963,845688803310.792,409305515119.3729,10,0.055083264234622314,0.3261413291745902
2024-02-07,44253.0314731151,868302802756.0364,417858523895.3667,10,0.054791689661077544,0.3248881110298084
2024-02-08,45332.09157218,889514483023.9789,418118023610.18286,10,0.0534254906033627,0.3197519344991019
2024-02-09,47176.9665137347,925763898219.7604,428878921816.64197,10,0.052796757078716845,0.3165992654839576
2024-02-10,47792.8972156634,937895843905.5869,430471794995.84045,10,0.05232004098318464,0.3145878218381707
2024-02-11,48200.7986057861,945941841244.1549,432458338625.21564,10,0.05195912230480678,0.31373932254289116
2024-02-12,49989.80371654,981107036008.364,452942713772.0112,10,0.05310770450109406,0.31584867529273614
2024-02-13,49628.0941528346,974049946091.3964,448226698901.9109,10,0.053163164654007854,0.3151473382339201
2024-02-14,51844.2929193454,1017592289633.9614,469440047290.6948,10,0.05361037483809035,0.31568919897300124
2024-02-15,51939.1472919345,1019505042839.3536,478064528584.12854,10,0.05439862815680749,0.319226924549298
2024-02-16,52157.3123977206,1023831051832.7769,474812359258.3198,10,0.053735784628131555,0.3168281098387706
2024-02-17,51674.8158521333,1014408246958.517,471496155877.6747,10,0.05392662088914339,0.3173125774294197
2024-02-18,52148.0645365283,1023737845114.2452,484228958090.1349,10,0.05517428676164227,0.32111380506597637
2024-02-19,51804.8051537113,1017043227936.4346,494484970376.3727,10,0.056915965326278385,0.3271424052348643
2024-02-20,52308.0531712449,1026969199193.7712,500899536489.9204,10,0.05762260251173013,0.3278419963648105
2024-02-21,51744.321808007,1015946034869.6826,490897047855.3604,10,0.057301419662361054,0.3257784791815217
2024-02-22,51292.3252574518,1007114829786.9012,490218125218.69135,10,0.05795185741632125,0.3273942001876666
2024-02-23,50789.1431759205,997285419197.9481,483296644693.23816,10,0.0575557498505004,0.3264234090632328
2024-02-24,51578.2349164231,1012824030063.5236,494187076489.651,10,0.05797285472107337,0.32792530482403165
2024-02-25,51746.4789669784,1016180820662.2231,508778306405.39276,10,0.060134174314893124,0.33363406098872694
2024-02-26,54551.8259184687,1071316673976.7393,519774355857.588,10,0.058217526871386316,0.32667794997983846
2024-02-27,57049.888220339,1120420896302.564,534269565458.80756,10,0.056868627332339085,0.3228818790011593
2024-02-28,62460.740619813,1226744513760.7969,552302162969.6913,10,0.0540595781199496,0.3104483823801104
2024-02-29,61394.7818515488,1205859852279.2776,551750695327.1337,10,0.05456874805611112,0.3139209059017831
2024-03-01,62524.401817066,1228106988685.405,571113587146.4208,10,0.054989533685465164,0.3174227745157818
2024-03-02,62049.6145637054,1218830448923.2932,581698452761.9991,10,0.055122655169788835,0.3230708777945915
2024-03-03,62991.4422913501,1237391640177.7898,586860393647.4733,10,0.055285024505947376,0.3216991856201411
2024-03-04,68091.8388243717,1337637736660.5847,613702058266.8485,10,0.05332107923822457,0.3145029173607721
2024-03-05,63950.524329924,1256349969665.857,586673154494.1097,10,0.055557796788540774,0.31832110341073994
2024-03-06,66103.7215400351,1298708781023.34,625662360254.99,10,0.05779953387654566,0.3251256199151751
2024-03-07,67070.3791484512,1317775703379.3416,634473353003.6687,10,0.057681028975369766,0.3249961120120485
2024-03-08,68343.7149552893,1342859547465.889,637032876131.5571,10,0.05699744271055745,0.3217512570577316
2024-03-09,68502.5053392753,1346049345988.8496,642350625715.0834,10,0.05713948205358862,0.3230490016375475
2024-03-10,68882.2513395675,1353572780460.2922,633894144804.2117,10,0.05621627205072408,0.3189457579123483
2024-03-11,72198.0875341905,1418807431184.4077,676853946645.1982,10,0.05641290052413888,0.32297868052814394
2024-03-12,71432.7283018702,1403829853146.6147,655935561777.3868,10,0.05559210754632988,0.31845158532365625
2024-03-13,73081.5759053185,1436306869781.038,661303346189.9263,10,0.05479627146361886,0.3152651246427188
2024-03-14,71505.2729076563,1405390053436.6956,644541193669.3888,10,0.05430223069371204,0.3144208834219666
2024-03-15,69424.9141753361,1364557049381.3796,617182661420.6571,10,0.05382679515313594,0.3114347752414342
2024-03-16,65433.6819006429,1286167673667.403,578653182109.931,10,0.05378696307784249,0.3102996088429763
2024-03-17,68285.0891691993,1342277385497.008,598450581656.1339,10,0.053283266502141755,0.3083639705228767
2024-03-18,67770.8865245471,1332230717578.118,587026498173.5305,10,0.05208651323153782,0.30586129537808215
2024-03-19,61969.3075394506,1218244887373.998,526030156214.0321,10,0.051087105207410666,0.30157523502255185
2024-03-20,67848.1076396844,1333878479086.9724,581352628417.4623,10,0.051866924570233584,0.30354176377960496
2024-03-21,65454.7357232612,1286874418578.5916,581189465252.6019,10,0.05331230658979304,0.3111186240915093
2024-03-22,63486.4849997078,1248231144166.5354,555399571721.2009,10,0.05224508213114549,0.30793419452708565
2024-03-23,64361.2429047341,1265492833453.943,564526793138.5371,10,0.052123263826520716,0.30848127797934777
2024-03-24,67289.5658310929,1323142018390.2087,582349825291.1608,10,0.051349903823941785,0.3056165405389893
2024-03-25,70042.0204237288,1377322433812.7395,601492080607.6699,10,0.051339949256842175,0.30396587260926056
2024-03-26,70071.0472144945,1377951907816.7256,602428085941.6141,10,0.051280316687979624,0.3041982285421566
2024-03-27,69267.8879815897,1362216604596.2065,589013982853.4707,10,0.050504389673570405,0.3018679527893889
2024-03-28,70826.8968714202,1392943231125.4192,604109227072.8734,10,0.050350312344882665,0.30250042986747117
2024-03-29,69917.0430070134,1375112180619.6648,600881380628.1001,10,0.050292503088981734,0.30409075839734334
2024-03-30,69663.0119073641,1370183441931.534,594288212189.661,10,0.05033060817883889,0.3025180897586
2024-03-31,71227.4517939801,1401014986716.4766,617340499865.3445,10,0.051170247268073676,0.3058631167648467
2024-04-01,69791.6277305669,1372838341430.1897,593910923573.0934,10,0.05029959473699188,0.30197592247332145
2024-04-02,65533.7548351841,1289144341529.4673,558201080821.8889,10,0.050096408642906154,0.3021638909908868
2024-04-03,66130.2162393337,1300936296061.3972,558041732373.7172,10,0.05016264438710223,0.30018737383543803
2024-04-04,68438.135024547,1346397493893.6897,563451450287.7382,10,0.04862496328331176,0.29502409182901984
2024-04-05,67904.9094766219,1335970050153.9253,561723781116.9443,10,0.04894611449465354,0.296003376235229
2024-04-06,69136.0710783168,1360259059730.4453,570853876004.7943,10,0.0487186979302043,0.2956087473917992
2024-04-07,69392.6830108124,1365381654693.3076,582395316905.6841,10,0.04968127414389823,0.2990051352889635
2024-04-08,71712.7972840444,1411103414779.7263,617472348899.4745,10,0.05159727070197463,0.3043871271436139
2024-04-09,69074.5418638223,1359253099652.0125,588282522892.9922,10,0.05065895890349313,0.30206508989254593
2024-04-10,70579.4456767972,1388933299151.329,594097495929.7706,10,0.050174888373534475,0.299590655578031
2024-04-11,70046.5536057861,1378504301565.5657,587931147990.875,10,0.0500253610206067,0.2989831922138567
2024-04-12,67098.113691993,1320536537240.2312,536459703649.65375,10,0.04821196103151694,0.2888857240726447
2024-04-13,64551.6482875512,1270486530668.2883,495306517651.6821,10,0.046945045465087674,0.28050088775858073
2024-04-14,65648.8099602572,1292144961483.2134,517910552044.9299,10,0.04811740503644225,0.2861296508168545
2024-04-15,63393.325166277,1247806826197.3333,508437396045.0172,10,0.048949759734364,0.2895026725815221
2024-04-16,63784.8203340152,1255578626046.309,505811737191.0626,10,0.04842009988488485,0.2871661772132096
2024-04-17,61324.2184286967,1207195172504.9727,490084858493.9477,10,0.048673398366459966,0.28874720113540264
2024-04-18,63510.14500263,1250283688855.0876,503558850045.7099,10,0.04830418731607257,0.28711747997702813
2024-04-19,63762.6310300994,1255313599075.9373,502924189806.3367,10,0.04792728038737952,0.2860387787058369
2024-04-20,64907.9928366452,1277889041416.1592,522784261366.20746,10,0.04861541398103145,0.29032710184485494
2024-04-21,64968.192619813,1279102660225.9148,520058884629.7012,10,0.04844924090545879,0.28905624740408525
2024-04-22,66944.5960911748,1318046160711.64,533019297264.5438,10,0.0478873232718141,0.2879527004125004
2024-04-23,66385.3002919345,1307069255153.7227,531556793615.0405,10,0.048471148971275864,0.2891054404298241
2024-04-24,64189.9679064874,1263876147635.96,515277099367.8515,10,0.04880858664746394,0.289619289533156
2024-04-25,64515.3874725307,1270312365909.4153,518373208868.77795,10,0.04895450214577299,0.2898067811236522
2024-04-26,63777.4715002922,1255809257754.7332,514509644584.1974,10,0.04907437611241471,0.29063105178645016
2024-04-27,63429.3099649328,1248981539069.536,528282506935.89386,10,0.05128644478601221,0.2972448062083173
2024-04-28,62978.5770049678,1240133745037.1575,527547990871.5169,10,0.05180919641217191,0.29844059603881784
2024-04-29,63908.3888766803,1258469166546.7375,522780364188.246,10,0.050391677488741835,0.2934908080916294
2024-04-30,60636.3261633548,1194063184619.588,491119254209.4033,10,0.049680410000354676,0.29143387854829234
2024-05-01,58141.7772799532,1144963991083.4077,487939725833.9705,10,0.05108812937854195,0.2988172056801432
2024-05-02,59170.1088936295,1165241347389.504,491578722231.1809,10,0.05050787020494144,0.2967001252850129
2024-05-03,62983.6554783752,1240367193696.9216,511055434354.8298,10,0.04933671377742273,0.29179446820515154
2024-05-04,63881.1305429573,1258069746191.7712,514066500121.1863,10,0.04879149357737242,0.29008294435077125
2024-05-05,64067.5959918177,1261769810812.1023,516989387613.24774,10,0.04899234900123816,0.29064607962163375
2024-05-06,63228.1031341321,1245260648377.0237,508659719281.9171,10,0.04851522714508928,0.2900130066685152
2024-05-07,62396.999720339,1228916076889.098,498713840809.0178,10,0.04831415343373855,0.28866937050586694
2024-05-08,61079.27442782,1202987566725.9587,491263459497.50854,10,0.04863197912315325,0.28995907447820674
2024-05-09,62998.4903381064,1240816052414.6277,501827297929.2148,10,0.04816747014270549,0.28796902006953906
2024-05-10,60896.6418880772,1199445712976.238,481745022743.4984,10,0.04779994733744964,0.28654989140019144
2024-05-11,60843.5729240211,1198430676128.048,481520621543.2835,10,0.04784911605044256,0.2866277267744276
2024-05-12,61431.2746879018,1210031928139.5818,483080868187.59656,10,0.047704102275679845,0.28532113704150736
2024-05-13,62886.9394491526,1238733522166.955,486601110239.5576,10,0.04688565538801954,0.28203288863496695
2024-05-14,61555.5670046756,1212534592795.9192,476029075664.4191,10,0.046804040366025756,0.2819136077341228
2024-05-15,66281.5322542373,1305656862270.2595,500841180812.43884,10,0.04569685983764246,0.2772442421015738
2024-05-16,65269.2603246639,1285745432661.9907,490611777469.7481,10,0.04506478007763965,0.2761898196328222
2024-05-17,66956.4409476914,1319013797948.891,512933483112.5221,10,0.04618657607665833,0.27999358301147903
2024-05-18,66977.6006914085,1319457427063.7263,516123978145.115,10,0.04662139614281626,0.28117738427754096
2024-05-19,66259.4704260666,1305342162215.1062,507450474835.6758,10,0.04633535127552295,0.2799274801012227
2024-05-20,71202.2025902981,1402750979194.1008,587911028381.4744,10,0.051429747586728115,0.2953344295235184
2024-05-21,70217.2546914085,1383376851822.5369,604073655595.4812,10,0.05407340395025273,0.3039439992798911
2024-05-22,69074.9141350088,1360904192311.322,594027471866.815,10,0.054158122896347964,0.30386099051526033
2024-05-23,67758.7306586791,1335008716623.4392,595815102414.3602,10,0.0555934471273021,0.3085807708293535
2024-05-24,68608.998279661,1351795322625.1067,593203717305.7051,10,0.05433720814616899,0.30498920828609083
2024-05-25,69282.7925976037,1365105657154.5444,597785014451.699,10,0.054098097278233497,0.30454320411158126
2024-05-26,68445.0069532437,1348634376225.0068,603879837915.3932,10,0.05587736872628326,0.3092831967839236
2024-05-27,69347.815260374,1366449886995.254,614807701056.8324,10,0.056061075253906606,0.3103118467605684
2024-05-28,68342.8204488603,1346675790188.2783,607137817245.5309,10,0.05625965796056445,0.3107450039939899
2024-05-29,67584.2632402104,1331757571193.812,596873189002.8604,10,0.05578141835404498,0.30948028068472483
2024-05-30,68375.4760260082,1347374814099.0803,592523790658.6604,10,0.05480891653175444,0.30544059839285065
2024-05-31,67377.7626122151,1327745507331.984,593322447477.334,10,0.055737735275977064,0.30885031734144264
2024-06-01,67714.3526399766,1334408183644.8196,600848557040.2048,10,0.05631542378467207,0.3104748555623281
2024-06-02,67805.4855742256,1336233753379.1138,595457719789.0399,10,0.05576703777105081,0.30825715600040093
2024-06-03,68833.3028351841,1356522583774.186,594578106310.4198,10,0.05473347177955715,0.3047398370222692
2024-06-04,70554.0894330801,1390464286885.4888,601866860564.2422,10,0.054032151530080286,0.3020917789367784
2024-06-05,71087.4433158971,1401002830701.5593,608896126966.0096,10,0.054346191459224605,0.3029486256725146
2024-06-06,70788.5013755114,1395140656059.825,601068251987.2112,10,0.053848542746987936,0.30110488414524617
2024-06-07,69338.1573240795,1366587206919.3804,578273512217.9552,10,0.0530720699997668,0.2973341517609831
2024-06-08,69310.1092618352,1366071661252.042,576346555568.9323,10,0.05309499270255587,0.29671599585397224
2024-06-09,69644.0190894214,1372686175118.295,581185276472.4224,10,0.053208259344667386,0.2974531799414227
2024-06-10,69465.9362478083,1369206330030.37,575221820809.3252,10,0.05277650446524069,0.29583084392237247
2024-06-11,67368.263506429,1327886106724.7012,549723583375.0714,10,0.051919112519650035,0.29277841197435456
2024-06-12,68213.8346838106,1344584160572.374,561883911456.8037,10,0.05220051835126893,0.29472505713602337
2024-06-13,66783.4902767388,1316420457334.039,546508044970.9139,10,0.05195999801055115,0.29335964546934234
2024-06-14,65982.1865195792,1300651738960.456,545246237727.55005,10,0.05274005243644785,0.2953826509446939
2024-06-15,66204.904308007,1305069712028.442,558662347726.742,10,0.053889698206895154,0.2997546481011475
2024-06-16,66622.5999336645,1313337507861.0647,565026327071.604,10,0.05433132264190463,0.3008077117774458
2024-06-17,66483.8785260082,1310631966548.8096,550384309654.1597,10,0.05278766771562881,0.29574395274882204
2024-06-18,65112.1230020456,1283620750458.029,541130243957.568,10,0.053410318000201344,0.2965501844435891
2024-06-19,64878.7141525424,1279047103315.121,551743495132.3992,10,0.05483409082127531,0.30136897993701106
2024-06-20,64897.7011542957,1279448394407.8145,546502547102.3862,10,0.054126213497442975,0.2992974973634215
2024-06-21,64086.0489228521,1263474830674.3933,545818980437.26074,10,0.054899571546854244,0.30167514921299726
2024-06-22,64258.135506429,1266898089628.074,543059675847.2767,10,0.05440869250766943,0.30003997121151194
2024-06-23,63345.0218760959,1248917529606.7346,531929932503.54236,10,0.05398940645951498,0.2986948314333523
2024-06-24,60258.9554374635,1188100921863.343,521693005745.80286,10,0.05555477254489055,0.3051203992023186
2024-06-25,61739.6658477498,1217319401227.3342,530419027528.17883,10,0.05495173512178399,0.30348879374693766
2024-06-26,60794.4760584454,1198706106409.1135,525662726197.9905,10,0.05541551549426445,0.3048435556581196
2024-06-27,61569.9234275278,1214020888208.736,537045399205.2671,10,0.0559332008159023,0.306696213081906
2024-06-28,60303.3147364115,1189071644235.0774,526557486313.28375,10,0.05592973236525213,0.30691801446911887
2024-06-29,60889.3298430742,1200656669706.713,526193753643.7424,10,0.05540404170311882,0.30471298876182634
2024-06-30,62763.2796861485,1237632202717.0747,536320786273.26984,10,0.054775479376148226,0.3023308901655392
2024-07-01,62835.3997647575,1239082028945.8328,536356643471.9565,10,0.054708584518505875,0.3020980965462169
2024-07-02,62028.6170385739,1223201373387.4175,535934574850.53595,10,0.05510619485291054,0.3046578494330454
2024-07-03,60216.3920859147,1187491669195.1455,516224372774.95166,10,0.054713700911681144,0.302999067953844
2024-07-04,57418.2420213326,1132336135774.266,481273230242.65674,10,0.05365360404113764,0.2982588229706702
2024-07-05,56720.9881256575,1118607148795.7935,467315208500.9083,10,0.052647818909746714,0.2946646198351568
2024-07-06,58259.221773232,1148973034600.3093,483461476891.8254,10,0.052659885576718087,0.2961597990536938
2024-07-07,56112.5725587376,1106662108515.9316,459637815833.8115,10,0.052267645113942586,0.29345453491267476
2024-07-08,56691.9149061952,1118116169843.2405,474107129508.3252,10,0.05327858507504337,0.2977642204465955
2024-07-09,57981.4320967271,1143576800885.025,480001675452.64777,10,0.05284752924509784,0.2956442712491446
2024-07-10,57722.0113527177,1138484737067.4297,485582400597.97565,10,0.05372556063330146,0.29899158066580905
2024-07-11,57307.712738457,1130338357125.1465,485942472307.8831,10,0.054038653081006416,0.3006547274821947
2024-07-12,57859.1202819988,1141241450890.7737,494741704720.96173,10,0.054103393969899605,0.302412468627139
2024-07-13,59329.0372016365,1170263359782.1216,509616851890.91205,10,0.053630702457693906,0.30336499492625857
2024-07-14,61015.0339412624,1203551433724.7993,519332880977.1784,10,0.05337489639475516,0.30143224158785836
2024-07-15,64734.7611697837,1276955826783.0232,551820701713.3533,10,0.05388122702870126,0.3017431015297759
2024-07-16,65118.8266583869,1284561804277.9807,550717072284.7898,10,0.052929793813125216,0.30007269157710165
2024-07-17,64201.3707805377,1266495577595.2537,548419966238.7892,10,0.05286646787231127,0.3021738218629401
2024-07-18,63984.3022022209,1262239275865.3447,545500614103.5757,10,0.05362440822558155,0.30175835424694547
2024-07-19,66755.7833828171,1316943858342.9053,557322979898.1941,10,0.052542154523784024,0.2973551943229238
2024-07-20,67185.4978112215,1325455815468.5513,562725790167.9474,10,0.052400697772745024,0.29802524740635566
2024-07-21,68056.6201215663,1342677522206.0012,566091651573.4695,10,0.051875660627367,0.29657417950258286
2024-07-22,67535.1976738749,1332428244617.5244,553565974011.4688,10,0.05096511326511684,0.2935141415300195
2024-07-23,65916.4081616014,1300525327320.5208,555494242886.153,10,0.052835528026964916,0.299293311236097
2024-07-24,65353.3857784921,1289445533977.663,537869587894.20593,10,0.050980067147811704,0.294349661673692
2024-07-25,65722.0611917007,1296753108115.7764,515616175040.8668,10,0.048289997882669924,0.284498407599806
2024-07-26,67912.2433091759,1340001251630.1753,532308731052.5516,10,0.04828189837834925,0.2843058766849262
2024-07-27,68077.3730812391,1343292249647.731,528691049737.11774,10,0.04780257976183293,0.28242295212294394
2024-07-28,68170.6691309176,1345164681876.9836,530212024321.1719,10,0.04797794493693619,0.2827229444456738
2024-07-29,66867.167277031,1319480775875.413,537212672516.6297,10,0.049697807370915184,0.2893383789240348
2024-07-30,66186.9146861484,1306088468540.5605,532945938568.4663,10,0.04949900477655669,0.2897966109325059
2024-07-31,64690.6340385739,1276590367647.944,525553466276.1487,10,0.04995713298033497,0.2916268148984413
2024-08-01,65178.0554891876,1286237547913.6736,518636057032.31494,10,0.04914660311802172,0.2873531174765201
2024-08-02,61506.7698877849,1213811646574.5771,484245034252.37823,10,0.048531248559595286,0.28517601309783747
2024-08-03,60688.2444272355,1197683974936.4004,472551721015.828,10,0.04786389291840106,0.2829251716754973
2024-08-04,58306.2644786675,1150701598520.431,441195770481.51404,10,0.046280791436026654,0.2771508886644658
2024-08-05,54343.6276773816,1072523586902.1216,401262058044.8672,10,0.04479404994574846,0.2722662277384988
2024-08-06,56047.4712866744,1106175094630.1853,407526767181.36334,10,0.04386696232281337,0.26922525330955777
2024-08-07,55129.7410376973,1088083425121.3396,403958530997.1133,10,0.04255970304761551,0.27074207219213287
2024-08-08,61908.7896724138,1221904955759.4966,451727569160.3459,10,0.04339748467445749,0.26990845507258593
2024-08-09,60720.9407594974,1198484835251.109,435202460880.66876,10,0.04270290911661581,0.2663927557685826
2024-08-10,60871.5550727645,1201482137168.4636,437866530791.7455,10,0.04282595635460538,0.26709786596927504
2024-08-11,58836.1043722969,1161336033784.414,425890901281.0233,10,0.043493759022851824,0.26832388732331136
2024-08-12,59394.1629538282,1172376697310.6843,450823860557.9277,10,0.04594483696926945,0.27773762051307715
2024-08-13,60536.2457846289,1194948367404.5227,448283068982.7078,10,0.0446427481279288,0.27280580145684913
2024-08-14,58840.6466797195,1161502552681.3992,441984947356.4011,10,0.04532204988095166,0.2756397835006396
2024-08-15,57644.1876879018,1137913514476.404,428913503429.1203,10,0.04464899364764251,0.27374655818896704
2024-08-16,58927.2765087668,1163268220731.6543,431958693415.55524,10,0.04402881206248566,0.2707819743916968
2024-08-17,59414.6743351841,1172917480915.17,435068051028.0176,10,0.04396532586178259,0.2705671427915492
2024-08-18,58793.2061458212,1160677609428.6133,435877209130.88855,10,0.04464456790354817,0.27301111372058023
2024-08-19,59411.5190169492,1172908290164.1162,440481777036.7993,10,0.044300479691344916,0.27301629407015937
2024-08-20,59123.3002662186,1167245960130.3333,434355923297.43823,10,0.04360460926861833,0.27120093188690775
2024-08-21,61133.0256493279,1206951189414.0603,443732799272.9539,10,0.04299380226355484,0.2688175340126171
2024-08-22,60394.4737749854,1192400134476.1396,443357732705.0127,10,0.04343524794651485,0.27104117400274924
2024-08-23,64106.8029152543,1265727472786.8767,465312598063.6161,10,0.043147798996919104,0.26880521479494074
2024-08-24,64023.226703682,1264107951577.8176,465121786660.66034,10,0.043140698835047876,0.2689762825467413
2024-08-25,64498.0183413209,1273509292081.1409,462376214439.9351,10,0.04276327415335415,0.2663633129621509
2024-08-26,62983.4427729398,1243630467610.3733,449838398360.5962,10,0.04265168966387676,0.2656313366013235
2024-08-27,59548.0076215663,1175823003704.9958,417186767905.93524,10,0.04133383316980671,0.2618858812674169
2024-08-28,59100.7747548217,1167021768381.1953,425798354670.91235,10,0.04279918744801201,0.26732356561079357
2024-08-29,59339.7909947399,1171765932988.4949,424744916449.87164,10,0.04258807779138938,0.2660457438164556
2024-08-30,59142.9399640561,1167905016492.7952,425746508145.2861,10,0.04272348056898792,0.26715157081908053
2024-08-31,58959.926273232,1164318100826.983,423687689758.48676,10,0.042628920145656134,0.2668048770793717
2024-09-01,57349.0807180012,1132533186813.884,408645444437.9229,10,0.04230134421179283,0.2651512525228855
2024-09-02,59159.0238877849,1168306929893.2593,426067950698.7065,10,0.04291158536222721,0.2672319765477704
2024-09-03,57637.7754444769,1138291265398.3296,411593804449.67267,10,0.04232996944641871,0.2655640811418603
2024-09-04,58033.3989704851,1146131838403.5774,413643916633.21533,10,0.04226751818039232,0.2651944776660912
2024-09-05,56112.9529400935,1108231128685.7102,401290469801.46857,10,0.04218574070728464,0.26583950186843053
2024-09-06,53838.9534623028,1063344022288.4587,378758423600.7263,10,0.04124489535287767,0.2626432155915164
2024-09-07,54066.4399248977,1067863679558.0648,386348401610.89685,10,0.041979595359982164,0.265675417371263
2024-09-08,54859.2584082408,1083551229332.9728,391843267247.54553,10,0.04192671330621707,0.2655854201406539
2024-09-09,57135.7814371712,1128541804948.6787,402670176836.1695,10,0.04134085457740499,0.26297480794710043
2024-09-10,57664.4998214494,1139009699685.7004,406186235682.07336,10,0.04143825633877369,0.2628703754552632
2024-09-11,57409.1950663355,1133986205007.4746,400026572222.81165,10,0.04080021907850297,0.2607713430816878
2024-09-12,58124.6418065459,1148145814023.139,406007734524.6007,10,0.04064250694149892,0.26124042563489935
2024-09-13,60536.8814503215,1195818457804.4065,418459609511.82086,10,0.040351801101540005,0.2592239949140356
2024-09-14,60007.1702507306,1185380845498.9973,417234008696.92413,10,0.040281606523543415,0.2603457765317311
2024-09-15,59129.9197536528,1168079552742.0537,400770593845.7932,10,0.03922363727056376,0.25545498702820324
2024-09-16,58227.46421654,1150274777284.253,398054642825.74866,10,0.03941768065286366,0.2570865331729399
2024-09-17,60238.2177255991,1190025146381.112,403548374234.41833,10,0.03879706027855851,0.2532348642932675
2024-09-18,61306.2337317358,1211150580513.792,407278128508.4792,10,0.03847560971391537,0.251650336056214
2024-09-19,62994.6096528346,1244529728528.069,422512227455.6081,10,0.03918484326949832,0.2534502661669933
2024-09-20,63153.9518270018,1247706329948.0483,432852815235.65735,10,0.04045246687121028,0.25756476139275736
2024-09-21,63367.7296078317,1251956581811.1748,441742566821.477,10,0.04110520404743026,0.26081524996815536
2024-09-22,63571.9521729983,1256018426232.2217,436471829175.0626,10,0.040601365198685305,0.2578873513632309
2024-09-23,63336.0126347165,1251385764258.587,445117987741.4244,10,0.04180777420362156,0.26237371253477865
2024-09-24,64342.7891113384,1271306695183.4255,448615055747.23456,10,0.04127095099216694,0.2608345731452528
2024-09-25,63059.6269167154,1245981917271.069,437282841773.83594,10,0.04083107258319241,0.2597825680268819
2024-09-26,65057.7861461134,1285489555328.316,447734927605.1089,10,0.04042112249477384,0.25832483444229476
2024-09-27,65767.7132542373,1299545301087.6182,457541311044.1191,10,0.04102619233446755,0.26039769917148226
2024-09-28,65770.5276478667,1299627426191.8,457675776617.11523,10,0.04066711612118616,0.26044212284229346
2024-09-29,65617.7610689655,1296640538015.1345,457285604174.565,10,0.040481421791895164,0.26072112911417356
2024-09-30,63260.0425482174,1250077896709.859,443291979492.4799,10,0.0410409886946769,0.26178095271579727
2024-10-01,60858.2487086499,1202646051653.5708,419953087364.10754,10,0.04025464558333456,0.25881505620565487
2024-10-02,60686.0993135593,1199273528113.5735,402897464397.9209,10,0.03902177857875571,0.25146970347176
2024-10-03,60765.2367498539,1200867438226.5305,399191104873.9892,10,0.03866532416260336,0.24948531201893093
2024-10-04,62052.5100496785,1226339830656.776,409918238895.79144,10,0.038920722788144374,0.25052175235895585
2024-10-05,62030.4538977206,1225933206941.3413,409721557852.0273,10,0.03892171528309159,0.25049391024993417
2024-10-06,62789.8814555815,1240971909274.3645,413724626512.5588,10,0.03883591828298821,0.25003051469845733
2024-10-07,62416.508829924,1233622849152.0457,411119753457.76044,10,0.03887723513454645,0.24995993464595218
2024-10-08,62126.3273769725,1227920018306.1497,411559220086.84106,10,0.03926821294252779,0.2510304555550513
2024-10-09,60615.2581917008,1198077958961.5269,401668496574.94,10,0.03905244687691232,0.25108259823600765
2024-10-10,60221.1172869667,1190316820566.9536,403834082352.0177,10,0.0395562819055255,0.2533223684235771
2024-10-11,62462.539962595,1234647595504.9775,413352702061.90765,10,0.0390264804124356,0.250820769069146
2024-10-12,63202.8806992987,1249309568739.9368,418736551872.43243,10,0.03921088916116,0.25103415708835847
2024-10-13,62759.431113384,1240571118552.432,415298777495.5632,10,0.0392791736815329,0.2508039903900311
2024-10-14,66089.7587410871,1306430701379.4463,440490634053.1178,10,0.039808416514676835,0.25215252977836333
2024-10-15,66933.974833723,1323151391127.9893,435983546123.31116,10,0.03885206294652431,0.2478397403695183
2024-10-16,67662.9534038574,1337591659770.797,439697133899.5942,10,0.038602914342975504,0.2473976854327359
2024-10-17,67337.9075482174,1331199044933.5325,438283419855.32324,10,0.03865941732574083,0.24769017414796568
2024-10-18,68390.5375625365,1352037490364.0715,445292868922.0229,10,0.03862299569241393,0.24775237708603257
2024-10-19,68357.8982963179,1351429188789.67,447339807545.2365,10,0.038762182808284,0.24869219363726897
2024-10-20,69012.3532089421,1364405010361.8098,460084553315.9848,10,0.039791669958958574,0.25217165528124436
2024-10-21,67440.4625058445,1333364068408.307,449377497384.362,10,0.03955083227611518,0.252071027010891
2024-10-22,67425.7553211572,1333102370303.0415,442528670730.8579,10,0.038906246866297886,0.2492233242741612
2024-10-23,66647.2866642315,1317742395147.647,427954736648.2394,10,0.037836241176148366,0.24514833005882347
2024-10-24,68130.9948369374,1347109398128.7732,431024358506.826,10,0.037165751449244264,0.2424026634095096
2024-10-25,66261.5376861485,1310177531436.6272,409530868157.3659,10,0.03644964071285886,0.23813971499706127
2024-10-26,67023.3399611338,1325271090943.35,420322499356.6518,10,0.03701068171122634,0.2407905836113973
2024-10-27,68000.1475008767,1344619989932.5825,425786456246.3702,10,0.03688954841722334,0.24050209327092095
2024-10-28,69862.5205470485,1381482823559.9583,436071165906.36,10,0.03673193066377255,0.2399219877008451
2024-10-29,72678.7866201052,1437208187257.8213,449329648261.5049,10,0.03625844340113139,0.23817685487225515
2024-10-30,72450.2843819404,1432727864892.0596,450959360850.2146,10,0.036726801866657985,0.2394024627270657
2024-10-31,70367.0819576271,1391566605240.4385,428979140894.4676,10,0.03578073912167487,0.23563216788438746
2024-11-01,69483.5830303916,1374127913099.3047,428549070218.31146,10,0.03615956443415062,0.23772926274879097
2024-11-02,69241.6794865576,1369374466600.2305,424671931565.51605,10,0.0359447282120136,0.236711788502073
2024-11-03,68742.7546227352,1359535717301.9387,417370082168.7369,10,0.03570698912660483,0.2348858798778572
2024-11-04,67779.0969795441,1340509299537.1174,410238846343.61993,10,0.035360011326585256,0.23432202245014733
2024-11-05,69538.0241729982,1375326900715.9143,418769016817.7503,10,0.034930146085641114,0.23341506589760827
2024-11-06,75696.0366192285,1497156604749.206,465055802051.2863,10,0.035972617969746,0.23700584118188728
2024-11-07,75972.2955546464,1502657637883.2903,488288056334.52576,10,0.03806487079819,0.24525433202554517
2024-11-08,76507.4474012273,1513276367734.307,500537014634.38605,10,0.03869252892277024,0.24855183653891658
2024-11-09,76799.2527469316,1519081480991.7898,527619061044.5042,10,0.040885638643894925,0.2577900626925949
2024-11-10,80409.2865666277,1590524775490.166,550585425450.889,10,0.03964139948857891,0.2571495036588482
2024-11-11,88859.998448568,1757720678966.796,588732745141.1509,10,0.03792752378749982,0.2509032308471965
2024-11-12,88048.7488877849,1741713696652.337,588853242717.2864,10,0.03696966309084794,0.25266523469888436
2024-11-13,90369.3819693162,1787657675322.5647,579368055961.0348,10,0.035309572345025464,0.24476626861460138
2024-11-14,87204.2569827586,1725080813100.306,565546358968.9071,10,0.035048864796869625,0.24689585711062137
2024-11-15,91139.0844427236,1802962571173.1035,592556046956.3198,10,0.033986071033735146,0.24736023442766064
2024-11-16,90567.6957568673,1791703486489.722,629986522598.0232,10,0.03460821337482725,0.26014333801349754
2024-11-17,89732.9704292811,1775232152213.3113,610347027497.549,10,0.03421474869000987,0.25584857240895476
2024-11-18,90587.6965534775,1792185787343.0757,638601135884.619,10,0.03520221977054868,0.2627137449944231
2024-11-19,92254.1385800701,1825205105778.552,629684557156.7223,10,0.033730657826591195,0.2565021828328602
2024-11-20,94160.0406858562,1862955744741.5972,627021270495.9491,10,0.032640483324712075,0.25181809577311726
2024-11-21,98545.5688798948,1949767734681.4053,679356804242.3075,10,0.0341499751686403,0.2583965857016482
2024-11-22,98938.3495450029,1957583287126.9268,718947964051.0812,10,0.033610583326003494,0.26861183247333814
2024-11-23,97707.0484590883,1933263035602.3704,753542276641.5603,10,0.03477099684984733,0.28046031962480633
2024-11-24,97980.2082819988,1938708892763.704,748382819637.1858,10,0.034332218400409245,0.27851033747133
2024-11-25,93343.0290745178,1847003530882.5168,739040797034.5137,10,0.03674513917860875,0.2857804056397539
2024-11-26,91875.5699593805,1818006432546.3628,718045863862.9034,10,0.03618442259761679,0.2831352748046903
2024-11-27,95989.0802273524,1899443244839.8489,779117739452.9672,10,0.038225490824980016,0.29087175689549105
2024-11-28,95737.9402822911,1894516141679.9128,775710723383.3297,10,0.037437696955167625,0.29050367724652393
2024-11-29,97398.9417399182,1927421800509.8127,814602431453.9564,10,0.03691635627686739,0.29708068293421264
2024-11-30,96463.6248980129,1908962307847.3225,841765544708.8105,10,0.038493276092698335,0.3060155674530267
2024-12-01,97469.6044529515,1928918216380.8752,883287753645.3848,10,0.038125538150268055,0.31409070425845687
2024-12-02,95726.4417258913,1894459110890.3767,926199808233.3916,10,0.03799458598585286,0.32836292327081984
2024-12-03,96010.8774228521,1900135290511.2388,901568991968.1792,10,0.03774480297615822,0.32179305917693773
2024-12-04,98920.2528255406,1957759688318.8247,907597064824.2175,10,0.038866269534167344,0.3167483643454394
2024-12-05,96949.6644117475,1918806150363.6316,890360259772.9987,10,0.039140793995357595,0.3169482080378762
2024-12-06,99953.1056580947,1978292068450.6504,942367120329.5447,10,0.04015350382973057,0.32265562649338814
2024-12-07,99977.7002282291,1978823210378.297,960492824676.2413,10,0.040070865772572406,0.32677426082167427
2024-12-08,100798.98356429,1995124567555.0056,963513332015.8137,10,0.03969927478803299,0.32566111998889125
2024-12-09,97390.1988597311,1927704967520.9807,859258962915.5908,10,0.03813706405141521,0.30831362886745
2024-12-10,96835.5017387493,1916772101161.006,863127953911.9514,10,0.037510543774615795,0.31048884377582375
2024-12-11,101310.201899766,2005389739960.3047,902160796885.5898,10,0.03787226525500767,0.3102820692032587
2024-12-12,100090.890479544,1981300299243.624,902702070047.4082,10,0.038735286060496775,0.3130032345532772
2024-12-13,101289.823976914,2005087006885.8284,915883907992.2169,10,0.038557201339392805,0.3135546140932582
2024-12-14,101366.87166803,2006662563398.3247,904009901407.9401,10,0.038164368323240806,0.3105845512810426
2024-12-15,104551.367141146,2069747720545.494,922476436850.666,10,0.03775819729383014,0.30829122028524997
2024-12-16,105855.672229982,2095617308590.057,928901055231.7725,10,0.03774174157025576,0.30712362878762567
2024-12-17,106115.910582992,2100814326264.9368,919072011161.3226,10,0.03654247914143333,0.30433993484159233
2024-12-18,100469.770656926,1989080900958.2937,849029943942.711,10,0.03619534122307246,0.29915320096397635
2024-12-19,97697.045779661,1934231301840.7524,802544136708.755,10,0.035107210288462434,0.2932444238589425
2024-12-20,97617.4422051432,1932701352301.5583,813129308303.7716,10,0.03556253903908665,0.2961323580400671
2024-12-21,97093.0190832846,1922362435573.652,786609337582.7311,10,0.03428501920840412,0.290371920954424
2024-12-22,95149.1058252484,1883920629195.2527,775661339958.4026,10,0.03445483266843734,0.2916478412602704
2024-12-23,94800.7562060199,1877064601089.3376,806539297759.9531,10,0.03610220594165417,0.3005433469916298
2024-12-24,98637.7330543542,1953077820204.931,829146679879.1705,10,0.035430134466094054,0.2980157351982584
2024-12-25,99235.3678869082,1964958123095.0613,821436098509.9756,10,0.03517650380004571,0.2948025416291621
2024-12-26,95628.3030902981,1893573831131.2705,775826916180.7899,10,0.034772491516296175,0.2906371090822556
2024-12-27,94219.9821461134,1865733631847.3723,772668483536.3881,10,0.035258922744011024,0.2928547089282492
2024-12-28,95123.5811098773,1883669106004.3423,790104476358.3276,10,0.035712442455850806,0.29550163917026767
2024-12-29,93457.5783202806,1850724503071.0576,768550979337.8783,10,0.03581227364173308,0.29342120922349313
2024-12-30,92523.163085038,1832266408959.4832,765090156533.6753,10,0.03626623795220891,0.2945649306291561
2024-12-31,93389.7326016949,1849465014110.3464,764112939507.454,10,0.03568331070895978,0.2923627888924238
2025-01-01,94455.7965718878,1870618380200.1172,806330069643.669,10,0.035475750918068816,0.30121240089278617
2025-01-02,96851.393682934,1918111729016.921,832145631507.5773,10,0.03559667874916944,0.3025700952396978
2025-01-03,98120.6846759205,1943293181040.9524,871401221760.692,10,0.03675321219575957,0.30958999346192995
2025-01-04,98230.0478571011,1945504870252.1655,875716381913.1836,10,0.03723699593538797,0.3104032983024823
2025-01-05,98414.8120964348,1949212211950.715,870044031509.5867,10,0.03696825025724577,0.3086076455546698
2025-01-06,102179.560366745,2023819606221.713,878103297541.5449,10,0.03604513433628827,0.3025935997137647
2025-01-07,96974.9957857978,1920775996884.6812,811943950487.6992,10,0.034880820900131705,0.29711934121475414
2025-01-08,95039.2809210988,1882472571006.6912,811351218856.2775,10,0.034991247705150684,0.301189417774631
2025-01-09,92346.1691589714,1829173131917.1704,779065344727.2523,10,0.03483996338323566,0.29869406179819236
2025-01-10,94759.1196358854,1877010385895.2708,798775248837.2612,10,0.03450616695389435,0.29851989579019683
2025-01-11,94606.5080099357,1874028218724.514,830086423798.0421,10,0.03473734521439984,0.30697160939289503
2025-01-12,94353.7752586207,1869072635804.9492,814626260265.3909,10,0.034531444777842465,0.3035460727200893
2025-01-13,94375.7299102864,1869545289653.9631,799794660663.7068,10,0.03319857226224245,0.2996226316428995
2025-01-14,96569.475726768,1913048986189.611,832918003653.9836,10,0.033412002528145836,0.3033241137765553
2025-01-15,100172.405985096,1984466832794.948,925015823798.8578,10,0.034351197182501535,0.31793137577310526
2025-01-16,99977.7298234951,1980650188550.284,915503794659.9086,10,0.03303870205183817,0.31611019302403737
2025-01-17,104296.588034191,2066259604648.9436,955360853099.2566,10,0.03335587001136729,0.31617500161195605
2025-01-18,104398.156261251,2068314222988.1396,923160633538.7025,10,0.031642063727912104,0.30859715619021083
2025-01-19,100954.572281999,2000137986542.0996,862872473267.8228,10,0.03173755110529162,0.30138642012684425
2025-01-20,102588.998699006,2032568393070.4937,893761103508.9591,10,0.03202516168762473,0.30542052921711804
2025-01-21,105987.888705435,2099953742682.1108,906033916055.6548,10,0.031349251707003076,0.3014097258257223
2025-01-22,103791.128861485,2056477666295.4968,891500033728.1285,10,0.031213410062096495,0.3024107114924865
2025-01-23,104184.616743717,2064318362060.2715,898959853581.8726,10,0.032018562323513015,0.30336667304357967
2025-01-24,104716.12488194,2074895497988.584,890829396549.2091,10,0.031613350905937,0.3003749262751643
2025-01-25,104866.085348919,2077908832637.7983,894317597701.6724,10,0.03169246974865377,0.30089147602375926
2025-01-26,102833.369273232,2037674834179.0256,870251906785.3699,10,0.031517211208853806,0.2992688552039507
2025-01-27,101907.44629661,2019377065358.7551,860005239924.0668,10,0.031111522172358255,0.2986769899732347
2025-01-28,101138.144066043,2004179506349.8545,843017012021.6139,10,0.030362032907996713,0.2960866967144932
2025-01-29,103918.795458796,2059331945599.1267,856105665150.1274,10,0.030059041394307182,0.29364568186733114
2025-01-30,104987.446410871,2080556697805.9504,886250448432.205,10,0.031011808377475605,0.29872196093229403
2025-01-31,102263.043670953,2026606623485.5928,877556995350.205,10,0.032197592586509956,0.30217202283595657
2025-02-01,100610.290439801,1993910895067.3057,830161123204.7678,10,0.031010261110808707,0.2939589067961189
2025-02-02,97424.7809000584,1930832016063.4487,743990044424.7308,10,0.029194415023214237,0.2781456215031163
2025-02-03,101582.408702221,2013279341602.0896,770313138483.8999,10,0.028327541366003406,0.27673344571620045
2025-02-04,97848.1497592051,1939309473574.1904,723701177657.9856,10,0.027835099127435623,0.271760526877025
2025-02-05,96559.3327562829,1913809109907.9287,712168032844.0183,10,0.028799488400698434,0.27120115451488164
2025-02-06,96541.3006811806,1913495458438.8672,690590209737.6456,10,0.027813297083573784,0.2651948890073287
2025-02-07,96384.1109836353,1910431989078.9983,688430628226.7128,10,0.02710978914885954,0.2648968912948625
2025-02-08,96603.318157218,1914825201259.5168,697578791804.836,10,0.027298849684792393,0.2670256184176841
2025-02-09,96309.7532405026,1909049334363.78,688780342673.9718,10,0.02723964869268955,0.26513683663024934
2025-02-10,97375.2253535944,1930211390619.1672,699352744914.572,10,0.02730588072135231,0.26595766783707675
2025-02-11,95806.2580385739,1899147805926.7595,695876520994.4438,10,0.02717950319229283,0.2681579951969267
2025-02-12,97756.4976548802,1937847635266.7156,721995808217.7356,10,0.02801497052420179,0.2714429715727576
2025-02-13,96534.7406332554,1913676151860.9067,721379259860.2488,10,0.027709315634443066,0.2737624630781715
2025-02-14,97414.3589821742,1931159716999.0176,750414290943.325,10,0.02797413857760016,0.27984097724721824
2025-02-15,97583.2431767972,1934556498527.5264,748605758371.4716,10,0.027609504298447503,0.2790013002182936
2025-02-16,96182.2661706604,1906827963922.086,739106601404.6709,10,0.027677329968700218,0.2793366892326741
2025-02-17,95790.5109985389,1899102368220.6968,740416957345.8884,10,0.028639403709370282,0.2805120425428045
2025-02-18,95444.031886616,1892274974606.2864,716507778636.2383,10,0.027944380054711185,0.2746521448540213
2025-02-19,96647.9132977791,1916181201685.9424,744316764066.7981,10,0.028124595988290226,0.27976595872201954
2025-02-20,98392.2197247224,1950804507961.5483,744259971736.2021,10,0.027855016193616754,0.27615664758405717
2025-02-21,96048.9937247224,1904384514551.3691,714331498868.253,10,0.02764984318182502,0.2727792915335829
2025-02-22,96605.7091057861,1915464594989.7837,731638360674.006,10,0.028635555647566504,0.27639210598461206
2025-02-23,96091.6329774985,1905310407147.9172,737052016368.0217,10,0.029366343515480654,0.27893676121358746
2025-02-24,91869.6543430742,1821634093760.3489,655964245946.3428,10,0.02742467818619106,0.26475810684632545
2025-02-25,88769.7356265342,1760208246634.8357,657751728203.4133,10,0.028155690646574503,0.27202755010343543
2025-02-26,83987.89564173,1665430715502.8591,620788342127.7529,10,0.02774719041543993,0.2715349345268447
2025-02-27,84625.4191364699,1678112099535.171,617242324893.0757,10,0.02716082864161044,0.26890937553002325
2025-02-28,84243.7779114553,1670585267601.7073,603140127084.3322,10,0.026469952664077985,0.2652651584461082
2025-03-01,85844.3685628288,1702364201940.7178,608816763423.2052,10,0.025732073687028695,0.2634223682814642
2025-03-02,94328.0094444769,1870638896492.398,749827836434.61,10,0.0267083969147687,0.2861428565426082
2025-03-03,86315.9305511397,1711790108875.507,626813037550.6005,10,0.024950200543192365,0.2680288181893994
2025-03-04,87323.690650789,1731815528260.4128,637319674888.906,10,0.02485080731841346,0.2690094149298485
2025-03-05,90619.4090976038,1797214619202.8445,656713997793.8591,10,0.02473056233072071,0.2676174006225142
2025-03-06,90222.0693275862,1789382285455.2207,659842944286.1846,10,0.024454499323251982,0.26940884663181924
2025-03-07,86553.5921937464,1716663461110.232,621297304985.967,10,0.024663780127308306,0.26574325540260274
2025-03-08,86171.2789362946,1709117730734.5408,621705278396.1207,10,0.025527614082849193,0.2667320838865415
2025-03-09,80647.7964108709,1599605268650.108,569079439900.0802,10,0.024993766609354193,0.2624076416716757
2025-03-10,79005.9601291642,1567078358406.0225,534914460444.1421,10,0.0237917890052166,0.2544796802573055
2025-03-11,82747.1601917008,1641320516183.5276,559180422608.6993,10,0.02323961923833732,0.25411505750850194
2025-03-12,83630.1581101695,1658875091592.0261,566041561413.2882,10,0.022797021703622314,0.25441023179394406
2025-03-13,81110.2890490941,1608931653806.9155,560696561008.5387,10,0.02297521472639078,0.25842978865216815
2025-03-14,84105.8335517241,1668389628844.3645,581588735222.2511,10,0.022765407239425783,0.2584863679182614
2025-03-15,84352.8773018703,1673324978903.161,588996106843.2849,10,0.02299438741800481,0.2603503589982001
2025-03-16,82492.1028287551,1636449800880.6472,567948608748.4766,10,0.022847015130186277,0.25764335805523936
2025-03-17,84013.947518118,1666676385336.546,580847427859.0709,10,0.022947076801991772,0.25843883141473795
2025-03-18,82680.8065514319,1640266102189.8103,574022845778.1178,10,0.02334894103310264,0.25923574531901244
2025-03-19,86774.23507218,1721514946126.3872,621967090354.5736,10,0.023704800669632032,0.26540296903173066
2025-03-20,84124.9712878434,1668993504738.9026,595944462470.0786,10,0.023515069492397716,0.26311734409417137
2025-03-21,84069.4081800117,1667929256877.527,588189339662.8629,10,0.023386688613308927,0.26070851974041287
2025-03-22,83821.220305377,1663044522837.712,587941154394.5776,10,0.023606580985975425,0.26119275672934694
2025-03-23,85760.8814506137,1701569937335.213,598941347611.831,10,0.02329598552714133,0.26035140602477774
2025-03-24,87322.5718568089,1732597247212.6855,613414557150.0769,10,0.023749995822764446,0.26147121511040144
2025-03-25,87422.8426084161,1734627459888.4236,615630319917.2292,10,0.023622058443237517,0.2619416155993479
2025-03-26,86836.6760955582,1723038102417.2332,596662234243.917,10,0.023094298706954768,0.2572152207826636
2025-03-27,87211.3240169492,1730512308533.819,596113493654.26,10,0.022971446480253666,0.25621373797782354
2025-03-28,84309.0783550555,1672964353420.1504,563218992592.2468,10,0.02248899996665551,0.25186619585401576
2025-03-29,82497.1792472238,1637046774655.5232,542500427041.4786,10,0.022104983953816795,0.2489051058949704
2025-03-30,82216.4666765049,1631511606002.1655,539237432643.60144,10,0.021927483173761326,0.24841076653430536
2025-03-31,82461.4496279953,1636411209942.2063,537186360679.22327,10,0.022112678032061166,0.24714159048569517
2025-04-01,85226.7137936879,1691322616301.7249,555959357812.6296,10,0.022390691074759616,0.24739190017831703
2025-04-02,82555.631296318,1638359405101.183,525043954851.8101,10,0.02174884181692666,0.24269350994408107
2025-04-03,82931.697399474,1645862024148.4058,530573816751.9749,10,0.021867914093572773,0.24378105101066483
2025-04-04,83774.1797375804,1662629046893.7307,539141738715.0105,10,0.021641483288664113,0.2448673323485622
2025-04-05,83302.1715756867,1653304002042.126,537654422288.5361,10,0.021643795433190748,0.24539690772671305
2025-04-06,77949.0884926943,1547096309796.6248,473711419965.88947,10,0.02012980827920281,0.23441686855659452
2025-04-07,79421.8044105786,1576362060476.6785,474486818168.7456,10,0.01964496115023539,0.2313611807819511
2025-04-08,76351.4295303916,1515457839297.2393,448031632570.046,10,0.019267363693107595,0.22818132665817983
2025-04-09,82720.6034891876,1641909959540.38,508280544840.39154,10,0.020102718988038074,0.23638861012771986
2025-04-10,79558.9558252484,1579190648363.4094,478456964269.6794,10,0.01913384396398452,0.23252619220713758
2025-04-11,83359.8995157802,1654675324685.486,492215338876.8868,10,0.018780861428600023,0.229268936341707
2025-04-12,85269.2495119813,1692613865286.0972,520710675524.5557,10,0.019308841308996922,0.235261781958935
2025-04-13,83568.9544360023,1658907541993.389,506552990150.4581,10,0.019065831092363008,0.23392390793147405
2025-04-14,84589.0324135009,1679196255170.0217,511525371347.70026,10,0.0191922443177301,0.23349628960426125
2025-04-15,83671.3439713618,1661016663554.037,500672658101.3449,10,0.019012528111336118,0.23161175525349728
2025-04-16,84151.5357562829,1670588196755.446,499061471709.7256,10,0.018749059408263047,0.23001938007013173
2025-04-17,84940.5838538866,1686293103287.5042,499636609147.26904,10,0.018655039116558362,0.22856938459871814
2025-04-18,84434.7727463472,1676287312525.932,500363807105.3551,10,0.01882133657791482,0.22987781670317198
2025-04-19,85124.721496201,1690021871643.1616,506824273363.9893,10,0.018969369325948216,0.23070540215839264
2025-04-20,85101.7461545879,1689598441895.586,501723294205.0755,10,0.01862809276120154,0.22895921029737284
2025-04-21,87360.7198933372,1734482195997.8015,502429314514.8022,10,0.018051266594158663,0.22460848905000586
2025-04-22,93495.6106890707,1856331181814.378,547142877866.1585,10,0.0188030727733018,0.22764667488813392
2025-04-23,93695.7404772063,1860338085945.4592,553859970327.0043,10,0.0191879041588527,0.2294177848780839
2025-04-24,93849.8817790766,1863439928975.8303,551575385553.5977,10,0.018854338163384204,0.2283941564408148
2025-04-25,94771.4128007014,1881780070424.8152,552412930366.5287,10,0.01888297886314211,0.22693883771210502
2025-04-26,94694.5111014027,1880292468574.824,557173298498.0378,10,0.019220233932203908,0.22858712767365097
2025-04-27,93812.876534775,1862825953569.6736,558638418561.6299,10,0.019116781675613304,0.23070272063095948
2025-04-28,95066.0211867329,1887751317170.654,564488477062.1117,10,0.018933078113060723,0.2301930171713585
2025-04-29,94102.8403024547,1868668111983.048,555441790186.3612,10,0.019053055171992832,0.22913226404845735
2025-04-30,94236.7325143191,1871365778928.6255,550262033199.5254,10,0.0190507752385413,0.22722816051404265
2025-05-01,96411.7422635885,1914598090283.48,560414922399.1117,10,0.019066203350789866,0.226429081191656
2025-05-02,96842.1021057861,1923192534185.832,560448326172.5938,10,0.019013548183463642,0.22565594531719568
2025-05-03,95943.61135301,1905398528848.1636,555744717278.9858,10,0.0191303898893718,0.22580754620987817
2025-05-04,94377.7899196376,1874342989258.676,546461620103.35254,10,0.019170494070793107,0.22573553354533862
2025-05-05,94853.7298594389,1883847029957.3728,544809893076.30536,10,0.01921303795026654,0.2243255883156085
2025-05-06,96677.9245029223,1920118226994.4229,547311537755.9159,10,0.01876567816992628,0.22181443442678675
2025-05-07,97137.3757086499,1929289214331.7031,544836638969.60944,10,0.018680264894660088,0.22021379318380868
2025-05-08,103069.539295733,2047161802262.9504,623170484361.2704,10,0.021277588854309467,0.23336814204088052
2025-05-09,102940.802949445,2044649883878.203,646830513181.3254,10,0.022752960244811826,0.24032518085139867
2025-05-10,104582.821806254,2077313318157.566,702036540263.134,10,0.024713546190373033,0.25259020131493976
2025-05-11,103976.137798948,2065311256125.5452,676823495284.0681,10,0.02411749859328283,0.2468235723777405
2025-05-12,102920.074689071,2044380972696.56,693535566342.2903,10,0.02422837685340839,0.25330778219622313
2025-05-13,104145.711825248,2068769059377.2952,723773671240.7893,10,0.0256995866013327,0.25918087601853584
2025-05-14,103572.719642022,2057433647794.164,706269721140.4655,10,0.02513267511405875,0.2555519268381986
2025-05-15,103716.283947399,2060332819995.956,674672936537.8242,10,0.024496501775250645,0.24668062760967402
2025-05-16,103566.269191116,2057396779611.088,677335770232.2125,10,0.02459010029436262,0.24767898062683452
2025-05-17,103190.041364991,2049968934871.8545,661961421327.5236,10,0.023981095908581485,0.24409233806992975
2025-05-18,106015.689848919,2106156816753.277,671668015242.4841,10,0.023260087876064074,0.24179638957288616
2025-05-19,105615.828960257,2098259532017.2595,673317350712.59,10,0.023921197060595437,0.24293655893442498
2025-05-20,106893.330247516,2123688965537.7637,671303853594.3533,10,0.02362470045699838,0.24018088669107998
2025-05-21,109704.855619521,2179595937622.9265,684332869968.6211,10,0.02331703324514433,0.2389489809085437
2025-05-22,111477.014787843,2214857125536.5435,704121614423.7802,10,0.0238383096468519,0.24122190572492863
2025-05-23,107291.888969901,2131757821570.904,666137766774.9259,10,0.023504483407207986,0.23808528436501072
2025-05-24,107917.328289304,2144232082359.298,670100980888.008,10,0.023440617866418316,0.23810294155973669
2025-05-25,108914.876558445,2164103972791.515,673913374823.0242,10,0.023385192618405094,0.23745921616352128
2025-05-26,109371.985172122,2173238869041.109,672043967417.6787,10,0.02342398779050564,0.236195839234773
2025-05-27,109066.345636762,2167213819846.428,685346931029.7323,10,0.024401884481400998,0.2402567345215098
2025-05-28,107895.402399474,2144001770511.488,680749630726.5188,10,0.024812161252464,0.24099452802401158
2025-05-29,105732.957892168,2101084126510.376,669668696974.032,10,0.024905869291876236,0.24169196591555883
2025-05-30,103981.302957919,2066326288336.2883,637509771988.3293,10,0.024285901044672088,0.2357797432111291
2025-05-31,104708.964150205,2080839122058.3977,642157040394.2675,10,0.02418664681595851,0.23582737620014194
2025-06-01,105750.15972443,2101574335240.2612,644190308460.6931,10,0.024011694828926147,0.23461235468179223
2025-06-02,105899.696926651,2104590104579.1655,655505992235.1636,10,0.02463078470477242,0.23749390211150292
2025-06-03,105483.98555114,2096375961866.664,658333935193.1206,10,0.02460164045144599,0.23898485132528385
2025-06-04,104782.844900351,2082482835627.2383,652295200203.467,10,0.024908025236958585,0.23851851655131803
2025-06-05,101669.190496785,2020643792695.6504,612526596606.112,10,0.02381504967436979,0.23261943059010914
2025-06-06,104421.051549094,2075379908381.1829,630295698706.51,10,0.023749366421068157,0.23295316595064447
2025-06-07,105685.250402104,2100553227975.266,639717207394.1462,10,0.023911557303255063,0.23345039202596324
2025-06-08,105727.739632379,2101448276113.1248,646268054261.9867,10,0.02373614279223707,0.23520188278451576
2025-06-09,110198.15871391,2190350694809.1885,676739804731.3273,10,0.02428995550600617,0.23603712712932592
2025-06-10,110074.119081824,2187943357305.6516,694344052480.4113,10,0.025493861773213833,0.24090035231148194
2025-06-11,108645.785558153,2159600242681.196,684122370756.5901,10,0.025537711740097967,0.240572820824304
2025-06-12,105998.985830801,2107037660426.0664,656547898275.6958,10,0.025027962060741656,0.23757104107322066
2025-06-13,106024.822087376,2107599273522.1548,640852718590.5779,10,0.024315270674062334,0.23316860561131905
2025-06-14,105467.108742256,2096562615729.3809,632736542198.4836,10,0.02401782575410814,0.23183114257026674
2025-06-15,105512.797437756,2097515696363.0132,637744612309.0275,10,0.024135364031615043,0.2331568261664464
2025-06-16,107243.933345997,2131978316689.5857,650594673968.9912,10,0.02391764479246026,0.2338104610923464
2025-06-17,104628.396527469,2080020784384.478,630627052137.2717,10,0.024022162995902888,0.23264809380272725
2025-06-18,104813.367028638,2083743868284.6492,632339171531.1456,10,0.02406652547298822,0.2328129008802437
2025-06-19,104709.720767095,2081724883731.6504,632423731818.7969,10,0.024095616213918473,0.2330099863343471
2025-06-20,103274.958839567,2053249239006.785,608860836139.3724,10,0.023269658674196628,0.22871362150791014
2025-06-21,101548.196381648,2018963554074.3127,580825676230.1779,10,0.022314906869310414,0.22341260186009418
2025-06-22,100899.234151958,2006094738210.3289,571031105814.1877,10,0.022074995845827117,0.22157672553640165
2025-06-23,105496.947495324,2097542487005.0583,616989470573.9172,10,0.02295281655795735,0.22729129006983398
2025-06-24,105964.065136762,2106868694059.577,622841742393.4264,10,0.023056568363163,0.2281713598907397
2025-06-25,107305.065199591,2133579562773.2737,618243360980.1722,10,0.022533755257967882,0.22466684016749794
2025-06-26,107012.822824079,2127821320993.0576,608210075786.1338,10,0.022569770190042332,0.22229645336018736
2025-06-27,107090.95905114,2129413451733.8088,613102287737.8845,10,0.02261663932520919,0.22355470158796242
2025-06-28,107357.617171245,2134764370076.9768,620908657280.0397,10,0.022711182349855193,0.22532014905830722
2025-06-29,108360.901696376,2154771519854.225,633629148176.2646,10,0.023100809249240194,0.22723748256157578
2025-06-30,107153.101135885,2130802792373.5325,633720830007.194,10,0.023228102007898394,0.22923328448951802
2025-07-01,105566.356597896,2099293644623.7915,611119486394.2875,10,0.0227411894109097,0.22547097318877737
2025-07-02,108927.13451841,2166178189392.104,645720263456.6022,10,0.023685177251836324,0.22963854288636543
2025-07-03,109632.159126826,2180250385703.646,650260607900.6783,10,0.02362737748284246,0.22973258516570805
2025-07-04,108081.395758621,2149464119255.1885,633156695793.9056,10,0.02322404383694754,0.22753969652265926
2025-07-05,108244.788813852,2152766699219.0437,634343790616.742,10,0.02326632684568705,0.2275990826090705
2025-07-06,109180.005545587,2171420830654.5227,648975103492.0883,10,0.023536830873079746,0.23010070878167455
2025-07-07,108249.401004091,2152963631063.5625,644893976649.9579,10,0.023490026374675014,0.23049563883166357
2025-07-08,108956.631703098,2167078035042.8596,659995230628.6904,10,0.024004331678283468,0.2334552976192195
2025-07-09,111416.806720047,2216066450892.2695,696372116549.7545,10,0.024913969609284624,0.23910276574910683
2025-07-10,115873.903783752,2304779478142.8335,737739573414.8644,10,0.02546244381281425,0.24247656659279065
2025-07-11,117618.605087084,2339537436457.521,766395660726.2406,10,0.025154543233053155,0.24675214717958782
2025-07-12,117382.372540912,2334893219628.712,766293066995.1704,10,0.025049719353412932,0.24709675465171688
2025-07-13,118899.737107832,2365126544898.0674,790265309549.5015,10,0.0249759963576868,0.25044918222616674
2025-07-14,119871.096197838,2384502915692.5654,805632704511.3335,10,0.025125191835906988,0.2525387006775095
2025-07-15,117710.89100789,2341591953037.3784,816976624273.1531,10,0.026614917183082138,0.25865407201916607
2025-07-16,118730.187791642,2361917162381.5225,861031917094.4955,10,0.028352583261930804,0.26715653764982245
2025-07-17,119501.663770894,2377315036151.2236,934105811370.6953,10,0.029199563106325658,0.28208610574814963
2025-07-18,117958.511213033,2346669299827.5835,927009396554.2546,10,0.030030381549790736,0.28317054987064294
2025-07-19,117908.52473232,2345727189536.0054,938410325961.2236,10,0.03046525192926931,0.28574026560490884
2025-07-20,117305.680953828,2333788554645.3423,968469791656.7853,10,0.03201095737977992,0.29327499247334143
2025-07-21,117432.435634717,2336365376851.485,981344543805.4191,10,0.03206868597140824,0.29578973667809805
2025-07-22,120068.00578872,2388857383305.068,979292641066.203,10,0.031198159840720247,0.29075089707413093
2025-07-23,118650.587165693,2360708516578.7466,914066673637.5424,10,0.030590264106409245,0.27912348803924186
2025-07-24,118377.081936879,2355321152006.9604,917346234455.3119,10,0.031336378759166776,0.28030536749625384
2025-07-25,117520.17335038,2338330202043.7227,921401479432.0815,10,0.03167591439150488,0.28266175546538486
2025-07-26,117983.204598773,2347599668866.052,928148127408.4291,10,0.03172789372756875,0.2833393121607271
2025-07-27,119438.164235535,2376601218524.4136,952031619380.8031,10,0.03234729462519015,0.28601280638087373
2025-07-28,118022.637320281,2348488298493.529,923935919080.6038,10,0.03212014433255908,0.2823398977793664
2025-07-29,117871.370895383,2345519559459.0205,923543185526.4452,10,0.03216109055936549,0.28251008242136116
2025-07-30,117732.643660725,2342809433816.109,919206773030.683,10,0.03228381027975954,0.2817909889905877
2025-07-31,115848.339985096,2305368665823.8267,895495742422.9204,10,0.031950807085252275,0.2797668467666903
2025-08-01,113282.144336061,2254355122015.228,855961606482.0073,10,0.03074008178996036,0.2752007853861138
2025-08-02,112545.673659264,2239750089818.0874,821488654286.9844,10,0.03015238594438302,0.2683517108454538
2025-08-03,114263.693947691,2273995431945.6807,860861974781.3387,10,0.030667400725316308,0.27460961156766955
2025-08-04,115199.933659264,2292689374189.235,905998767663.4844,10,0.032284151190528305,0.28324073103879355
2025-08-05,114111.36101841,2271073998199.12,876372744640.3162,10,0.031671522003093255,0.27843926084979775
2025-08-06,115034.678748977,2289501873478.173,889681844114.6996,10,0.032007895063551645,0.2798459992077226
2025-08-07,117444.913924313,2337531175120.7417,958628024776.95,10,0.03324318808770363,0.29083183385277767
2025-08-08,116740.687720923,2323564790361.1636,974515489622.8412,10,0.03440322256763073,0.29547961447062393
2025-08-09,116511.655739375,2319048455360.759,1001305239466.477,10,0.03657934828490201,0.30156583650302254
2025-08-10,119189.198160275,2372392553182.501,994105052667.2145,10,0.03564680114565113,0.29529355700114895
2025-08-11,118742.043048644,2363546734531.7153,981934906732.278,10,0.035603584535675956,0.29351077423975414
2025-08-12,120154.32493507,2391709484341.113,1050289678491.6396,10,0.03827922066853773,0.3051394346148693
2025-08-13,123442.67982225,2457225396914.5664,1076306433717.7273,10,0.038567104742662284,0.30459791656245866
2025-08-14,118510.27128083,2359101850712.3994,1023410096426.5468,10,0.038484132733275424,0.30255919636653017
2025-08-15,117311.209947715,2335282091620.0776,1007387620721.9783,10,0.037762687426610486,0.30137216877947176
2025-08-16,117462.42684623,2338348119563.3086,1009931606573.9977,10,0.03765178963990431,0.3016270112351367
2025-08-17,117601.952231888,2341181540292.769,1022245209177.6162,10,0.03816016331797941,0.30392967806971916
2025-08-18,116312.914397989,2315575768549.4985,994198738465.9675,10,0.037154308329780075,0.30038262013277445
2025-08-19,112886.10147543,2247401509643.068,936302427965.3351,10,0.03626234521266859,0.29409217889421124
2025-08-20,114277.320860316,2275149059638.6846,982629393654.3916,10,0.03795727677618733,0.30162560399437705
2025-08-21,112347.102298302,2236772618107.5776,952423768438.1998,10,0.0375851671234926,0.29864067714869424
2025-08-22,116800.977035073,2325500247698.137,1063096205419.0045,10,0.04136185415681802,0.31372759197722444
2025-08-23,115280.444723834,2295281301319.894,1051116365644.6709,10,0.04144994006820796,0.3141038424755157
2025-08-24,113516.122474401,2260210071457.8794,1048362722089.9562,10,0.0421724566792823,0.316862522757367
2025-08-25,110089.533314144,2192032047921.661,968278319708.5472,10,0.039763154936669806,0.30638709717445284
2025-08-26,111895.295495307,2228039674983.534,1016495435505.4972,10,0.04112744255900715,0.31329463263298957
2025-08-27,111252.307236061,2215288753962.2065,997545487479.4764,10,0.04051183412134938,0.31048769171230306
2025-08-28,112481.152904109,2239813780373.477,999888712348.9712,10,0.04004266495266324,0.30863596722078196
2025-08-29,108473.330441642,2160062777589.67,960991108432.4105,10,0.0402568416786715,0.30790596494866534
2025-08-30,108746.150824851,2165549227144.0293,961576379753.2815,10,0.04020471344056301,0.307495285009464
2025-08-31,108316.44689481,2157036868947.128,959097671398.052,10,0.04059046186425143,0.3077844229703288
2025-09-01,108992.324614863,2170551279014.5664,942297185472.3597,10,0.039457654558264194,0.302712193099857
2025-09-02,111140.947159836,2213397100781.9453,961683897703.6758,10,0.038890577605112955,0.3028848392095692
2025-09-03,111780.743587376,2226186647369.0947,977738387102.0818,10,0.03986261224470111,0.30516893391154587
2025-09-04,110900.633412981,2208707196345.665,951892864224.377,10,0.03892586103252097,0.30117472821053315
2025-09-05,110711.229484804,2204984484343.3813,955044611564.9426,10,0.03891899047238892,0.3022265246866099
2025-09-06,110243.650741672,2195720165768.225,949070168369.7139,10,0.0387973034673535,0.30179123805717123
2025-09-07,111307.784421087,2216968057740.0366,964858806713.4437,10,0.038776289279298375,0.3032405117615256
2025-09-08,112112.311575102,2233048249212.6406,976807730168.1202,10,0.03840005086151693,0.3043151270470908
2025-09-09,111486.396779836,2220639486843.1694,973887396563.0328,10,0.03865703619553853,0.30486123050703956
2025-09-10,113930.748423437,2269387779972.4683,986043691487.1741,10,0.03816883361790623,0.3028918593838685
2025-09-11,115445.812932648,2299620481124.1,1010264408358.224,10,0.038649956873875214,0.3052264480763355
2025-09-12,116149.174031958,2313674623907.2764,1051734527919.7062,10,0.04048999203314042,0.31251312410223586
2025-09-13,115965.627551268,2310069502058.3306,1051493100407.7542,10,0.0402391099515745,0.31279890478206934
2025-09-14,115395.933423437,2298776200578.8613,1030104006527.583,10,0.03994849340702787,0.30944460071844343
2025-09-15,115420.931814144,2299332980316.204,1011691671922.155,10,0.039196715843284775,0.3055524431804574
2025-09-16,116798.867050906,2326841616711.2607,1015797442509.3356,10,0.03858626035071092,0.30389085525321097
2025-09-17,116575.777628866,2322443908090.3315,1035550625909.9984,10,0.03941681688790686,0.3083836544177938
2025-09-18,117014.426762174,2331240531967.0737,1034609891619.2356,10,0.03919462606413071,0.3073843936644279
2025-09-19,115612.372541695,2303368556120.7207,1004702205092.7972,10,0.038608325349458565,0.30371242866770987
2025-09-20,115753.165960549,2306228956192.6875,1006245656741.9152,10,0.0387371475939782,0.30377460186795435
2025-09-21,115320.858829047,2297674188701.304,999883025784.5074,10,0.03860994476106092,0.3032193107649898
2025-09-22,112727.70773813,2246060606259.752,948256919610.4176,10,0.037298696474856646,0.29685743885216964
2025-09-23,112052.393282022,2232655622694.466,940252394582.0311,10,0.03721869795669494,0.29633774110763783
2025-09-24,113324.623592192,2258059127591.7627,949959292539.5533,10,0.03664808808193613,0.29612027367993354
2025-09-25,109166.347974874,2175251165398.7356,888558500113.9103,10,0.035499754883926656,0.2900175262568845
2025-09-26,109669.102166861,2185314295488.7644,916461749264.0217,10,0.03676249708304726,0.29546354605916253
2025-09-27,109644.73069287,2184881768009.1887,916680764004.7701,10,0.036664919870254206,0.2955545002052677
2025-09-28,112170.00778609,2235260600040.185,940099929998.0294,10,0.036876842239941046,0.2960608476123861
2025-09-29,114341.141435418,2278575750081.584,952654326319.0924,10,0.03691078524243097,0.29482714130349724
2025-09-30,113971.742796902,2271271762904.084,937110105433.5526,10,0.03633393103245485,0.29208184807474263
2025-10-01,118393.270386324,2359441494737.089,981447897626.4816,10,0.036643005377491704,0.29376844976365385
2025-10-02,120558.594007013,2402645137487.716,1012804864334.2097,10,0.037148881019950224,0.29653628769091706
2025-10-03,122348.127640269,2438354357753.2856,1018041904337.7201,10,0.03694231363669835,0.29453853873856417
2025-10-04,122379.744317651,2439035713312.36,1002337910856.398,10,0.036678853302877026,0.2912609964279907
2025-10-05,123523.768313852,2461893696556.56,1006558878211.3455,10,0.03657671669509154,0.2902040193756146
2025-10-06,124824.453666861,2487865019395.093,1036057392437.6306,10,0.03761910725249663,0.2940068683007119
2025-10-07,121587.699236704,2423405991080.0264,985058835371.1257,10,0.03671434331799632,0.2890036674947166
2025-10-08,123390.353094682,2459392369263.4487,999509984829.4137,10,0.03670621000533261,0.28896738979830117
2025-10-09,121603.33278609,2423819431448.1187,969080061727.619,10,0.03592753457424591,0.28562003197464736
2025-10-10,113754.852328171,2267429035644.953,837494263158.9144,10,0.033994836349317395,0.2697310633990696
2025-10-11,110940.113648159,2211374961639.216,820258136446.4807,10,0.03380102716008718,0.27056642737026027
2025-10-12,115152.917045003,2295401165962.697,893200800058.2233,10,0.036018032387279256,0.2801230161608585
2025-10-13,115332.252929573,2299030741394.9785,918281774593.2076,10,0.0368461263670024,0.28541889233012874
2025-10-14,113327.079410286,2259119504832.801,889120654941.1968,10,0.03648889724827556,0.28241830667868234
2025-10-15,110862.872485389,2210046641902.439,855848658999.1012,10,0.03593869952113906,0.27915130002888067
2025-10-16,108135.049605786,2155719311026.7776,830371601096.4193,10,0.035974521164109326,0.2780798125486411
2025-10-17,106625.668651373,2125682123928.4111,818576181965.3524,10,0.036000310720410114,0.27802458103853905
2025-10-18,107143.913935126,2136069072945.8809,832905741272.5549,10,0.036293877782266656,0.2805364792196165
2025-10-19,108706.663763881,2167271973156.9053,851088189759.3602,10,0.0366880889574635,0.2819703891589464
2025-10-20,110640.249515488,2205873161783.9478,863611231466.8079,10,0.03599184929161795,0.2813538434551854
2025-10-21,108700.382071888,2167248302706.2048,841486973332.9119,10,0.035707344657229544,0.27968129334419106
2025-10-22,107667.630188486,2146708963448.5056,821695572971.234,10,0.03528504716560551,0.2768138785969852
2025-10-23,110060.936797195,2194476255972.5571,834540294648.8071,10,0.035036006454301466,0.2755152640145237
2025-10-24,111024.94314699,2213759431224.074,858067278755.5972,10,0.035423852675979826,0.2793345327612167
2025-10-25,111614.535857686,2225571303267.163,870624539469.9031,10,0.035434637601388,0.2811916893151897
2025-10-26,114557.100460549,2284298071832.6084,906809027460.9567,10,0.03636843263636094,0.28416753159481944
2025-10-27,114087.773805085,2274991986566.8306,896852415017.0532,10,0.036103033690676904,0.2827542279719659
2025-10-28,112980.685846289,2252973055585.6294,874723212239.8254,10,0.03526591839255446,0.2796701269359447
2025-10-29,110206.347983051,2197691726032.41,860065846458.6202,10,0.035413970204216286,0.2812733926967139
2025-10-30,108019.723841905,2154140935697.1548,826317514813.115,10,0.035096205727781854,0.27724510458169455
2025-10-31,109554.239627703,2184790344305.3535,843726618607.4274,10,0.03515286258208623,0.27859398806072533
2025-11-01,110005.295855348,2193832993167.6711,846735043559.0902,10,0.03519555361165955,0.2784792293188148
2025-11-02,110389.168627119,2201542028456.724,850605318725.969,10,0.03526584526082666,0.2786907779898393
2025-11-03,106495.802789889,2123942098026.172,781213177906.2319,10,0.03376362307124825,0.268905825577775
2025-11-04,101349.73723232,2021350949128.4888,730080728494.7008,10,0.03239003035820575,0.2653457596030069
2025-11-05,103915.88479135,2072575814667.2568,765129039058.031,10,0.032988377378755755,0.26962953460561034
2025-11-06,101241.573677966,2019281654873.9136,732295785303.3486,10,0.03263152487508779,0.2661367165650888
2025-11-07,103428.471746932,2062945632162.0864,770398146605.2467,10,0.03324099800809136,0.2719042258050359
2025-11-08,102335.021439217,2041174456726.6416,760665244173.6912,10,0.03327602567913094,0.2714877813778075
2025-11-09,104685.54544097,2088104138262.236,792128913587.8657,10,0.034163340569031204,0.27502250662634614
2025-11-10,106082.478156926,2116014386447.3752,810577747117.7773,10,0.03365861280947093,0.2769698373139334
2025-11-11,102974.405611631,2054067273200.924,771986361805.426,10,0.03320944602038374,0.27316762578134557
2025-11-12,101682.126652835,2028334526602.0332,768581122453.4427,10,0.03354110932456792,0.2747959605835786
2025-11-13,100035.310145237,1995531055051.6216,740826703161.7413,10,0.03246543728946606,0.2707345927037866
2025-11-14,94502.5476025716,1885204557913.1167,711543983708.4811,10,0.03293378712491828,0.27401343345480095
2025-11-15,95541.3158389831,1905969346288.112,720096187986.1659,10,0.03317858255349699,0.2742110501766922
2025-11-16,94182.3130996493,1878905175037.5244,704924578716.0494,10,0.03281409728057336,0.2728216043228055
2025-11-17,91911.4713471654,1833638268626.4453,686915572041.2578,10,0.03283723654253241,0.2725256493070156
2025-11-18,92836.4419111631,1852130060915.0713,709091694110.4031,10,0.03357991167164835,0.2768568136355496
2025-11-19,91320.4811332554,1821925037070.4468,681485377797.3276,10,0.03302033504082345,0.2722227940532565
2025-11-20,86911.2980590298,1733993481993.45,646758735357.1758,10,0.03273192785792028,0.2716615070832145
2025-11-21,84948.0463205727,1694864140154.9482,625988984028.7786,10,0.03245556451154253,0.26972365355905353
2025-11-22,84775.0015452952,1691449473896.7937,629706300018.5537,10,0.032699807042719964,0.2712899785077152
2025-11-23,86872.4546630625,1733336869377.817,646210537265.9967,10,0.032257255884897335,0.2715686753967351
2025-11-24,88377.6024421391,1763408070508.766,686832267968.4498,10,0.0334774951503872,0.2803122033307577
2025-11-25,87434.550610754,1744622674821.233,683997592015.841,10,0.03388288303952858,0.2816404035475866
2025-11-26,90449.2770675044,1804823283719.3835,695875917249.2444,10,0.03343706058353038,0.27827253952802555
2025-11-27,91336.2000452952,1822561745081.4656,691698029655.1826,10,0.03301035146712212,0.2751100091587128
2025-11-28,90990.1266104617,1815698698812.7932,691186915781.6849,10,0.033360010478311254,0.2757153783793576
2025-11-29,90842.0738243717,1812783212323.288,686730719310.1528,10,0.0329288833926313,0.2747457058026366
2025-11-30,90607.7021513735,1808153535032.7244,684746997516.7091,10,0.0331385763409543,0.2746788283672248
2025-12-01,86504.6368156049,1726309340197.7156,640692255524.9355,10,0.03242359421322457,0.27067673155891164
2025-12-02,91528.0245809468,1826593716093.038,685108865916.7759,10,0.03281376846313623,0.27276671641933237
2025-12-03,93609.0938658679,1868163523113.6948,716325850577.8882,10,0.034075241843961275,0.27716339555102
2025-12-04,92205.5929544126,1840191787722.4072,696446161750.9114,10,0.03401616255099231,0.27455481453138175
2025-12-05,89279.8344634717,1781834205884.992,671501301611.1394,10,0.03384249089351099,0.2737095271149734
2025-12-06,89169.5570610754,1779678725951.9172,673491598143.1879,10,0.03404991368778784,0.2745392733346459
2025-12-07,90067.847399474,1797652167928.569,674712454455.1697,10,0.033842216854596444,0.2729016781532181
2025-12-08,90673.1444436003,1809775147324.2783,689517630125.5311,10,0.0344660523235773,0.27588509691493235
2025-12-09,92808.8518477498,1852439848225.965,722466018201.3381,10,0.035836406670646886,0.28057958452817694
2025-12-10,92102.9300917592,1838394451226.9824,714629432162.6183,10,0.03615312045464209,0.2799149027990363
2025-12-11,92623.7198708358,1848835839973.176,700342654361.9095,10,0.034953016773280735,0.2747326858116239
2025-12-12,90331.6083091759,1803124581759.215,677102097466.6073,10,0.03418292593915369,0.2730000862977403
2025-12-13,90245.267264173,1801441441839.3125,682144296708.8328,10,0.03451556829183838,0.2746610620769632
2025-12-14,88096.3826142607,1758581468490.5964,667927505979.8286,10,0.03474258264710141,0.27526273877705354
2025-12-15,86352.5802565751,1723807816697.5964,644553059877.8527,10,0.03430371022968523,0.2721515400177736
2025-12-16,87752.4290336061,1751792518937.351,648182787450.6398,10,0.03371160366388245,0.27007894028133456
2025-12-17,86059.5522241379,1718034910274.9507,621854741872.6202,10,0.03284570909548091,0.26576242230135794
2025-12-18,85434.1928673291,1705589102848.2754,615109421947.8065,10,0.0330848157162818,0.265053567008173
2025-12-19,88168.0738325541,1760207641640.7705,649746202565.9563,10,0.03380444123283804,0.2696093969301019
2025-12-20,88292.4536373466,1762731347927.292,651679660402.8275,10,0.03370003384594953,0.26991247892526343
2025-12-21,88533.4309830508,1767580565650.2673,652728172906.224,10,0.03389609056160166,0.2696879792680999
2025-12-22,88474.4622331969,1766441678579.3882,652041862794.2302,10,0.03396195992286742,0.2696077321344482
2025-12-23,87365.9937872589,1744350079363.6633,642231330257.055,10,0.03391772078189808,0.2691009523782053
2025-12-24,87625.6707895967,1749578331319.5293,637559410912.3911,10,0.03362863292874112,0.2670811154434211
2025-12-25,87231.3047685564,1741741838969.6328,628704215393.6216,10,0.033304722523078895,0.26522612241538784
2025-12-26,87334.8077808299,1743851052661.9036,632761075084.1726,10,0.033504228781522885,0.26624499121961
2025-12-27,87695.4159076564,1751088738231.2805,640147489115.3948,10,0.03355141708710794,0.2677056669661219
2025-12-28,87747.6491548802,1752174226540.3965,639900284547.633,10,0.033574514086886845,0.2675085084438176
2025-12-29,87133.5103991818,1739952832712.9773,634954278435.7819,10,0.03367138806324633,0.26735962659552187
2025-12-30,88428.4922735243,1765844968792.5852,641481700766.8435,10,0.033577407171712294,0.26647056624194787
2025-12-31,87516.9780376972,1747679146138.2644,634786189849.9634,10,0.03391488235620538,0.26644089223932366
2026-01-01,88684.2178474576,1771030307456.4983,645937984635.664,10,0.03383791260181554,0.26725132752011854
2026-01-02,89940.1801671537,1796152439786.1328,680264658251.2009,10,0.034737110500642245,0.27469712545206526
2026-01-03,90598.1301832262,1809335929206.2751,682561607327.4205,10,0.034495697716148715,0.27391238898084236
2026-01-04,91359.7636823495,1824587914852.661,693726640221.5886,10,0.0343709015868346,0.27547259289899745
2026-01-05,93948.5821794272,1876329155088.757,735663513353.6066,10,0.034376825633042896,0.2816483837193587
2026-01-06,93574.2871122151,1868891796056.5051,736671329347.3097,10,0.03517032273943555,0.28273017919423427
2026-01-07,91208.9562606663,1821692646787.202,704291760435.1248,10,0.034683309300562765,0.27881872842184013
2026-01-08,91096.9161554647,1819492476510.6,692404851915.006,10,0.03412967064839529,0.2756501406643829
2026-01-09,90539.6032288136,1808401358128.12,685458704962.3187,10,0.03407352310695878,0.27485852759231616
2026-01-10,90406.1424114553,1805781433869.588,684555683089.8362,10,0.0340912159459282,0.27488474489174547
2026-01-11,90717.2063153127,1812029241680.1577,687198932525.2358,10,0.03431043395923475,0.2749644628761135
2026-01-12,91141.1498489188,1820537738213.6345,682811914295.6769,10,0.03391522807326793,0.2727593061605433
2026-01-13,95304.4982942724,1903740522551.245,729149591337.7201,10,0.03485982940446404,0.2769388617820872
2026-01-14,97043.9927258913,1938525133766.5828,730520078813.0115,10,0.03458739210955855,0.27370090074531717
2026-01-15,95546.1397381648,1908645921457.2373,715050400391.6598,10,0.03469047419269421,0.27253550437108887
2026-01-16,95489.1299602572,1907545876899.8357,710886739482.8727,10,0.03451087767675723,0.27149323417187754
2026-01-17,95106.980462595,1899956122538.015,711233907393.1202,10,0.03477058475796089,0.2723792214432887
2026-01-18,94261.3294313267,1883103755876.9592,702247835757.6403,10,0.03502953949335198,0.27162566129492705
2026-01-19,92526.2419643483,1848484453618.508,684437291313.869,10,0.03442377572739457,0.27021651682813513
2026-01-20,88236.5631922852,1762822147346.9717,638378670804.8829,10,0.03329478569236877,0.26585809315866693
2026-01-21,89599.361874927,1790086994742.5425,653946136349.9888,10,0.033392822528023815,0.2675684417001589
2026-01-22,89395.700735827,1786063068452.813,644690245335.0164,10,0.03297577990675548,0.2652224072587601
2026-01-23,89439.7718909994,1786982708956.3025,644982924076.2645,10,0.033000918459694197,0.26521054217036605
2026-01-24,89185.0386990064,1781920520861.2185,643987552462.7694,10,0.033084720357829174,0.2654624713707207
2026-01-25,86445.6705926359,1727217015608.661,613568133725.2775,10,0.03246924483260619,0.2621206537899755
2026-01-26,88337.4545511397,1765049801467.8804,638449674457.4827,10,0.033170295459062735,0.2656333736921974
2026-01-27,89260.3805397429,1783524598036.6025,652630403501.6813,10,0.03386523831132086,0.2678936287262448
2026-01-28,89177.7892507306,1781904984387.2815,649589993553.6262,10,0.03373530421725265,0.26715662563437675
2026-01-29,84520.3973106371,1688877168322.3572,610608767559.0747,10,0.03334739310690699,0.26554142298983796
2026-01-30,84017.0340292227,1678853413751.91,587013056920.1984,10,0.03213206104327266,0.25906780673888374
2026-01-31,78702.38550263,1572688463359.5845,540797483848.21014,10,0.03105678648787654,0.25587938474948363
2026-02-01,76911.0523772648,1536921339757.8943,512741925085.50775,10,0.02951756764778865,0.25015910363436317
2026-02-02,78716.6018088837,1573030843440.0928,526682960691.7731,10,0.029798218047261304,0.25083559466788
2026-02-03,75684.7660277616,1512475464307.3,506499621908.9659,10,0.029483198537369457,0.2508696741068707
2026-02-04,73095.1914646406,1460758146742.2793,489217710267.88257,10,0.029378039050418796,0.25088398326017486
2026-02-05,63494.6884456458,1268923762593.2031,413284741542.12286,10,0.029136880757648125,0.2456798550989111
2026-02-06,70647.6982188778,1411906693993.6548,470917696840.56006,10,0.02921647708648046,0.25011238389147517
2026-02-07,69166.2594424313,1382335759076.3145,468349110372.52997,10,0.030163680292925252,0.2530679955858772
2026-02-08,70522.5892393337,1409480417712.4243,469745957025.6818,10,0.029689956912665856,0.24996773318017465
2026-02-09,70244.1017773232,1403950284903.542,472204842814.42816,10,0.029995795115423465,0.25168752617422774
2026-02-10,68688.793113384,1372895651922.4705,455804251591.8691,10,0.02936806504319549,0.249250437819742
2026-02-11,66989.7165920514,1338968761086.8115,441703909371.7514,10,0.028960539748243478,0.24805452270910788
2026-02-12,66221.5443115137,1323651411101.5576,442518150776.7402,10,0.029368938928695368,0.2505524726097805
2026-02-13,68860.8411633548,1376438775426.905,463179306803.26013,10,0.0297485813416086,0.2517801446274918
2026-02-14,69798.0791253653,1395209152714.0444,482790255152.30914,10,0.029895370354452416,0.2570768942365218
2026-02-15,68629.9599760374,1371901612478.9856,460228054679.5701,10,0.028563066185869925,0.25119840747589467
2026-02-16,68747.4380286383,1374287575683.3733,466525744502.7301,10,0.029039510905089844,0.25343457665526076
2026-02-17,67471.0508465809,1348806897572.9492,463990812943.4514,10,0.029530156588180315,0.255952889973188
2026-02-18,66380.7069611339,1327041682412.6785,451795230356.3905,10,0.02940423611559437,0.25398350299190314
2026-02-19,66932.3522118644,1338103087136.072,449961270577.8763,10,0.029101942596915828,0.25164713374923187
2026-02-20,67977.3092612507,1359022838573.6174,456282530130.33514,10,0.02893767278752889,0.2513530439543076
2026-02-21,68020.6677612507,1359914969948.6675,457011829576.06494,10,0.029028527826332293,0.2515301275184058
2026-02-22,67550.0240768556,1350540164036.8376,448534766841.1166,10,0.028908829631459562,0.24931411090378
2026-02-23,64689.9123308007,1293387338339.2383,429692579675.857,10,0.02870330809874816,0.24937472440096806
2026-02-24,64123.7510780245,1282100773328.0007,428456960893.2887,10,0.028934996693597843,0.2504779302806394
2026-02-25,68038.5221794272,1360406516183.8442,467829470800.05804,10,0.030237083503908344,0.2558911837042716
2026-02-26,67519.2645292227,1350053680284.782,459472341287.2894,10,0.030042719861459403,0.25391861504600594
2026-02-27,65864.1358170661,1316988256328.348,440588373450.2286,10,0.02929828358370752,0.25067946739012736
2026-02-28,66965.6353091759,1339043246944.108,447381949266.98334,10,0.029320838972403434,0.2504341912641266
2026-03-01,65733.5212597896,1314436530955.2664,439990629011.3122,10,0.029489772501413603,0.250788769719966
2026-03-02,68922.6242974869,1378236536262.6736,456707691540.2625,10,0.02949957887703698,0.24889459015716234
2026-03-03,68431.1740306838,1368437726302.048,446344676183.4006,10,0.0290394762532158,0.24594941827301495
2026-03-04,72667.4630575687,1453181528720.1433,474337603616.8653,10,0.02927820391765324,0.24608710526351954
2026-03-05,70987.427176505,1419621513717.0713,464034635444.1137,10,0.029253536429814455,0.24634784626204415
2026-03-06,68226.7053927528,1364443146701.8782,446324787907.95807,10,0.02905847185853345,0.2464837041661703
2026-03-07,67315.5529135009,1346249079545.666,443233120078.9027,10,0.029270876204307263,0.24768791786355432
2026-03-08,66202.6978731736,1324020725745.869,437690341264.3319,10,0.02934791648253702,0.24844615525242517
2026-03-09,68528.5384699007,1370565923110.882,447347089461.8412,10,0.02914126465766422,0.246077280028241
2026-03-10,69891.8238576856,1397861675303.8767,456385810651.55884,10,0.029115768142767076,0.24612993362986688
2026-03-11,70298.5753530099,1406027387800.1365,459139880377.822,10,0.029243381062189197,0.24616552531845887
2026-03-12,70538.1074623027,1410846656064.088,462222908575.42615,10,0.029472543936237803,0.24677295349913195
2026-03-13,70930.0132793688,1418712062331.4456,466052572016.61304,10,0.02949517735062572,0.24727361895657649
2026-03-14,71136.2179199299,1422864934640.0215,467478038153.93115,10,0.029469271379763223,0.24729800088234372
2026-03-15,72712.1461957919,1454415017618.7727,482759441901.6992,10,0.02995114614439709,0.24920803571878677
2026-03-16,74723.9575534775,1494685195333.6306,517327509792.88525,10,0.031467314358140715,0.2571194050985655
2026-03-17,74086.013609585,1481953960271.912,510564903205.5721,10,0.03135970130987932,0.2562409383239154
2026-03-18,71253.9579275278,1425334864470.0562,486437397337.70233,10,0.03088225398048702,0.2544431714255183
2026-03-19,69948.9048267095,1399258410166.362,475832988384.7127,10,0.030565472865117557,0.25376522379250394
2026-03-20,70510.4196797194,1410520483673.4092,477355632876.60626,10,0.03044344920017518,0.2528532612346122
2026-03-21,69707.285009059,1394484296727.609,472071924866.8668,10,0.030478831550068728,0.25291063800028857
2026-03-22,68018.1534815897,1360727895569.4656,458351053028.4177,10,0.030258871042890993,0.2519687523082532
2026-03-23,70726.2110461718,1414938935053.9592,476085033728.3483,10,0.030372423864963027,0.25176044385884494
2026-03-24,70610.0187121566,1412641989096.3225,476965853100.59094,10,0.03054892633816395,0.2524152591079726
2026-03-25,71281.2973921683,1426105842430.46,479024702329.53687,10,0.030422170670185742,0.25143930616570065
2026-03-26,68722.9718366452,1374957542916.4944,457461223082.0087,10,0.02996133425871567,0.24964884204988677
2026-03-27,66214.1715134424,1324794804322.246,443588675206.8083,10,0.030037356596224207,0.25084416380373686
2026-03-28,66351.0725251315,1327569960241.544,445728058247.10455,10,0.030058220362725586,0.2513554143747315
2026-03-29,65966.7523939217,1319910065564.9556,442236256023.83777,10,0.030058675986934524,0.25096454852007233
2026-03-30,66651.2320037989,1333633950994.4387,447490318630.38605,10,0.0303487299130757,0.2512403689410426
2026-03-31,68214.8680388662,1364949957429.4087,459387860950.85815,10,0.03080606843005934,0.25181074268291187
2026-04-01,68116.8167933957,1363022478623.5503,465711533971.50415,10,0.031429516892447766,0.25466335222290687
2026-04-02,66908.3179918177,1338870647177.839,450235315795.46826,10,0.030734840984619757,0.25165380090021283
2026-04-03,66891.7422279369,1338566550263.67,449775914203.84235,10,0.030670756719633385,0.2515043528521062
2026-04-04,67295.1309137931,1346663972184.613,451481526913.04944,10,0.03067443902404854,0.25108175458527127
2026-04-05,68921.8060911748,1379250124896.7249,458352013349.70776,10,0.03062724803458686,0.2494294079278222
2026-04-06,68742.9133085915,1375697653591.4316,455578744794.96594,10,0.03057559081534882,0.24877661569623927
2026-04-07,72057.1243614845,1442053417557.3213,483349286303.85547,10,0.031196153356192982,0.2510380219860257
2026-04-08,71085.0583702513,1422632685924.1665,469289196340.1065,10,0.030788895329924352,0.2480489288376199
2026-04-09,71788.6797825833,1436746639526.9473,470240198724.278,10,0.030509692237463155,0.24658806725457266
2026-04-10,72945.0707241379,1459918626570.64,478346205437.9961,10,0.030770182305764393,0.24679094287764738
2026-04-11,73119.1091168907,1463429926532.0017,482801755383.0365,10,0.03127565533621351,0.24807003188231574
2026-04-12,70685.3697019287,1414754502718.0571,465785426680.9858,10,0.030984349763419437,0.24768707082430047
2026-04-13,74632.7455856224,1493795013094.8875,496304296938.9105,10,0.031798171151667796,0.24938669866202898
2026-04-14,74173.5083603156,1484641267129.7373,487630460975.78876,10,0.0313213041062551,0.24724304162904787
2026-04-15,74761.964654588,1496448887839.818,495618545465.29443,10,0.03152373515536258,0.24879606843579358
2026-04-16,75095.7442159556,1503165549783.1584,504189736009.5545,10,0.031288449228628785,0.2511711502084435
2026-04-17,77114.481438048,1543607893397.0964,516131064273.7134,10,0.03141129632363504,0.2505808138218465
2026-04-18,75792.0637510228,1517173171126.9143,501768779403.18304,10,0.031057652755523156,0.24853056288787187
2026-04-19,73905.2041016949,1479439310993.9817,485347710004.7807,10,0.03065894932045694,0.2470230639848503
2026-04-20,75814.1453237873,1517683423347.0813,495902001699.9768,10,0.030518942110233833,0.24627810448537957
2026-04-21,76107.4432977791,1523586908754.2576,498918157691.343,10,0.030531920043274114,0.24668326718615044
2026-04-22,78317.7422720631,1567866712950.4104,506123826413.45013,10,0.030411412969793952,0.24403381635901275
2026-04-23,78233.6837492694,1566213501915.1277,500840964562.3441,10,0.02978899973771315,0.2422969363820596
2026-04-24,77444.269277031,1550445734881.661,498359234619.29,10,0.029900446428631534,0.24324386266042716
2026-04-25,77624.7114821742,1554092175350.093,497428837803.9245,10,0.029878068196996656,0.24246831234703034
2026-04-26,78538.7733573933,1572428798917.5513,505014088837.52966,10,0.0301611812446662,0.2430940902463298
2026-04-27,77256.297159848,1546785594139.162,491996010320.99115,10,0.029744329601459386,0.24131864307813697
2026-04-28,76295.531117183,1527582774590.8953,488323844344.33496,10,0.029981972204445404,0.2422353494738064
2026-04-29,75795.0098530099,1517591460634.257,483196571342.1661,10,0.029739476820489746,0.24150312957682665
2026-04-30,76299.6161285798,1527728226837.0825,483553023192.3159,10,0.029575711048970166,0.24042039032842769
2026-05-01,78132.6437852133,1564469061455.333,490423342730.22736,10,0.02934510090932412,0.23866132442326227
2026-05-02,78712.5387317358,1576113892815.107,494919220846.8731,10,0.02946050583513154,0.23897214273496667
2026-05-03,78649.1732893045,1574882442469.4604,495133191949.8973,10,0.029574864404957938,0.239192972128823
2026-05-04,79826.107817066,1598486719022.307,498564905551.7816,10,0.029406486674548458,0.23774565189974292
2026-05-05,80936.7548252484,1620764931897.133,504814715164.5211,10,0.029166530268788855,0.23749508321758903
2026-05-06,81364.6201285798,1629368819802.4692,504780426792.4472,10,0.02886484128577365,0.23652536372413308
2026-05-07,79988.9987343659,1601856781311.401,492019817377.49365,10,0.028632410857015036,0.23498033154655706
2026-05-08,80179.6922957335,1605712436185.0662,498986693803.825,10,0.028764941664160458,0.23708219701998867
2026-05-09,80663.6296519579,1615447075021.543,501616623374.5526,10,0.028840617079757862,0.23693978776103022
2026-05-10,82256.781137931,1647391609832.0415,515446675601.92676,10,0.028870440194330986,0.2383195632670723
2026-05-11,81714.7420499708,1636578096185.1265,510543048022.47516,10,0.028624950563509683,0.23778027122493448
2026-05-12,80525.563024547,1612795007979.5327,497293956423.58734,10,0.028283148855309758,0.2356744027445576
2026-05-13,79291.9110017534,1588121422920.642,492942383169.53394,10,0.02846707984565394,0.23687038414053024
2026-05-14,81175.8271116306,1625892297141.8928,504692204805.3692,10,0.028195935399798647,0.23687969397322772
2026-05-15,79063.4145756868,1583618048523.5847,488557841055.7627,10,0.02811733338310919,0.2357704495610844
2026-05-16,78164.4952711864,1565649830508.3457,479706708847.1575,10,0.027896290441557326,0.2345345173894788
2026-05-17,77497.697113384,1552327640770.8088,472742076027.6613,10,0.027654284308286436,0.23344484000039362
2026-05-18,76975.9111998831,1541909617519.7688,468803264497.5862,10,0.02767355669631456,0.23315276322655987
2026-05-19,76807.460956166,1538569462749.442,462930680275.6297,10,0.02749742634754939,0.23129185470651792
2026-05-20,77408.1722089421,1550639385411.9675,465155208483.8051,10,0.02745405969812207,0.23075526142018024
2026-05-21,77595.3861717446,1554420448473.3013,467511852420.9546,10,0.02747759583120923,0.23122032929301561
2026-05-22,75567.5430431093,1513834758642.7256,454093830784.0754,10,0.027349932610525974,0.23074710801185086
2026-05-23,76619.8666090415,1534955087416.121,462971214093.5027,10,0.027619055405389104,0.23172587184206134
