date,open,high,low,close,volume_btc,sma20,sma50,sma200,ema12,ema26,rsi14,macd,macd_signal,macd_hist,bb_mid,bb_upper,bb_lower,bb_pctb,bb_width,obv
2010-07-18,0.08584,0.08584,0.08584,0.08584,0.0,,,,0.08584,0.08584,,0.0,0.0,0.0,,,,,,0.0
2010-07-25,0.0808,0.0808,0.050541,0.050541,0.0,,,,0.080409,0.083225,0.0,-0.002816,-0.000563,-0.002253,,,,,,0.0
2010-08-01,0.056,0.0699,0.056,0.0611,0.0,,,,0.077439,0.081586,2.249303,-0.004148,-0.00128,-0.002868,,,,,,0.0
2010-08-08,0.06,0.061671,0.057016,0.0609,0.0,,,,0.074894,0.080054,2.248271,-0.00516,-0.002056,-0.003104,,,,,,0.0
2010-08-15,0.0704,0.0704,0.0645,0.065118,0.0,,,,0.07339,0.078948,3.255907,-0.005557,-0.002756,-0.002801,,,,,,0.0
2010-08-22,0.0655,0.07,0.0655,0.065929,0.0,,,,0.072242,0.077983,3.461977,-0.005741,-0.003353,-0.002388,,,,,,0.0
2010-08-29,0.06491,0.065,0.064,0.064,0.0,,,,0.070974,0.076947,3.443192,-0.005973,-0.003877,-0.002096,,,,,,0.0
2010-09-05,0.06497,0.06497,0.06,0.06165,0.0,,,,0.06954,0.075814,3.418853,-0.006275,-0.004357,-0.001918,,,,,,0.0
2010-09-12,0.0616,0.063621,0.061,0.0615,0.0,,,,0.068303,0.074754,3.417193,-0.006451,-0.004776,-0.001676,,,,,,0.0
2010-09-19,0.06218,0.0627,0.060001,0.0627,0.0,,,,0.067441,0.073861,3.819622,-0.00642,-0.005105,-0.001316,,,,,,0.0
2010-09-26,0.062102,0.06265,0.061882,0.062,0.0,,,,0.066604,0.072983,3.80965,-0.006379,-0.005359,-0.001019,,,,,,0.0
2010-10-03,0.0622,0.0622,0.061065,0.061065,0.0,,,,0.065752,0.0721,3.795395,-0.006348,-0.005557,-0.000791,,,,,,0.0
2010-10-10,0.061294,0.097146,0.061294,0.097146,0.0,,,,0.070582,0.073955,16.740768,-0.003373,-0.00512,0.001747,,,,,,0.0
2010-10-17,0.095,0.105,0.0949,0.102,0.0,,,,0.075415,0.076032,18.332794,-0.000617,-0.00422,0.003603,,,,,,0.0
2010-10-24,0.1024,0.11501,0.097545,0.11501,0.0,,,,0.081507,0.07892,22.604616,0.002587,-0.002858,0.005445,,,,,,0.0
2010-10-31,0.139119,0.197611,0.139119,0.1925,0.0,,,,0.098583,0.087333,42.048505,0.01125,-3.7e-05,0.011286,,,,,,0.0
2010-11-07,0.194525,0.400982,0.1931,0.34,0.0,,,,0.135724,0.106049,61.747945,0.029675,0.005906,0.023769,,,,,,0.0
2010-11-14,0.243185,0.27904,0.217273,0.27904,0.0,,,,0.157772,0.118863,53.633432,0.038909,0.012506,0.026403,,,,,,0.0
2010-11-21,0.268465,0.283016,0.225,0.27675,0.0,,,,0.176077,0.130559,53.349805,0.045518,0.019109,0.026409,,,,,,0.0
2010-11-28,0.285,0.285,0.271359,0.271359,0.0,0.121807,,,0.190735,0.140988,52.643966,0.049747,0.025236,0.024511,0.121807,0.304131,-0.060516,0.910127,2.993631,0.0
2010-12-05,0.230559,0.255,0.20285,0.20285,0.0,0.127658,,,0.192599,0.145571,44.573726,0.047029,0.029595,0.017434,0.127658,0.312481,-0.057166,0.703416,2.895605,0.0
2010-12-12,0.204,0.2388,0.199992,0.219854,0.0,0.136124,,,0.196792,0.151073,46.755417,0.045719,0.03282,0.0129,0.136124,0.321552,-0.049305,0.725775,2.724411,0.0
2010-12-19,0.227605,0.24996,0.227605,0.2401,0.0,0.145074,,,0.203455,0.157668,49.313762,0.045787,0.035413,0.010374,0.145074,0.332423,-0.042276,0.753608,2.582817,0.0
2010-12-26,0.267,0.267,0.241436,0.264962,0.0,0.155277,,,0.212918,0.165615,52.342032,0.047302,0.037791,0.009511,0.155277,0.345384,-0.034831,0.788483,2.448632,0.0
2011-01-02,0.264785,0.3,0.264785,0.29997,0.0,0.167019,,,0.22631,0.175568,56.301052,0.050743,0.040381,0.010361,0.167019,0.362342,-0.028303,0.840337,2.338922,0.0
2011-01-09,0.295,0.323,0.295,0.323,0.0,0.179873,,,0.241186,0.186488,58.729901,0.054697,0.043245,0.011453,0.179873,0.380652,-0.020906,0.85643,2.232455,0.0
2011-01-16,0.32659,0.39999,0.3176,0.38679,0.0,0.196012,,,0.263586,0.201326,64.599197,0.062261,0.047048,0.015213,0.196012,0.408493,-0.016468,0.94893,2.168031,0.0
2011-01-23,0.3495,0.4424,0.31299,0.4424,0.0,0.21505,,,0.291096,0.219183,68.76905,0.071913,0.052021,0.019892,0.21505,0.443586,-0.013487,0.997405,2.125429,0.0
2011-01-30,0.4199,0.477142,0.41,0.477142,0.0,0.235832,,,0.319719,0.238291,71.062335,0.081427,0.057902,0.023525,0.235832,0.479808,-0.008144,0.994537,2.069068,0.0
2011-02-06,0.525137,0.911671,0.525137,0.898,0.0,0.277597,,,0.408685,0.287158,85.220344,0.121527,0.070627,0.0509,0.277597,0.643992,-0.088798,1.346631,2.639765,0.0
2011-02-13,0.889421,1.078703,0.889421,1.05,0.0,0.326997,,,0.507349,0.343665,87.583218,0.163684,0.089238,0.074445,0.326997,0.811258,-0.157264,1.246501,2.961871,0.0
2011-02-20,1.070013,1.070013,0.865,0.865,0.0,0.367194,,,0.562372,0.382283,72.409716,0.180089,0.107409,0.072681,0.367194,0.88853,-0.154142,0.977433,2.83957,0.0
2011-02-27,0.835747,0.989095,0.835747,0.895033,0.0,0.407088,,,0.613551,0.420264,73.220818,0.193287,0.124584,0.068702,0.407088,0.960769,-0.146593,0.940637,2.720204,0.0
2011-03-06,0.860221,0.9399,0.860221,0.884771,0.0,0.446227,,,0.655277,0.454672,72.437202,0.200605,0.139788,0.060817,0.446227,1.018464,-0.126011,0.883184,2.564786,0.0
2011-03-13,0.877584,0.92067,0.86,0.89249,0.0,0.485101,,,0.691771,0.487103,72.674095,0.204668,0.152764,0.051904,0.485101,1.067596,-0.097395,0.849693,2.401544,0.0
2011-03-20,0.893925,0.893925,0.7415,0.7415,0.0,0.512551,,,0.699422,0.505947,61.533438,0.193475,0.160906,0.032568,0.512551,1.089015,-0.063914,0.698581,2.249397,0.0
2011-03-27,0.75897,0.88377,0.75897,0.822,0.0,0.536651,,,0.71828,0.529359,64.645237,0.188921,0.166509,0.022412,0.536651,1.122471,-0.04917,0.743547,2.183247,0.0
2011-04-03,0.794741,0.794741,0.77411,0.779,0.0,0.561649,,,0.727622,0.54785,61.7707,0.179771,0.169162,0.010609,0.561649,1.144023,-0.020726,0.686608,2.073804,0.0
2011-04-10,0.68,0.7538,0.68,0.733157,0.0,0.584469,,,0.728473,0.561577,58.770293,0.166896,0.168709,-0.001812,0.584469,1.156069,0.012869,0.630063,1.955964,0.0
2011-04-17,0.770114,1.098122,0.770114,1.098122,0.0,0.625807,,,0.785342,0.601321,70.892152,0.184021,0.171771,0.01225,0.625807,1.219988,0.031626,0.89745,1.898928,0.0
2011-04-24,1.149433,1.828852,1.142126,1.631984,0.0,0.697264,,,0.915595,0.677666,80.106033,0.237928,0.185003,0.052926,0.697264,1.403895,-0.009367,1.161392,2.026868,0.0
2011-05-01,1.564484,3.5,1.564484,3.094228,0.0,0.840982,,,1.250769,0.856671,89.711973,0.394098,0.226822,0.167276,0.840982,2.07395,-0.391985,1.413748,2.932208,0.0
2011-05-08,3.2,3.848668,3.2,3.848668,0.0,1.021411,,,1.650446,1.0783,91.888286,0.572146,0.295886,0.276259,1.021411,2.789748,-0.746926,1.299411,3.462538,0.0
2011-05-15,3.80409,8.139035,3.80409,6.924925,0.0,1.354409,,,2.461904,1.511384,95.794653,0.950521,0.426813,0.523707,1.354409,4.442987,-1.734169,1.401793,4.560777,0.0
2011-05-22,7.885141,7.885141,5.618096,6.711956,0.0,1.675008,,,3.115758,1.896611,92.474482,1.219147,0.58528,0.633867,1.675008,5.50208,-2.152063,1.158068,4.569615,0.0
2011-05-29,7.065257,8.782155,7.065257,8.400953,0.0,2.078906,,,3.928865,2.378414,94.19335,1.550451,0.778314,0.772137,2.078906,6.840841,-2.683029,1.163811,4.581193,0.0
2011-06-05,8.779342,18.312739,8.721576,16.543342,0.0,2.886734,,,5.869554,3.427668,97.343474,2.441886,1.111029,1.330857,2.886734,10.718529,-4.945062,1.37187,5.42606,0.0
2011-06-12,18.402099,29.029921,14.749747,18.850145,0.0,3.807121,,,7.866568,4.570074,97.720734,3.296494,1.548122,1.748372,3.807121,14.185931,-6.57169,1.224699,5.452315,0.0
2011-06-19,19.542329,19.542329,15.436369,17.510717,0.0,4.6588,,,9.350283,5.52864,89.75074,3.821643,2.002826,1.818817,4.6588,16.497644,-7.180045,1.042786,5.082358,0.0
2011-06-26,17.510717,17.510717,16.361342,16.361342,0.0,5.431967,2.296611,,10.428908,6.331062,83.460339,4.097845,2.42183,1.676015,5.431967,18.172778,-7.308844,0.928912,4.691049,0.0
2011-07-03,16.752286,16.961835,15.382844,15.457551,0.0,6.152344,2.604045,,11.202545,7.007099,78.784369,4.195446,2.776553,1.418893,6.152344,19.438225,-7.133537,0.850192,4.318965,0.0
2011-07-10,13.852797,14.797289,12.964818,14.622938,0.0,6.840241,2.895493,,11.728759,7.571235,74.626361,4.157524,3.052747,1.104777,6.840241,20.382058,-6.701576,0.787358,3.959456,0.0
2011-07-17,14.310155,14.310155,13.258135,13.258135,0.0,7.458396,3.159434,,11.964048,7.992487,68.280223,3.971561,3.23651,0.735051,7.458396,20.986926,-6.070134,0.714352,3.627732,0.0
2011-07-24,13.630521,13.992515,13.611808,13.992515,0.0,8.113783,3.438066,,12.27612,8.436933,69.769901,3.839186,3.357045,0.482141,8.113783,21.574817,-5.34725,0.718361,3.318066,0.0
2011-07-31,14.033425,14.033425,13.372906,13.372906,0.0,8.737804,3.704222,,12.444856,8.802561,66.914518,3.642295,3.414095,0.2282,8.737804,21.956884,-4.481276,0.675319,3.025721,0.0
2011-08-07,13.019114,13.019114,6.96417,8.501793,0.0,9.125819,3.872939,,11.838231,8.780282,49.695496,3.057949,3.342866,-0.284917,9.125819,21.828764,-3.577126,0.475438,2.783957,0.0
2011-08-14,7.775338,10.806821,7.775338,10.806821,0.0,9.62506,4.087796,,11.679553,8.930396,55.527434,2.749157,3.224124,-0.474968,9.62506,21.755284,-2.505164,0.548711,2.52055,0.0
2011-08-21,11.130697,11.85,10.9,11.7,2.587427,10.17111,4.320563,,11.682698,9.135552,57.57967,2.547147,3.088729,-0.541582,10.17111,21.623628,-1.281408,0.566749,2.25197,2.587427
2011-08-28,11.7,11.7,10.0,10.0,3.485154,10.634452,4.519333,,11.423822,9.199585,52.604028,2.224237,2.91583,-0.691594,10.634452,21.24069,0.028214,0.470091,1.994694,-0.897728
2011-09-04,10.0,10.0,5.25,8.89,245.440225,11.024046,4.695879,,11.034003,9.176653,49.59075,1.85735,2.704134,-0.846784,11.024046,20.735146,1.312946,0.390123,1.761803,-246.337953
2011-09-11,8.89,8.89,7.4,7.4,30.86,11.312447,4.842639,,10.474926,9.045049,45.798318,1.429877,2.449283,-1.019406,11.312447,20.198241,2.426653,0.279848,1.570976,-277.197953
2011-09-18,7.4,7.4,4.8,4.92,359.684968,11.403735,4.939817,,9.620322,8.73949,40.277205,0.880832,2.135593,-1.254761,11.403735,19.98213,2.825341,0.122089,1.504488,-636.882921
2011-09-25,4.9,6.05,4.9,6.05,294.175559,11.513802,5.058874,,9.071041,8.540268,43.612769,0.530773,1.814629,-1.283856,11.513802,19.751343,3.276261,0.16836,1.430898,-342.707362
2011-10-02,6.06,6.06,4.8,4.82,193.950789,11.408556,5.153234,,8.417035,8.264693,40.932904,0.152342,1.482171,-1.329829,11.408556,19.926925,2.890187,0.113274,1.49333,-536.658151
2011-10-09,4.85,6.25,3.89,3.89,619.301122,11.267458,5.228734,,7.720568,7.940641,38.98247,-0.220073,1.141723,-1.361796,11.267458,20.176841,2.358075,0.085973,1.581436,-1155.959273
2011-10-16,3.99,4.51,3.93,4.05,496.702804,11.04991,5.305884,,7.155865,7.652446,39.516441,-0.49658,0.814062,-1.310642,11.04991,20.428757,1.671064,0.126825,1.697543,-659.256469
2011-10-23,3.92,3.92,2.22,2.27,113.675673,10.336243,5.344484,,6.404194,7.253746,35.766501,-0.849552,0.481339,-1.330891,10.336243,20.098788,0.573698,0.086878,1.888993,-772.932142
2011-10-30,2.99,4.4,2.66,3.5,786.299989,9.568736,5.408903,,5.957395,6.975691,40.003352,-1.018296,0.181412,-1.199708,9.568736,18.938931,0.198541,0.176168,1.958502,13.367847
2011-11-06,3.25,3.55,2.95,2.95,531.752202,8.8407,5.462368,,5.494719,6.677491,38.771836,-1.182773,-0.091425,-1.091348,8.8407,17.886524,-0.205124,0.174397,2.046404,-518.384355
2011-11-13,2.95,3.35,2.95,3.35,325.713969,8.190133,5.523941,,5.164762,6.431011,40.213386,-1.266249,-0.32639,-0.939859,8.190133,16.841811,-0.461545,0.220278,2.112708,-192.670386
2011-11-20,2.95,3.0,2.37,2.37,451.689031,7.535755,5.567284,,4.734799,6.130195,37.861445,-1.395397,-0.540191,-0.855205,7.535755,15.863444,-0.791934,0.189845,2.21018,-644.359417
2011-11-27,2.45,15.0,2.25,2.77,818.042249,6.943109,5.618287,,4.432522,5.881292,39.418886,-1.44877,-0.721907,-0.726863,6.943109,14.845155,-0.958938,0.235948,2.276227,173.682833
2011-12-04,2.67,3.48,2.66,2.93,623.408056,6.426702,5.672085,,4.201365,5.662677,40.065982,-1.461313,-0.869788,-0.591525,6.426702,13.951377,-1.097973,0.267651,2.341691,797.090889
2011-12-11,2.82,3.5,2.82,3.27,942.462752,5.890576,5.732186,,4.058078,5.485442,41.496061,-1.427364,-0.981303,-0.446061,5.890576,12.67406,-0.892908,0.306841,2.303165,1739.553641
2011-12-18,3.37,3.6,3.25,3.5,437.132148,5.396931,5.796186,,3.97222,5.338372,42.495649,-1.366153,-1.058273,-0.30788,5.396931,11.311897,-0.518036,0.33965,2.191974,2176.685789
2011-12-25,3.5,4.75,3.5,4.27,459.812233,5.185341,5.875126,,4.018032,5.259234,45.832395,-1.241202,-1.094859,-0.146343,5.185341,10.94153,-0.570848,0.420491,2.220177,2636.498021
2012-01-01,4.27,5.0,4.21,5.0,360.581479,4.895,5.967391,,4.169104,5.240031,48.861981,-1.070927,-1.090073,0.019145,4.895,10.041181,-0.251181,0.510202,2.102628,2997.0795
2012-01-08,5.0,7.0,4.93,7.0,348.298975,4.66,6.098543,,4.604626,5.370399,56.10544,-0.765773,-1.025213,0.25944,4.66,8.889288,0.430712,0.776642,1.815145,3345.378476
2012-01-15,6.99,7.38,6.23,7.15,399.325314,4.5175,6.232,,4.996222,5.502221,56.601939,-0.505999,-0.92137,0.415371,4.5175,8.170246,0.864754,0.860345,1.617154,3744.70379
2012-01-22,6.2,7.1,5.52,6.79,731.836776,4.4125,6.34984,,5.272188,5.597612,54.994182,-0.325424,-0.802181,0.476756,4.4125,7.654036,1.170964,0.866724,1.469251,3012.867014
2012-01-29,6.5,6.86,3.8,5.5,393.194037,4.3175,6.43884,,5.307236,5.590382,49.5616,-0.283146,-0.698374,0.415228,4.3175,7.304632,1.330368,0.697932,1.383732,2619.672977
2012-02-05,5.3,6.5,3.8,5.6,659.760941,4.3515,6.53354,,5.352277,5.591094,49.974153,-0.238818,-0.606463,0.367645,4.3515,7.380475,1.322525,0.706093,1.392152,3279.433918
2012-02-12,5.6,5.9,5.2,5.67,605.41239,4.3325,6.629039,,5.401157,5.596939,50.28072,-0.195782,-0.524326,0.328544,4.3325,7.323145,1.341855,0.723614,1.380563,3884.846308
2012-02-19,5.53,5.8,4.14,4.38,1003.286546,4.3105,6.698944,,5.244056,5.506796,44.828634,-0.262739,-0.472009,0.20927,4.3105,7.292938,1.328062,0.511652,1.383802,2881.559762
2012-02-26,4.72,5.22,4.3,4.98,1662.84575,4.365,6.780694,,5.203432,5.467774,47.670813,-0.264342,-0.430476,0.166134,4.365,7.354538,1.375462,0.602859,1.369777,4544.405513
2012-03-04,4.97,5.1,4.6,4.81,1768.196571,4.403,6.862064,,5.142904,5.41905,46.93308,-0.276146,-0.39961,0.123464,4.403,7.394876,1.411124,0.568018,1.359017,2776.208942
2012-03-11,4.8,5.09,4.77,5.0,1931.061527,4.5395,6.945624,,5.120919,5.388009,47.903466,-0.26709,-0.373106,0.106016,4.5395,7.374661,1.704339,0.581212,1.249107,4707.270469
2012-03-18,4.85,5.44,4.85,5.25,3320.561543,4.627,7.035044,,5.140777,5.377786,49.219269,-0.237009,-0.345886,0.108878,4.627,7.436335,1.817665,0.61088,1.214323,8027.832012
2012-03-25,5.24,5.37,4.54,4.54,1700.831564,4.7065,7.111181,,5.04835,5.315728,45.689839,-0.267378,-0.330185,0.062807,4.7065,7.409486,2.003514,0.469201,1.148618,6327.000449
2012-04-01,4.6,4.97,4.54,4.89,1591.676465,4.7835,7.187018,,5.023989,5.284192,47.681516,-0.260204,-0.316188,0.055985,4.7835,7.414304,2.152696,0.520241,1.09995,7918.676914
2012-04-08,4.8,5.04,4.69,4.76,2971.013345,4.903,7.249579,,4.983375,5.245363,46.992192,-0.261988,-0.305348,0.04336,4.903,7.290284,2.515716,0.47005,0.973805,4947.663569
2012-04-15,4.7,5.01,4.7,4.99,3417.665116,5.014,7.287494,,4.984394,5.226448,48.413151,-0.242053,-0.292689,0.050636,5.014,7.191479,2.836521,0.494489,0.86856,8365.328685
2012-04-22,4.93,5.43,4.93,5.17,2986.454493,5.126,7.313921,,5.012949,5.222266,49.552896,-0.209317,-0.276015,0.066698,5.126,7.082399,3.169601,0.511245,0.763324,11351.783179
2012-04-29,5.2,5.25,4.81,4.91,6305.55444,5.208,7.273622,,4.997111,5.199135,47.906448,-0.202025,-0.261217,0.059192,5.208,6.974631,3.441369,0.415659,0.67843,5046.228738
2012-05-06,4.92,5.15,4.86,5.08,4888.391414,5.287,7.240983,,5.009863,5.190311,49.09736,-0.180448,-0.245063,0.064615,5.287,6.873141,3.700859,0.434747,0.600016,9934.620152
2012-05-13,5.05,5.08,4.87,4.94,3801.056734,5.3205,7.171764,,4.999115,5.171769,48.121696,-0.172654,-0.230581,0.057927,5.3205,6.846468,3.794532,0.375325,0.573618,6133.563419
2012-05-20,4.93,5.08,4.88,5.03,3215.903507,5.322,6.941497,,5.003866,5.161268,48.825729,-0.157401,-0.215945,0.058544,5.322,6.846764,3.797236,0.404247,0.573004,9349.466925
2012-05-27,5.04,5.12,5.0,5.07,4072.162541,5.2255,6.665894,,5.014041,5.154507,49.155983,-0.140466,-0.20085,0.060383,5.2255,6.543536,3.907464,0.441011,0.504463,13421.629467
2012-06-03,5.08,5.24,4.95,5.19,4053.673683,5.1275,6.41948,,5.041111,5.157136,50.194423,-0.116025,-0.183885,0.06786,5.1275,6.106436,4.148564,0.531922,0.381837,17475.303149
2012-06-10,5.18,5.63,5.14,5.42,6494.091009,5.059,6.200653,,5.099402,5.176608,52.209157,-0.077206,-0.162549,0.085343,5.059,5.694512,4.423488,0.784023,0.25124,23969.394158
2012-06-17,5.48,6.52,5.4,6.19,18400.563383,5.0935,6.015302,,5.267186,5.251674,58.291998,0.015513,-0.126937,0.142449,5.0935,5.878389,4.308611,1.198506,0.308192,42369.957542
2012-06-24,6.13,6.69,5.98,6.4,9128.449153,5.1335,5.850843,,5.441465,5.336735,59.794986,0.10473,-0.080603,0.185334,5.1335,6.082042,4.184958,1.167604,0.36955,51498.406695
2012-07-01,6.35,6.68,5.99,6.52,29015.806457,5.176,5.716081,,5.607394,5.424384,60.667228,0.18301,-0.027881,0.21089,5.176,6.280272,4.071728,1.108546,0.426689,80514.213152
2012-07-08,6.55,6.8,6.36,6.73,11051.753199,5.2935,5.57083,,5.780102,5.521096,62.212236,0.259006,0.029497,0.229509,5.2935,6.526566,4.060434,1.082491,0.465879,91565.966351
2012-07-15,6.77,7.69,6.55,7.57,8568.651906,5.423,5.454772,,6.055471,5.672867,67.680889,0.382604,0.100118,0.282486,5.423,6.994688,3.851312,1.183023,0.579638,100134.618257
2012-07-22,7.57,9.2,7.14,8.42,17708.520846,5.6035,5.453136,,6.419245,5.876358,72.083536,0.542886,0.188672,0.354215,5.6035,7.618725,3.588275,1.198805,0.719274,117843.139103
2012-07-29,8.42,9.0,8.1,8.71,9294.691897,5.789,5.4112,,6.771669,6.086258,73.414199,0.685411,0.28802,0.397391,5.789,8.193312,3.384688,1.10745,0.830648,127137.831001
2012-08-05,8.7,12.0,8.54,10.71,13338.898311,6.062,5.3914,,7.377566,6.428757,80.36524,0.948809,0.420177,0.528631,6.062,9.266332,2.857668,1.225268,1.057186,140476.729311
2012-08-12,10.71,12.49,10.43,11.49,12039.891636,6.4095,5.4212,,8.010248,6.803664,82.308029,1.206584,0.577459,0.629125,6.4095,10.31002,2.50898,1.151259,1.217106,152516.620947
2012-08-19,11.42,16.41,7.1,8.06,21354.053596,6.568,5.4046,,8.017902,6.896726,56.045977,1.121176,0.686202,0.434974,6.568,10.466285,2.669715,0.691366,1.187054,131162.567351
2012-08-26,8.09,10.71,7.86,10.31,23835.233316,6.8455,5.4628,,8.370533,7.149561,64.130962,1.220972,0.793156,0.427815,6.8455,10.972889,2.718111,0.919696,1.205869,154997.800667
2012-09-02,10.31,11.93,9.49,10.18,18457.402894,7.105,5.568,,8.648912,7.374038,63.405272,1.274874,0.8895,0.385374,7.105,11.382988,2.827012,0.859398,1.204219,136540.397774
2012-09-09,10.17,11.15,9.95,10.98,12905.956309,7.3955,5.6666,,9.007541,7.641146,65.95814,1.366395,0.984879,0.381516,7.3955,11.891932,2.899068,0.898594,1.215991,149446.354083
2012-09-16,10.85,11.8,10.38,11.75,15850.187364,7.7375,5.8052,,9.429458,7.945506,68.253699,1.483952,1.084693,0.399259,7.7375,12.460511,3.014489,0.924782,1.220811,165296.541447
2012-09-23,11.75,12.66,11.58,11.99,10337.375965,8.083,5.9672,,9.823387,8.245098,68.956371,1.578289,1.183413,0.394877,8.083,12.985412,3.180588,0.898477,1.213018,175633.917412
2012-09-30,11.99,12.38,11.53,12.22,14524.891146,8.447,6.1306,,10.192097,8.539535,69.649676,1.652562,1.277242,0.375319,8.447,13.44209,3.45191,0.877671,1.18269,190158.808558
2012-10-07,12.21,12.99,11.5,11.71,26309.512186,8.781,6.3194,,10.425621,8.774384,66.123263,1.651236,1.352041,0.299195,8.781,13.710397,3.851603,0.797095,1.122742,163849.296372
2012-10-14,11.7,12.26,10.42,11.79,11098.025896,9.117,6.4852,,10.635525,8.997763,66.410554,1.637762,1.409185,0.228576,9.117,13.9028,4.3312,0.779264,1.049863,174947.322269
2012-10-21,11.78,11.97,11.03,11.32,21631.219345,9.4235,6.6526,,10.740829,9.169781,63.028731,1.571048,1.441558,0.12949,9.4235,13.94174,4.90526,0.709872,0.95893,153316.102924
2012-10-28,11.54,11.7,9.5,10.54,16234.388973,9.6795,6.7964,,10.709932,9.271279,57.770925,1.438654,1.440977,-0.002323,9.6795,13.826313,5.532687,0.603754,0.856824,137081.713951
2012-11-04,10.67,11.05,10.32,10.64,16281.443763,9.902,6.9618,,10.699173,9.372665,58.251758,1.326508,1.418083,-0.091575,9.902,13.742211,6.061789,0.596088,0.775644,153363.157714
2012-11-11,10.63,10.87,10.25,10.82,19906.275638,10.123,7.1228,,10.717762,9.479875,59.153322,1.237887,1.382044,-0.144157,10.123,13.625514,6.620486,0.5995,0.691991,173269.433352
2012-11-18,10.78,11.65,10.72,11.51,16382.41361,10.3725,7.2944,,10.839645,9.630255,62.496726,1.20939,1.347513,-0.138123,10.3725,13.504119,7.240881,0.681615,0.603831,189651.846963
2012-11-25,11.51,12.35,11.03,12.31,24786.240682,10.6515,7.4752,,11.065853,9.828755,65.974216,1.237099,1.32543,-0.088331,10.6515,13.40702,7.89598,0.800941,0.517396,214438.087645
2012-12-02,12.32,12.74,11.75,12.42,23874.8406,10.894,7.6536,,11.274184,10.020699,66.435077,1.253485,1.311041,-0.057556,10.894,13.360588,8.427412,0.809334,0.452834,238312.928245
2012-12-09,12.46,13.59,12.32,13.29,23522.210856,11.1375,7.834,,11.584309,10.262869,69.906772,1.32144,1.313121,0.008319,11.1375,13.539773,8.735227,0.948013,0.431385,261835.139101
2012-12-16,13.3,13.94,13.03,13.27,26969.972285,11.3655,7.9994,,11.843646,10.48562,69.728222,1.358027,1.322102,0.035925,11.3655,13.666356,9.064644,0.913868,0.404884,234865.166815
2012-12-23,13.28,13.62,12.75,13.14,21438.130936,11.487,8.1222,,12.043085,10.68224,68.503461,1.360845,1.329851,0.030994,11.487,13.890898,9.083102,0.843817,0.418542,213427.035879
2012-12-30,13.11,13.29,12.91,13.2,13715.911516,11.5725,8.2432,,12.221072,10.868741,68.776059,1.352331,1.334347,0.017984,11.5725,14.089712,9.055288,0.823274,0.435033,227142.947395
2013-01-06,13.2,13.29,12.77,13.15,13537.888243,11.827,8.3704,,12.363984,11.037723,68.24598,1.326261,1.33273,-0.006469,11.827,13.853683,9.800317,0.826395,0.342721,213605.059151
2013-01-13,13.1,14.19,13.04,13.64,24610.937336,11.9935,8.5332,,12.560294,11.230484,70.634615,1.32981,1.332146,-0.002336,11.9935,14.04135,9.94565,0.902007,0.341493,238215.996487
2013-01-20,13.65,15.7,13.5,15.5,30110.802207,12.2595,8.7312,,13.012557,11.546745,77.540906,1.465812,1.358879,0.106933,12.2595,14.649483,9.869517,1.177934,0.389899,268326.798695
2013-01-27,15.62,19.2,15.45,17.6,39402.744576,12.5905,8.9698,,13.718317,11.995134,82.535108,1.723183,1.43174,0.291443,12.5905,15.854016,9.326984,1.2675,0.518409,307729.543271
2013-02-03,17.6,21.0,17.48,20.29,28952.758758,13.0175,9.288,,14.729345,12.609569,86.634914,2.119777,1.569347,0.55043,13.0175,17.668994,8.366006,1.281738,0.714652,336682.302029
2013-02-10,20.55,23.8,19.9,23.7,24562.651703,13.603,9.6624,,16.109446,13.431082,89.878521,2.678364,1.79115,0.887213,13.603,20.151066,7.054934,1.270991,0.962738,361244.953731
2013-02-17,23.74,27.58,22.42,26.98,41408.258161,14.341,10.1058,,17.781839,14.434706,91.911858,3.347133,2.102347,1.244786,14.341,23.064811,5.617189,1.224397,1.216625,402653.211892
2013-02-24,26.81,31.49,26.29,29.78,31691.927009,15.2445,10.6014,,19.62771,15.571394,93.172755,4.056316,2.493141,1.563175,15.2445,26.159065,4.329935,1.165876,1.431935,434345.138902
2013-03-03,29.79,34.77,29.78,34.33,23463.793214,16.3715,11.183,,21.889601,16.96092,94.636108,4.92868,2.980249,1.948432,16.3715,29.955011,2.787989,1.16104,1.659409,457808.932115
2013-03-10,34.33,49.17,33.0,45.29,48669.014961,18.07,11.998,,25.489662,19.059371,96.552804,6.430291,3.670257,2.760034,18.07,36.376408,-0.236408,1.243456,2.026166,506477.947076
2013-03-17,45.97,48.38,36.0,47.24,24490.883437,19.905,12.845,,28.835868,21.146825,96.7737,7.689043,4.474014,3.215029,19.905,41.825156,-2.015156,1.123513,2.202477,530968.830514
2013-03-24,47.24,76.91,46.98,70.22,55821.953479,22.884,14.1542,,35.202657,24.781875,98.220703,10.420783,5.663368,4.757415,22.884,53.447823,-7.679823,1.27438,2.671196,586790.783993
2013-03-31,70.22,97.0,69.25,96.15,41304.941764,27.1505,15.9774,,44.579172,30.068403,98.848356,14.510769,7.432848,7.077921,27.1505,70.806067,-16.505067,1.290271,3.21582,628095.725757
2013-04-07,95.5,165.1,93.7,164.97,53052.653195,34.8235,19.1734,,63.100838,40.061114,99.426544,23.039724,10.554223,12.485501,34.8235,108.445689,-38.798689,1.383881,4.228305,681148.378951
2013-04-14,164.97,259.34,45.0,91.11,134422.532394,38.7635,20.8974,,67.40994,43.842513,62.917457,23.567427,13.156864,10.410563,38.7635,115.512407,-37.985407,0.841024,3.959854,546725.846557
2013-04-21,91.79,140.2,49.8,118.81,152828.455914,44.083,23.172,,75.317641,49.39566,67.706693,25.921981,15.709888,10.212094,44.083,127.26893,-39.10293,0.949156,3.774059,699554.302471
2013-04-28,118.91,170.28,116.0,135.28,80377.883731,50.1825,25.7788,,84.542619,55.757463,70.173303,28.785157,18.324941,10.460215,50.1825,140.983492,-40.618492,0.968593,3.618831,779932.186202
2013-05-05,135.31,151.65,81.5,116.57,113588.429345,55.3475,28.0096,,89.469909,60.262095,64.176386,29.207814,20.501516,8.706298,55.3475,148.873243,-38.178243,0.827303,3.379583,666343.756857
2013-05-12,116.9,123.97,98.77,114.5,65719.400439,60.4155,30.1982,,93.320692,64.279718,63.529522,29.040974,22.209408,6.831567,60.4155,155.219694,-34.388694,0.785243,3.138406,600624.356418
2013-05-19,115.05,118.98,101.72,116.38,52390.28226,65.5745,32.422,,96.868278,68.138998,63.885555,28.72928,23.513382,5.215898,65.5745,160.768609,-29.619609,0.766852,2.903388,653014.638678
2013-05-26,117.27,130.29,114.03,129.5,47942.31669,71.392,34.9036,,101.888543,72.684257,66.354106,29.204286,24.651563,4.552723,71.392,167.278253,-24.494253,0.803005,2.68619,700956.955368
2013-06-02,130.27,131.0,117.02,123.0,57044.327661,76.86,37.2398,,105.136459,76.411349,64.019375,28.72511,25.466272,3.258838,76.86,171.412609,-17.692609,0.743991,2.460385,643912.627707
2013-06-09,123.35,125.01,90.0,100.17,80547.138163,81.0935,39.1152,,104.372389,78.171249,56.499802,26.201139,25.613246,0.587894,81.0935,171.780693,-9.593693,0.605177,2.236608,563365.489544
2013-06-16,100.17,111.18,93.1,99.37,52462.367154,85.182,40.9722,,103.60279,79.741527,56.250471,23.861263,25.262849,-1.401586,85.182,171.308796,-0.944796,0.582367,2.022183,510903.12239
2013-06-23,98.74,108.18,90.0,100.41,47891.951804,89.188,42.8458,,103.111592,81.272525,56.519102,21.839067,24.578093,-2.739026,89.188,170.168348,8.207652,0.569288,1.815947,558795.074194
2013-06-30,100.4,102.3,86.2,89.53,50196.392539,92.4795,44.485,,101.022116,81.88419,52.862239,19.137926,23.490059,-4.352133,92.4795,167.690993,17.268007,0.480392,1.626555,508598.681655
2013-07-07,89.41,90.16,63.0,73.96,133259.024378,94.8285,45.7958,,96.858714,81.297213,48.069062,15.561501,21.904348,-6.342847,94.8285,164.436366,25.220634,0.3501,1.468079,375339.657277
2013-07-14,73.97,100.0,70.1,90.03,122433.146299,97.841,47.4222,,95.808142,81.944086,52.823663,13.864056,20.296289,-6.432233,97.841,160.827491,34.854509,0.437995,1.287528,497772.803576
2013-07-21,90.02,95.0,77.0,85.93,67216.964928,100.421,48.9266,,94.288428,82.239339,51.527442,12.049089,18.646849,-6.59776,100.421,156.655485,44.186515,0.371156,1.119975,430555.838647
2013-07-28,85.73,94.01,82.0,92.71,58309.912009,102.792,50.551,,94.045593,83.014943,53.557,11.03065,17.123609,-6.09296,102.792,153.228468,52.355532,0.400052,0.981331,488865.750656
2013-08-04,92.72,101.0,90.54,96.38,69876.444046,105.249,52.3174,,94.404733,84.004948,54.663557,10.399785,15.778844,-5.37906,105.249,148.960642,61.537358,0.398551,0.830633,558742.194702
2013-08-11,96.38,98.98,90.0,94.09,58687.164487,106.4425,53.993,,94.356312,84.751989,53.802152,9.604324,14.54394,-4.939617,106.4425,147.485263,65.399737,0.349517,0.771172,500055.030215
2013-08-18,94.0,101.0,93.31,99.3,65172.347874,106.6,55.7754,,95.11688,85.829619,55.51953,9.28726,13.492604,-4.205344,106.6,147.507519,65.692481,0.410774,0.767496,565227.378089
2013-08-25,99.32,114.0,99.0,113.12,91039.239064,104.0075,57.8182,,97.88659,87.851129,59.789623,10.035462,12.801176,-2.765714,104.0075,135.21057,72.80443,0.646019,0.600016,656266.617153
2013-09-01,113.12,134.95,110.27,130.66,95129.877954,105.985,60.1964,,102.928653,91.022156,64.453727,11.906497,12.62224,-0.715743,105.985,138.646776,73.323224,0.877735,0.616347,751396.495107
2013-09-08,130.65,132.0,115.21,118.34,93518.75049,105.9615,62.3234,,105.29963,93.0457,59.254737,12.25393,12.548578,-0.294648,105.9615,138.586988,73.336012,0.689706,0.615799,657877.744617
2013-09-15,118.37,128.79,115.0,125.36,88454.73604,105.4655,64.5862,,108.385841,95.439352,61.176402,12.946489,12.62816,0.318328,105.4655,136.558649,74.372351,0.819918,0.589636,746332.480656
2013-09-22,125.36,128.0,121.16,123.27,57728.284035,105.8005,66.8174,,110.675711,97.500882,60.265104,13.17483,12.737494,0.437336,105.8005,137.503387,74.097613,0.775519,0.599296,688604.196622
2013-09-29,123.27,128.8,121.54,127.01,58941.104993,106.426,69.1218,,113.188679,99.686742,61.373939,13.501937,12.890383,0.611554,106.426,139.264093,73.587907,0.813416,0.617107,747545.301615
2013-10-06,127.0,127.93,85.0,122.49,125860.065822,106.7315,71.3452,,114.619651,101.375872,59.222959,13.243779,12.961062,0.282717,106.7315,140.044576,73.418424,0.736521,0.624241,621685.235792
2013-10-13,122.49,133.0,120.11,132.82,83396.541563,106.8975,73.7908,,117.419705,103.705067,62.460996,13.714638,13.111777,0.602861,106.8975,140.69235,73.10265,0.883527,0.632285,705081.777355
2013-10-20,132.83,172.0,132.0,166.59,153229.867979,109.077,76.9098,,124.984366,108.36321,70.662664,16.621155,13.813653,2.807503,109.077,151.312907,66.841093,1.180854,0.774424,858311.645334
2013-10-27,166.6,206.6,156.2,194.0,207412.159486,113.7685,80.5734,,135.602156,114.706676,75.367009,20.895479,15.230018,5.665461,113.7685,169.646469,57.890531,1.217917,0.98231,1065723.80482
2013-11-03,194.99,210.0,190.8,210.0,91019.680088,119.3,84.5432,,147.047978,121.765441,77.622711,25.282537,17.240522,8.042015,119.3,188.658448,49.941552,1.15385,1.162757,1156743.484908
2013-11-10,210.0,363.65,207.22,323.0,312360.82555,130.4295,90.757,,174.11752,136.671704,86.809564,37.445815,21.281581,16.164235,130.4295,242.422816,18.436184,1.359741,1.7173,1469104.310458
2013-11-17,323.0,480.0,310.1,477.38,193318.200572,149.822,100.0562,,220.773286,161.909356,91.776677,58.86393,28.79805,30.065879,149.822,336.312221,-36.668221,1.378218,2.48949,1662422.51103
2013-11-24,478.1,874.81,378.0,800.05,282676.944002,186.1265,115.7914,,309.89278,209.179033,95.549215,100.713747,43.18119,57.532557,186.1265,522.154501,-149.901501,1.413501,3.610749,1945099.455032
2013-12-01,800.01,1163.0,770.1,955.0,216384.454062,229.375,134.626,,409.140045,264.425031,96.402676,144.715014,63.487955,81.227059,229.375,700.352145,-241.602145,1.27034,4.106613,2161483.909095
2013-12-08,955.0,1153.27,542.38,787.0,273786.651995,264.4285,150.1032,,467.272346,303.134288,78.766949,164.138058,83.617975,80.520083,264.4285,788.812247,-259.955247,0.998272,3.966167,1887697.257099
2013-12-15,787.0,989.6,766.66,862.0,130718.12835,302.893,167.0792,,527.999677,344.531748,80.48345,183.467929,103.587966,79.879963,302.893,881.322887,-275.536887,0.983297,3.819368,2018415.385449
2013-12-22,861.98,864.0,382.21,612.66,373496.165643,328.707,179.0694,,541.024342,364.3931,62.417741,176.631242,118.196621,58.434621,328.707,914.008015,-256.594015,0.74257,3.561232,1644919.219805
2013-12-29,612.66,764.32,607.77,728.0,98345.775703,360.4025,193.3566,,569.789828,391.326944,66.197546,178.462884,130.249874,48.21301,360.4025,959.932993,-239.127993,0.806571,3.327005,1743264.995508
2014-01-05,728.01,948.0,709.0,905.0,87487.721728,400.6875,211.1466,,621.360624,429.3768,71.015192,191.983823,142.596664,49.38716,400.6875,1032.057179,-230.682179,0.89938,3.151432,1830752.717236
2014-01-12,905.0,995.0,765.0,844.05,152734.682842,437.234,227.6756,,655.620528,460.093334,67.450227,195.527194,153.18277,42.344424,437.234,1082.261234,-207.793234,0.815348,2.95049,1678018.034394
2014-01-19,844.04,850.26,765.0,842.07,80598.950771,472.8045,244.1112,,684.305062,488.387902,67.331977,195.91716,161.729648,34.187513,472.8045,1124.709405,-179.100405,0.78322,2.757609,1597419.083623
2014-01-26,841.5,845.0,767.02,814.75,64526.763455,507.625,259.9322,,704.373514,512.562872,65.62247,191.810642,167.745847,24.064795,507.625,1154.453002,-139.203002,0.737409,2.548448,1532892.320168
2014-02-02,814.67,827.38,725.0,814.99,85507.029167,542.1065,275.6924,,721.391435,534.964881,65.630726,186.426554,171.481988,14.944565,542.1065,1177.165483,-92.952483,0.714849,2.342931,1618399.349335
2014-02-09,814.94,815.0,619.0,687.37,136581.251709,570.3115,288.8442,,716.157368,546.254149,57.696541,169.903219,171.166234,-1.263016,570.3115,1177.973674,-37.350674,0.596319,2.130983,1481818.097626
2014-02-16,688.0,720.0,530.0,621.0,271118.931589,595.011,300.5776,,701.517773,551.790879,54.037809,149.726894,166.878366,-17.151472,595.011,1167.744514,22.277486,0.522689,1.925119,1210699.166037
2014-02-23,621.0,664.99,530.01,610.09,149388.739173,619.391,311.8736,,687.451962,556.109332,53.437923,131.342629,159.771219,-28.42859,619.391,1149.51966,89.26234,0.491228,1.711774,1061310.426864
2014-03-02,609.9,629.0,400.0,566.24,277137.436619,641.062,322.2536,,668.803968,556.859752,50.987918,111.944215,150.205818,-38.261603,641.062,1123.112418,159.011582,0.422392,1.503912,784172.990244
2014-03-09,565.38,710.0,562.02,640.0,156340.371215,664.7325,333.6492,,664.372588,563.018289,54.746353,101.354299,140.435514,-39.081215,664.7325,1094.973043,234.491957,0.471257,1.294477,940513.361459
2014-03-16,638.4,656.95,609.0,634.99,56162.016063,686.782,344.426,,659.85219,568.349527,54.44098,91.502663,130.648944,-39.146281,686.782,1059.637614,313.926386,0.430547,1.085805,884351.345396
2014-03-23,634.99,634.99,541.0,561.0,84190.690366,704.332,352.3466,,644.644161,567.805118,50.004812,76.839043,119.886964,-43.047921,704.332,1013.34544,395.31856,0.268081,0.877465,800160.65503
2014-03-30,558.22,592.6,436.0,460.0,155141.420309,711.182,359.7244,,616.237367,559.819553,44.655587,56.417813,107.193134,-50.77532,711.182,990.750279,431.613721,0.050768,0.786207,645019.234722
2014-04-06,460.0,509.98,416.11,456.27,132765.578661,710.1265,366.4736,,591.627003,552.149216,44.466403,39.477787,93.650064,-54.172278,710.1265,993.353117,426.899883,0.051849,0.797679,512253.656061
2014-04-13,459.97,464.19,339.79,416.3,134935.801678,690.939,372.094,,564.653618,542.086311,42.393784,22.567306,79.433513,-56.866206,690.939,998.175442,383.702558,0.053049,0.88933,377317.854383
2014-04-20,416.29,548.0,408.0,500.0,144236.077198,668.189,379.7626,,554.706907,538.968807,47.87309,15.738101,66.69443,-50.95633,668.189,960.883174,375.494826,0.212688,0.876082,521553.931581
2014-04-27,501.07,515.0,429.95,430.0,82088.733956,650.339,386.0726,,535.521229,530.897043,44.095556,4.624186,54.280381,-49.656195,650.339,955.165145,345.512855,0.138583,0.937438,439465.197624
2014-05-04,430.0,465.88,424.0,438.04,73296.949436,629.141,392.5058,,520.524117,524.018744,44.635922,-3.494627,42.72538,-46.220006,629.141,931.094068,327.187932,0.183558,0.95989,512762.14706
2014-05-11,435.88,459.24,420.27,440.0,57080.464219,620.508,398.7158,110.529166,508.135791,517.795133,44.776059,-9.659342,32.248435,-41.907777,620.508,933.522503,307.493497,0.211662,1.008898,569842.611279
2014-05-18,437.67,452.67,430.61,446.91,30908.480859,606.4535,405.194,112.763287,498.716439,512.544382,45.30172,-13.827944,23.03316,-36.861103,606.4535,924.107888,288.799112,0.248873,1.04758,600751.092138
2014-05-25,446.91,586.34,441.44,573.9,102415.188009,589.8985,414.6686,115.632534,510.28314,517.089243,53.972729,-6.806102,17.065307,-23.87141,589.8985,876.593428,303.203572,0.472098,0.972014,703166.280147
2014-06-01,573.5,683.26,550.22,630.99,104879.477639,579.2455,425.301,118.787179,528.853427,525.526336,57.253471,3.32709,14.317664,-10.990573,579.2455,842.226757,316.264243,0.598381,0.908013,808045.757786
2014-06-08,630.99,680.99,613.03,658.0,76562.804688,570.042,436.4528,122.076874,548.72213,535.3392,58.75148,13.38293,14.130717,-0.747787,570.042,807.203199,332.880801,0.685439,0.832083,884608.562475
2014-06-15,658.0,659.0,538.38,588.55,92006.257786,558.732,446.4332,125.019299,554.849495,539.280741,53.5546,15.568754,14.418324,1.150429,558.732,768.078312,349.385688,0.571217,0.749362,792602.304689
2014-06-22,592.0,616.0,580.0,600.34,42255.339624,547.9995,456.9608,128.020669,561.848034,543.803649,54.293738,18.044385,15.143537,2.900849,547.9995,722.864433,373.134567,0.64966,0.638194,834857.644313
2014-06-29,600.34,604.21,554.45,599.89,39227.778827,543.6255,467.158,131.019799,567.700644,547.958193,54.258246,19.742451,16.063319,3.679131,543.6255,708.412984,378.838016,0.670718,0.606254,795629.865486
2014-07-06,599.86,658.88,595.51,630.57,49193.900142,544.104,478.0508,134.172341,577.372853,554.077587,56.353145,23.295266,17.509709,5.785557,544.104,709.840253,378.367747,0.760854,0.609208,844823.765627
2014-07-13,633.87,642.57,607.9,630.88,32471.301135,545.1435,488.8142,137.326433,585.604722,559.766654,56.374886,25.838067,19.175381,6.662687,545.1435,712.77216,377.51484,0.755733,0.614989,877295.066762
2014-07-20,630.88,632.96,610.0,627.0,26031.771327,548.1815,499.4266,140.46112,591.973226,564.746902,55.99891,27.226324,20.785569,6.440755,548.1815,719.393458,376.969542,0.730178,0.624654,851263.295435
2014-07-27,626.98,628.0,589.0,590.3,33850.045824,545.6965,509.3508,143.41231,591.715807,566.639724,52.436637,25.076082,21.643672,3.432411,545.6965,712.901464,378.491536,0.63338,0.612813,817413.249611
2014-08-03,592.61,607.2,555.9,588.91,52778.429979,543.3925,519.143,146.356554,591.284144,568.289374,52.300933,22.99477,21.913891,1.080878,543.3925,706.83999,379.94501,0.639242,0.601582,764634.819632
2014-08-10,588.96,597.0,576.44,590.96,33386.015368,544.8905,528.6998,149.310869,591.234276,569.96868,52.496191,21.265596,21.784232,-0.518636,544.8905,709.501054,380.279946,0.639935,0.604197,798020.835001
2014-08-17,590.98,590.99,481.55,496.86,103453.228559,546.7335,536.0238,151.794659,576.715156,564.553222,43.661064,12.161934,19.859773,-7.697838,546.7335,708.298206,385.168794,0.345655,0.591018,694567.606442
2014-08-24,498.0,534.14,442.0,507.85,109656.14434,549.3125,543.814,154.333334,566.120517,560.352983,44.82892,5.767534,17.041325,-11.273791,549.3125,706.609053,392.015947,0.368203,0.572703,804223.750782
2014-08-31,507.84,523.09,473.33,479.04,50340.908862,552.4495,550.8876,156.727571,552.723514,554.329799,42.35053,-1.606285,13.311803,-14.918088,552.4495,701.285055,403.613945,0.253387,0.53882,753882.84192
2014-09-07,479.01,497.0,470.42,475.43,42803.755707,551.221,557.9308,159.103021,540.832204,548.48537,42.036919,-7.653165,9.118809,-16.771975,551.221,702.158723,400.283277,0.248933,0.547649,711079.086214
2014-09-14,477.4,492.0,456.3,475.49,58946.76765,553.4955,564.9004,161.479076,530.779558,543.078305,42.044601,-12.298748,4.835298,-17.134046,553.4955,698.304455,408.686545,0.230661,0.523253,770025.853864
2014-09-21,475.47,479.62,378.78,399.55,110544.229495,551.571,570.4416,163.475442,510.590395,532.446579,35.611786,-21.856184,-0.502999,-21.353186,551.571,703.322994,399.819006,-0.000886,0.550254,659481.624369
2014-09-28,400.77,452.67,368.9,375.35,98493.861125,548.3385,575.2922,165.350835,489.78418,520.809795,33.835189,-31.025615,-6.607522,-24.418093,548.3385,711.764391,384.912609,-0.029257,0.596077,560987.763244
2014-10-05,375.35,397.75,275.0,323.52,168885.412727,542.169,578.4308,166.967421,464.205076,506.195737,30.343675,-41.990661,-13.68415,-28.306511,542.169,728.198284,356.139716,-0.087674,0.686241,392102.350517
2014-10-12,322.82,395.55,295.89,378.11,213698.649348,532.3795,582.113,168.856872,450.959679,496.707904,37.642463,-45.748225,-20.096965,-25.65126,532.3795,730.887074,333.871926,0.111427,0.745737,605800.999866
2014-10-19,378.48,417.99,368.07,387.53,113655.14005,520.2065,585.6636,170.793321,441.201267,488.620652,38.833503,-47.419385,-25.561449,-21.857936,520.2065,722.849039,317.563961,0.172634,0.779085,719456.139915
2014-10-26,389.06,393.55,341.22,355.18,84061.371263,505.0655,586.3072,172.567896,427.967226,478.736159,36.271327,-50.768933,-30.602946,-20.165988,505.0655,709.507029,300.623971,0.133427,0.809564,635394.768652
2014-11-02,355.19,359.5,316.61,324.36,74752.359759,491.856,583.2468,174.188197,412.027653,467.300888,33.971675,-55.273235,-35.537004,-19.736232,491.856,706.880041,276.831959,0.110518,0.874337,560642.408893
2014-11-09,324.23,366.35,320.0,364.77,76192.864387,480.0775,574.5412,176.010432,404.757245,459.706008,39.397092,-54.948763,-39.419355,-15.529407,480.0775,695.847796,264.307204,0.2328,0.898898,636835.27328
2014-11-16,365.37,453.92,357.3,389.86,166667.382257,469.576,563.2384,177.957798,402.465361,454.532229,42.553292,-52.066868,-41.948858,-10.11801,469.576,681.407365,257.744635,0.311841,0.902224,803502.655538
2014-11-23,389.86,415.0,342.05,367.17,94807.002146,456.406,554.8418,179.791436,397.035305,448.060953,40.499128,-51.025648,-43.764216,-7.261432,456.406,659.118396,253.693604,0.279895,0.888299,708695.653392
2014-11-30,367.17,395.11,358.0,377.01,78605.313719,443.7125,545.142,181.6741,393.954489,442.797919,41.81099,-48.84343,-44.780059,-4.063371,443.7125,632.445977,254.979023,0.323289,0.850702,787300.967111
2014-12-07,376.09,383.0,360.0,377.26,47756.020166,431.2255,540.434,183.55591,391.386106,437.943259,41.846071,-46.557153,-45.135478,-1.421675,431.2255,601.991276,260.459724,0.34199,0.792002,835056.987276
2014-12-14,376.03,377.26,339.8,356.52,72958.55284,419.5365,533.0044,185.33326,386.02209,431.911906,39.707337,-45.889816,-45.286345,-0.603471,419.5365,576.60229,262.47071,0.299395,0.748759,762098.434437
2014-12-21,357.3,357.3,304.99,320.01,104504.409639,406.0915,521.3046,186.928985,375.866384,423.622876,36.199845,-47.756492,-45.780375,-1.976118,406.0915,548.183789,263.999211,0.197093,0.699804,657594.024798
2014-12-28,320.88,338.99,311.22,317.64,48480.540422,392.4255,510.7764,188.51271,366.908479,415.772293,35.977678,-48.863814,-46.397063,-2.466752,392.4255,511.474404,273.376596,0.185904,0.606734,609113.484376
2015-01-04,317.64,321.0,255.0,264.0,91903.202734,380.7825,499.215,189.828286,351.076405,404.529901,31.296132,-53.453496,-47.808349,-5.645147,380.7825,502.22266,259.34234,0.019177,0.637845,517210.281641
2015-01-11,264.55,305.0,262.08,266.39,61650.247486,368.7095,488.2478,191.155773,338.047727,394.297315,31.722444,-56.249588,-49.496597,-6.752991,368.7095,485.125058,252.293942,0.060542,0.631476,578860.529127
2015-01-18,266.34,272.43,152.4,211.85,350762.132392,355.35,476.185,192.211316,318.632692,380.782699,27.525075,-62.150007,-52.027279,-10.122728,355.35,479.144563,231.555437,-0.079589,0.696747,228098.396735
2015-01-25,211.8,257.0,201.98,255.31,133555.599212,344.344,467.5438,193.483756,308.89074,371.488425,34.915163,-62.597686,-54.14136,-8.456325,344.344,462.489354,226.198646,0.123201,0.686205,361653.995948
2015-02-01,254.67,309.9,208.48,226.93,189325.312632,331.916,459.6624,194.614511,296.281395,360.780394,32.578981,-64.498999,-56.212888,-8.286111,331.916,444.42315,219.40885,0.033425,0.677925,172328.683316
2015-02-08,226.93,244.39,210.43,223.88,95469.048979,323.1325,451.9382,195.730245,285.142719,350.639624,32.328629,-65.496905,-58.069692,-7.427214,323.1325,440.472788,205.792212,0.077074,0.726267,76859.634337
2015-02-15,223.92,267.92,215.0,235.63,114407.986007,316.1465,445.326,196.902905,277.525378,342.120393,34.419428,-64.595015,-59.374756,-5.220259,316.1465,436.809379,195.483621,0.166358,0.763335,191267.620344
2015-02-22,235.61,249.32,229.2,236.5,67119.272858,311.7955,437.256,198.077245,271.213781,334.29666,34.580597,-63.082879,-60.116381,-2.966498,311.7955,437.261212,186.329788,0.199936,0.804795,258386.893202
2015-03-01,236.46,260.25,232.05,258.34,58091.193342,305.807,429.723,199.353474,269.233199,328.670241,38.656215,-59.437041,-59.980513,0.543472,305.807,429.460435,182.153565,0.308064,0.808702,316478.086544
2015-03-08,257.95,284.95,255.61,275.0,81734.711507,300.1805,424.003,200.70923,270.120399,324.694667,41.642889,-54.574268,-58.899264,4.324996,300.1805,418.576557,181.784443,0.39366,0.788832,398212.79805
2015-03-15,275.0,297.95,274.17,286.75,57159.951464,296.759,420.538,202.108356,272.678799,321.883951,43.723967,-49.205152,-56.960441,7.75529,296.759,412.525517,180.992483,0.456771,0.780206,455372.749515
2015-03-22,286.79,294.26,249.0,267.74,65898.875056,293.928,416.7674,203.413496,271.918984,317.873288,41.166182,-45.954304,-54.759214,8.80491,293.928,409.625388,178.230612,0.386825,0.78725,389473.874459
2015-03-29,268.28,270.07,236.4,242.0,67477.546436,287.7895,413.2814,204.581491,267.316064,312.253045,37.930649,-44.936981,-52.794767,7.857786,287.7895,400.797228,174.781772,0.297405,0.78535,321996.328023
2015-04-05,242.41,261.0,236.52,260.54,45675.894555,281.3235,408.4922,205.801474,266.273592,308.422449,41.49735,-42.148856,-50.665585,8.516729,281.3235,384.611154,178.035846,0.39939,0.734298,367672.222578
2015-04-12,260.57,262.98,231.0,236.5,50409.774218,274.79,404.6222,206.889724,261.69304,303.09486,38.414883,-41.40182,-48.812832,7.411012,274.79,371.875004,177.704996,0.302802,0.706612,317262.44836
2015-04-19,236.42,236.9,210.0,222.54,71740.820644,267.0665,400.3122,207.91487,255.669495,297.127833,36.709612,-41.458338,-47.341933,5.883595,267.0665,354.491411,179.641589,0.245344,0.654705,245521.627716
2015-04-26,222.54,238.64,214.98,219.52,60022.019041,259.1795,395.9026,208.930663,250.108034,291.379105,36.333851,-41.271071,-46.127761,4.85669,259.1795,332.785943,185.573057,0.230598,0.567996,185499.608676
2015-05-03,219.52,242.25,217.52,239.0,59765.834291,253.3035,391.7444,210.048376,248.399106,287.499171,40.560295,-39.100065,-44.722222,5.622156,253.3035,312.178,194.429,0.378526,0.464853,245265.442967
2015-05-10,239.73,247.01,227.01,239.13,54319.31574,249.2595,385.049,211.170911,246.97309,283.91627,40.58864,-36.94318,-43.166413,6.223233,249.2595,299.767095,198.751905,0.399723,0.405261,299584.758707
2015-05-17,239.13,244.51,232.22,235.97,45271.202125,245.176,377.1486,212.28447,245.280307,280.364694,40.08821,-35.084387,-41.550008,6.465621,245.176,284.981287,205.370713,0.384362,0.324708,254313.556582
2015-05-24,235.69,241.64,230.86,239.22,42033.761749,243.937,368.773,213.410608,244.347952,277.316939,40.895336,-32.968987,-39.833804,6.864817,243.937,282.854176,205.019824,0.439397,0.319076,296347.318331
2015-05-31,239.69,240.1,228.0,228.91,42578.061286,242.063,361.5802,214.488293,241.972882,273.73124,39.095963,-31.758357,-38.218715,6.460357,242.063,280.07397,204.05203,0.326984,0.314058,253769.257044
2015-06-07,228.91,231.2,219.03,222.7,45061.250089,242.6055,354.0274,215.559284,239.007823,269.951148,38.011098,-30.943324,-36.763637,5.820312,242.6055,279.157882,206.053118,0.227713,0.301332,208708.006955
2015-06-14,222.65,234.0,222.31,232.09,42611.864417,241.4445,346.6714,216.6657,237.943543,267.146618,40.691024,-29.203076,-35.251524,6.048449,241.4445,277.78345,205.10555,0.371288,0.301013,251319.871373
2015-06-21,232.08,257.39,231.55,243.64,69720.50467,242.28,338.9328,217.8254,238.819921,265.405387,43.903541,-26.585467,-33.518313,6.932846,242.28,278.008937,206.551063,0.519032,0.294939,321040.376043
2015-06-28,243.6,252.0,238.2,248.62,40307.177854,243.517,331.2876,219.0185,240.327625,264.162025,45.279813,-23.8344,-31.58153,7.74713,243.517,278.313025,208.720975,0.573327,0.285779,361347.553897
2015-07-05,248.63,274.74,248.3,271.5,96944.019335,245.3105,324.1776,220.33155,245.123375,264.705579,51.203221,-19.582204,-29.181665,9.599461,245.3105,281.944712,208.676288,0.857446,0.298676,458291.573232
2015-07-12,271.39,317.99,263.01,310.55,127074.409599,249.013,318.5826,221.8473,255.18901,268.101462,59.300869,-12.912452,-25.927822,13.01537,249.013,295.088427,202.937573,1.167785,0.370064,585365.982831
2015-07-19,310.55,310.73,272.31,275.47,97166.94938,249.8695,312.3138,223.20005,258.309162,268.64728,51.097527,-10.338118,-22.809881,12.471764,249.8695,297.225667,202.513333,0.770297,0.379047,488199.033451
2015-07-26,275.08,294.0,274.62,293.19,61275.608041,250.779,306.3584,224.63575,263.675445,270.465259,54.519993,-6.789814,-19.605868,12.816054,250.779,300.662089,200.895911,0.925104,0.397825,549474.641492
2015-08-02,292.85,297.44,276.57,282.32,61331.571131,250.5575,302.0676,226.02325,266.543838,271.343388,52.11072,-4.79955,-16.644604,11.845054,250.5575,299.835392,201.279608,0.822279,0.393346,488143.07036
2015-08-09,282.53,285.88,260.41,265.05,53995.341581,250.423,297.2116,227.32905,266.314017,270.877211,48.44761,-4.563194,-14.228322,9.665128,250.423,299.526942,201.319058,0.648939,0.392168,434147.728779
2015-08-16,265.05,271.5,254.01,256.11,61454.333637,251.1285,292.753,228.58935,264.744168,269.783344,46.620642,-5.039176,-12.390493,7.351317,251.1285,300.133451,202.123549,0.550826,0.390278,372693.395142
2015-08-23,256.11,259.12,221.11,228.89,103899.447231,249.546,287.8222,229.72245,259.228142,266.754207,41.490361,-7.526065,-11.417607,3.891543,249.546,299.271878,199.820122,0.292301,0.398531,268793.947911
2015-08-30,228.35,235.93,198.12,229.0,172082.054133,249.171,282.8924,230.84995,254.577659,263.957599,41.518369,-9.37994,-11.010074,1.630134,249.171,299.395381,198.946619,0.299191,0.403132,440876.002043
2015-09-06,229.04,244.2,224.39,240.28,147671.051744,250.058,279.707,232.0366,252.378019,262.203703,44.45462,-9.825684,-10.773196,0.947512,250.058,298.979461,201.136539,0.400064,0.391281,588547.053788
2015-09-13,240.28,246.24,228.0,229.66,142032.111205,250.565,276.7932,233.16815,248.882939,259.793058,42.301211,-10.910119,-10.800581,-0.109539,250.565,298.408316,202.721684,0.281526,0.381883,446514.942583
2015-09-20,229.66,235.0,223.0,230.16,110879.475192,250.123,274.926,234.3071,246.002487,257.598017,42.442575,-11.59553,-10.95957,-0.635959,250.123,298.545354,201.700646,0.293866,0.387188,557394.417775
2015-09-27,230.1,237.25,223.12,232.41,126374.32936,249.787,272.012,235.4553,243.911335,255.732238,43.117953,-11.820903,-11.131837,-0.689066,249.787,298.601482,200.972518,0.32201,0.390849,683768.747134
2015-10-04,232.4,240.56,231.69,238.6,128468.85503,249.9185,269.0334,236.63365,243.094207,254.463183,45.029003,-11.368977,-11.179265,-0.189712,249.9185,298.59737,201.23963,0.383743,0.389558,812237.602164
2015-10-11,238.6,248.5,236.1,248.05,135306.113446,250.36,266.8908,237.85755,243.856636,253.988133,47.906446,-10.131496,-10.969711,0.838215,250.36,298.802331,201.917669,0.476157,0.386981,947543.71561
2015-10-18,248.05,273.0,242.82,261.05,155701.822362,251.967,265.6246,239.1453,246.501769,254.511234,51.655457,-8.009465,-10.377662,2.368197,251.967,299.581749,204.352251,0.59538,0.377944,1103245.537971
2015-10-25,260.99,296.0,259.82,283.96,168397.533566,255.03,264.0084,240.54375,252.264574,256.692624,57.465043,-4.42805,-9.187739,4.759689,255.03,302.601372,207.458628,0.804069,0.373065,1271643.071538
2015-11-01,283.96,334.67,279.25,325.78,201200.852552,259.7145,262.7268,242.14765,263.57464,261.810207,65.593102,1.764432,-6.997305,8.761737,259.7145,315.132196,204.296804,1.096069,0.426759,1472843.92409
2015-11-08,325.78,502.0,320.0,372.65,389239.408851,266.165,262.8364,243.9759,280.355464,270.020562,72.041482,10.334902,-3.530864,13.865766,266.165,339.676174,192.653826,1.224278,0.552373,1862083.332941
2015-11-15,372.86,386.79,294.0,319.28,242015.736989,269.698,261.6818,245.53655,286.343854,273.66941,58.578777,12.674445,-0.289802,12.964247,269.698,346.226685,193.169315,0.823944,0.567514,1620067.595952
2015-11-22,319.29,350.44,310.0,324.2,134629.321717,272.333,260.6206,247.1236,292.167877,277.412416,59.333247,14.75546,2.71925,12.03621,272.333,352.472322,192.193678,0.823605,0.588539,1754696.917669
2015-11-29,324.2,373.15,316.0,371.48,89359.879657,275.3795,260.9198,248.9535,304.369742,284.380385,65.783184,19.989356,6.173272,13.816085,275.3795,365.152012,185.606988,1.035245,0.651991,1844056.797326
2015-12-06,371.2,399.85,348.64,388.24,99495.370182,281.018,262.2844,250.8667,317.272858,292.07369,67.736654,25.199168,9.978451,15.220717,281.018,383.387087,178.648913,1.023703,0.728559,1943552.167508
2015-12-13,388.54,467.8,381.01,433.07,126424.669844,288.012,264.593,253.0037,335.087803,302.517861,72.293173,32.569942,14.496749,18.073193,288.012,409.987803,166.036197,1.094618,0.847019,2069976.837352
2015-12-20,433.13,466.64,428.42,442.54,97839.299808,296.023,268.1638,255.1945,351.618911,312.889872,73.155641,38.729039,19.343207,19.385832,296.023,435.273468,156.772532,1.026092,0.940808,2167816.13716
2015-12-27,442.47,459.54,407.25,421.76,80833.287153,303.8585,271.2712,257.2784,362.409847,320.954326,68.143098,41.455522,23.76567,17.689852,303.8585,452.570322,155.146678,0.896409,0.978823,2086982.850007
2016-01-03,421.78,436.0,417.01,431.04,43663.793449,312.605,275.655,259.40955,372.968332,329.10882,69.159394,43.859512,27.784439,16.075074,312.605,469.411389,155.798611,0.877647,1.003224,2130646.643457
2016-01-10,431.54,465.0,426.54,448.79,50673.999943,323.6,279.5246,261.6285,384.633204,337.974093,71.061061,46.659112,31.559373,15.099739,323.6,486.118658,161.081342,0.885156,1.004442,2181320.6434
2016-01-17,448.2,451.13,352.0,380.16,100168.185228,331.158,282.5892,263.50305,383.945019,341.098975,56.543476,42.846044,33.816707,9.029337,331.158,489.378718,172.937282,0.654853,0.95556,2081152.458171
2016-01-24,379.94,422.98,372.53,402.16,76684.501574,339.252,286.1548,265.49115,386.747324,345.622014,59.406423,41.12531,35.278428,5.846882,339.252,494.584671,183.919329,0.702494,0.915736,2157836.959745
2016-01-31,402.16,402.31,363.73,368.49,50604.577655,346.1935,288.812,267.30915,383.938505,347.315938,53.587689,36.622566,35.547256,1.075311,346.1935,493.517605,198.869395,0.575672,0.851108,2107232.38209
2016-02-07,368.49,391.88,365.0,375.0,49522.307273,353.4355,291.582,269.16035,382.56335,349.36661,54.515336,33.196741,35.077153,-1.880412,353.4355,491.159187,215.711813,0.578289,0.779343,2156754.689363
2016-02-14,375.0,406.71,369.12,405.0,53280.833364,362.065,294.5152,271.1604,386.015142,353.487602,58.619891,32.527541,34.56723,-2.039689,362.065,489.627871,234.502129,0.66829,0.704641,2210035.522727
2016-02-21,405.5,447.99,393.4,438.5,63642.396024,372.06,297.7852,273.32705,394.089736,359.784816,62.670846,34.30492,34.514768,-0.209848,372.06,490.349588,253.770412,0.780836,0.635863,2273677.918751
2016-02-28,438.33,440.0,409.07,431.68,41501.913256,381.2415,300.6838,275.4609,399.872853,365.110385,61.354006,34.762468,34.564308,0.19816,381.2415,487.497981,274.985019,0.737343,0.557423,2232176.005495
2016-03-06,430.26,440.99,382.0,406.23,58594.312312,388.5005,303.4536,277.46665,400.850876,368.156283,56.576598,32.694593,34.190365,-1.495772,388.5005,479.689058,297.311942,0.597213,0.469439,2173581.693183
2016-03-13,406.15,421.91,403.03,413.04,35524.25079,394.9545,306.8744,279.50715,402.726126,371.481003,57.52957,31.245123,33.601317,-2.356194,394.9545,472.950851,316.958149,0.615938,0.394964,2209105.943973
2016-03-20,412.99,419.0,403.34,411.28,28685.801201,399.2295,309.8892,281.5384,404.042106,374.429076,57.180306,29.61303,32.803659,-3.190629,399.2295,470.690051,327.768949,0.584316,0.357992,2180420.142773
2016-03-27,410.62,427.99,406.5,424.77,24100.10608,401.8355,313.6546,283.6369,407.231013,378.158034,59.223707,29.072979,32.057523,-2.984544,401.8355,473.029706,330.641294,0.66107,0.354345,2204520.248853
2016-04-03,424.62,424.77,407.22,419.11,24985.464031,406.827,317.586,285.7065,409.05855,381.191513,57.97365,27.867037,31.219426,-3.352389,406.827,467.37082,346.28318,0.601439,0.297639,2179534.784822
2016-04-10,418.51,423.99,412.0,420.04,22990.635325,411.619,321.5964,287.7796,410.748004,384.069178,58.130033,26.678825,30.311306,-3.632481,411.619,458.981153,364.256847,0.5889,0.230126,2202525.420148
2016-04-17,420.4,432.87,418.0,427.42,25108.816573,414.416,325.3648,289.88575,413.312926,387.28035,59.420454,26.032576,29.45556,-3.422984,414.416,458.456744,370.375256,0.647636,0.212544,2227634.236721
2016-04-24,427.15,470.02,425.8,460.02,34850.260129,418.005,329.7826,292.15385,420.49863,392.668473,64.609231,27.830157,29.130479,-1.300322,418.005,464.555745,371.454255,0.951282,0.222728,2262484.496851
2016-05-01,460.03,469.87,435.0,453.0,32649.693172,419.0015,334.1232,294.38625,425.498841,397.137475,62.748576,28.361366,28.976657,-0.615291,419.0015,467.607456,370.395544,0.849736,0.232009,2229834.803679
2016-05-08,452.99,463.97,438.59,458.21,26735.054635,419.785,338.503,296.64365,430.531327,401.661365,63.586715,28.869961,28.955318,-0.085356,419.785,470.349143,369.220857,0.879963,0.240905,2256569.858314
2016-05-15,457.75,464.79,447.38,457.56,21901.814144,421.575,343.076,298.8936,434.689584,405.802005,63.395074,28.887579,28.94177,-0.054191,421.575,474.75889,368.39111,0.838307,0.25231,2234668.044171
2016-05-22,457.56,458.0,435.0,438.8,22963.36253,421.963,347.398,301.0455,435.321956,408.246301,57.965146,27.075655,28.568547,-1.492892,421.963,475.529285,368.396715,0.65716,0.253891,2211704.681641
2016-05-29,438.72,540.0,436.4,517.84,46148.102738,425.4155,353.113,303.59115,448.017039,416.364353,69.729282,31.652687,29.185375,2.467312,425.4155,492.618254,358.212746,1.187654,0.315939,2257852.784378
2016-06-05,517.6,588.71,510.01,573.91,47976.587172,435.103,359.7184,306.40715,467.385187,428.034401,75.061311,39.350787,31.218457,8.132329,435.103,525.332323,344.873677,1.26919,0.414749,2305829.37155
2016-06-12,573.8,683.02,563.0,672.13,39798.246769,448.6015,368.1886,309.71035,498.884389,446.115556,81.281406,52.768833,35.528532,17.240301,448.6015,584.365281,312.837719,1.323226,0.605276,2345627.618319
2016-06-19,668.73,778.85,655.0,761.44,74852.816999,468.249,377.9874,313.47725,539.27756,469.472922,84.955743,69.804638,42.383753,27.420884,468.249,655.80625,280.69175,1.281604,0.8011,2420480.435318
2016-06-26,759.12,763.99,540.17,630.16,110396.371053,481.007,384.3796,316.5765,553.259474,481.375669,64.815391,71.883805,48.283764,23.600041,481.007,676.021397,285.992603,0.882415,0.810859,2310084.064266
2016-07-03,630.16,704.99,618.03,658.27,50018.500703,493.6705,392.0356,319.81695,569.414939,494.478953,66.639114,74.935987,53.614208,21.321778,493.6705,699.869868,287.471132,0.899127,0.835372,2360102.564969
2016-07-10,659.77,682.36,605.5,648.76,38753.333013,504.1835,399.147,323.00585,581.621872,505.907178,65.403978,75.714693,58.034305,17.680388,504.1835,719.306443,289.060557,0.836032,0.853352,2321349.231956
2016-07-17,648.77,684.19,639.31,679.54,24580.639076,516.5765,407.0914,326.3448,596.686199,518.768869,67.503384,77.91733,62.01091,15.90642,516.5765,741.881102,291.271898,0.861652,0.872299,2345929.871032
2016-07-24,679.54,682.21,645.0,661.47,18742.365706,529.3385,415.0198,329.5922,606.652938,529.339323,65.009251,77.313615,65.071451,12.242164,529.3385,757.097681,301.579319,0.790068,0.860543,2327187.505326
2016-07-31,659.64,661.99,614.97,623.83,17518.88012,539.878,422.3742,332.65025,609.295563,536.338632,60.033445,72.95693,66.648547,6.308383,539.878,764.623591,315.132409,0.686771,0.832579,2309668.625207
2016-08-07,622.5,630.0,465.28,592.47,65351.766335,548.9375,429.6458,335.55405,606.707015,540.496512,56.17558,66.210503,66.560938,-0.350435,548.9375,766.717153,331.157847,0.599946,0.793459,2244316.858871
2016-08-14,592.47,603.0,556.24,568.76,22070.571133,556.137,436.441,338.3389,600.869012,542.590103,53.382443,58.278909,64.904532,-6.625623,556.137,766.41234,345.86166,0.530015,0.7562,2222246.287738
2016-08-21,568.76,583.99,552.3,577.55,25770.370381,564.059,443.1864,341.17005,597.281472,545.179725,54.289844,52.101747,62.343975,-10.242229,564.059,764.810363,363.307637,0.533601,0.71181,2248016.658119
2016-08-28,577.55,585.95,564.81,573.2,23527.484888,571.717,450.0572,343.98335,593.57663,547.255301,53.732438,46.321329,59.139446,-12.818117,571.717,761.282153,382.151847,0.503912,0.663143,2224489.173231
2016-09-04,573.2,609.05,566.86,603.72,25117.029626,580.532,457.5284,346.94875,595.137149,551.437871,57.063335,43.699277,56.051412,-12.352135,580.532,758.47762,402.58638,0.565155,0.613043,2249606.202857
2016-09-11,605.72,628.99,592.46,606.32,26873.041134,587.847,465.0066,349.92625,596.857587,555.503214,57.345062,41.354373,53.112004,-11.757631,587.847,757.195701,418.498299,0.554541,0.576166,2276479.243991
2016-09-18,604.08,610.69,601.1,608.0,18002.359211,595.597,472.3946,352.9087,598.571805,559.391865,57.538932,39.17994,50.325591,-11.145652,595.597,753.341156,437.852844,0.539314,0.529701,2294481.603201
2016-09-25,608.0,609.5,592.1,598.98,17484.636337,602.6355,479.4132,355.84205,598.634604,562.32432,56.065536,36.310284,47.52253,-11.212246,602.6355,747.246385,458.024615,0.487361,0.479928,2276996.966864
2016-10-02,598.95,614.28,596.1,608.6,17532.326838,610.1875,486.3642,358.82295,600.167742,565.752148,57.320778,34.415594,44.901143,-10.485549,610.1875,738.5694,481.8056,0.493817,0.420795,2294529.293702
2016-10-09,608.6,616.99,604.99,613.06,15748.805669,618.9005,492.9462,361.8218,602.151166,569.256433,57.921027,32.894733,42.499861,-9.605128,618.9005,720.414843,517.386157,0.471233,0.328047,2310278.099372
2016-10-16,612.12,642.0,612.12,638.97,21289.08502,624.957,499.21,364.9503,607.815602,574.420401,61.32411,33.395201,40.678929,-7.283728,624.957,715.490691,534.423309,0.577391,0.289728,2331567.184391
2016-10-23,638.97,656.0,624.13,648.74,23139.261743,628.6985,504.7318,368.1283,614.111663,579.925556,62.553886,34.186107,39.380365,-5.194258,628.6985,716.632116,540.764884,0.613958,0.279732,2354706.446134
2016-10-30,648.71,717.99,640.0,697.23,33409.070113,629.9535,512.2908,371.54845,626.8991,588.614775,67.993479,38.284325,39.161157,-0.876831,629.9535,720.992365,538.914635,0.869493,0.289034,2388115.516247
2016-11-06,697.1,745.19,670.32,709.93,37205.540066,627.378,520.0054,375.03235,639.673084,597.601088,69.25326,42.071997,39.743325,2.328672,627.378,705.371912,549.384088,1.029221,0.248635,2425321.056313
2016-11-13,709.92,740.86,683.23,700.38,35433.481648,630.889,526.5834,378.46605,649.01261,605.21434,67.114046,43.79827,40.554314,3.243956,630.889,715.13894,546.63906,0.91241,0.267083,2389887.574664
2016-11-20,700.38,755.07,697.14,727.09,43264.434989,634.33,533.3604,382.024,661.024516,614.242167,69.913309,46.782349,41.799921,4.982428,634.33,727.880377,540.779623,0.995776,0.294958,2433152.009653
2016-11-27,727.09,750.0,722.3,727.32,26673.410907,638.258,539.2454,385.5726,671.223821,622.618303,69.937039,48.605519,43.16104,5.444478,638.258,740.12919,536.38681,0.93713,0.319216,2459825.42056
2016-12-04,727.32,778.07,721.0,762.0,36609.057319,642.381,545.6346,389.28115,685.189387,632.942873,73.350216,52.246514,44.978135,7.268379,642.381,756.535802,528.226198,1.023933,0.355412,2496434.477879
2016-12-11,762.0,774.12,743.0,768.97,28524.413527,647.756,552.5788,393.0075,698.078712,643.018956,73.989385,55.059756,46.994459,8.065297,647.756,774.436043,521.075957,0.978426,0.391135,2524958.891405
2016-12-18,768.97,793.27,765.1,788.67,21481.984823,655.998,559.7314,396.81595,712.015833,653.807923,75.759047,58.207911,49.23715,8.970761,655.998,796.115705,515.880295,0.973431,0.427189,2546440.876228
2016-12-25,788.34,920.0,787.01,890.67,56709.601924,670.908,568.569,401.1204,739.50109,671.353262,82.426016,68.147828,53.019285,15.128543,670.908,841.057249,500.758751,1.145792,0.507221,2603150.478152
2017-01-01,890.65,1005.0,888.0,997.75,52605.438612,692.3575,580.9208,405.9375,779.231691,695.530798,86.594328,83.700894,59.155607,24.545287,692.3575,907.737951,476.977049,1.208961,0.622165,2655755.916764
2017-01-08,997.75,1139.89,812.28,909.75,132093.666545,708.9675,591.0726,410.2598,799.311431,711.398887,71.570431,87.912544,64.906994,23.00555,708.9675,937.223754,480.711246,0.939818,0.643912,2523662.250219
2017-01-15,909.8,918.4,751.34,821.86,92801.317777,721.4005,600.14,414.1329,802.780442,719.581192,60.315047,83.19925,68.565446,14.633805,721.4005,945.777371,497.023629,0.723863,0.622059,2430860.932443
2017-01-22,821.86,937.74,818.09,923.76,60357.640812,737.4025,611.1152,418.4006,821.392682,734.705548,66.828499,86.687134,72.189783,14.497351,737.4025,971.370142,503.434858,0.898255,0.634572,2491218.573254
2017-01-29,923.75,927.57,881.48,912.01,30731.653249,752.687,621.2554,422.4799,835.333807,747.839211,65.493647,87.494597,75.250746,12.243851,752.687,990.315755,515.058245,0.835235,0.631415,2460486.920005
2017-02-05,913.12,1044.23,910.0,1011.07,48880.851396,772.8405,632.7068,426.7104,862.370145,767.337788,70.790733,95.032357,79.207068,15.825289,772.8405,1025.839038,519.841962,0.970812,0.654724,2509367.771401
2017-02-12,1010.03,1074.69,913.73,1000.73,63124.11584,792.928,644.0878,431.2585,883.656276,784.6261,69.589877,99.030176,83.17169,15.858487,792.928,1051.260073,534.595927,0.902199,0.65159,2446243.655561
2017-02-19,1000.73,1068.99,975.1,1051.8,33230.954385,815.088,656.9992,435.92345,909.524542,804.416759,72.106656,105.107782,87.558908,17.548874,815.088,1082.25607,547.91993,0.943002,0.655556,2479474.609947
2017-02-26,1051.8,1220.0,1044.39,1179.05,64859.330098,843.3875,672.3194,441.1423,950.989997,832.16737,77.17546,118.822627,93.811652,25.010975,843.3875,1137.506415,549.268585,1.070624,0.69747,2544333.940045
2017-03-05,1180.46,1298.0,1169.0,1273.0,41501.772649,875.089,689.5538,446.92445,1000.529997,864.821638,80.056968,135.708359,102.190993,33.517365,875.089,1208.31876,541.85924,1.097052,0.761591,2585835.712694
2017-03-12,1269.98,1350.0,975.0,1226.62,86362.5015,903.983,705.5908,452.48505,1035.313075,891.621517,75.021692,143.691557,110.491106,33.200451,903.983,1253.51219,554.45381,0.961531,0.773309,2499473.211194
2017-03-19,1226.42,1260.0,944.36,1017.97,80758.951397,920.02,717.568,456.993,1032.644909,900.980664,57.500363,131.664245,114.725734,16.938511,920.02,1259.418232,580.621768,0.6443,0.737806,2418714.259797
2017-03-26,1012.88,1117.9,891.33,960.0,77654.428334,932.5235,728.3672,461.1455,1021.468769,905.352467,53.744709,116.116303,115.003848,1.112455,932.5235,1258.188862,606.858138,0.542185,0.69846,2341059.831463
2017-04-02,959.08,1100.0,952.95,1078.01,60735.514105,951.405,741.379,465.92055,1030.16742,918.141914,59.538434,112.025507,114.40818,-2.382673,951.405,1264.593485,638.216515,0.702123,0.65837,2401795.345568
2017-04-09,1076.59,1216.87,1076.19,1206.2,46209.496165,975.3605,756.3026,471.4507,1057.249356,939.47955,64.709439,117.769806,115.080505,2.689301,975.3605,1289.545506,661.175494,0.867362,0.644244,2448004.841733
2017-04-16,1205.2,1229.0,1141.0,1162.31,31206.27598,997.11,770.4888,476.7654,1073.412532,955.985509,61.797391,117.427023,115.549808,1.877214,997.11,1299.608364,694.611636,0.773059,0.60675,2416798.565754
2017-04-23,1162.31,1252.32,1161.0,1241.99,32903.506008,1021.1095,786.1644,482.4733,1099.347527,977.171027,64.886763,122.1765,116.875147,5.301353,1021.1095,1321.341505,720.877495,0.86785,0.588051,2449702.071761
2017-04-30,1242.0,1356.0,1234.0,1350.21,39373.990914,1050.1715,804.0174,488.7767,1137.941753,1004.803543,68.600742,133.13821,120.127759,13.010451,1050.1715,1359.537658,740.805342,0.984925,0.589173,2489076.062675
2017-05-07,1348.88,1623.01,1341.22,1554.01,79323.837071,1088.4385,826.3216,496.17695,1201.952253,1045.485503,74.146588,156.46675,127.395557,29.071192,1088.4385,1444.730524,732.146476,1.153357,0.654685,2568399.899746
2017-05-14,1554.38,1892.0,1554.38,1784.0,94487.495952,1133.105,851.6448,504.6468,1291.49806,1100.190281,78.7154,191.30778,140.178002,51.129778,1133.105,1589.068053,677.141947,1.213758,0.804803,2662887.395699
2017-05-21,1782.3,2063.11,1641.22,2017.55,92774.73283,1184.095,880.5176,514.3049,1403.198359,1168.142852,82.162641,235.055506,159.153503,75.902003,1184.095,1775.945303,592.244697,1.20411,0.999667,2755662.128529
2017-05-28,2017.55,2760.1,1850.0,2178.81,155505.129969,1247.548,910.6512,524.7354,1522.523226,1243.007086,84.07991,279.516141,183.22603,96.290111,1247.548,1966.589167,528.506833,1.147572,1.152727,2911167.258498
2017-06-04,2172.54,2584.34,2110.0,2530.27,92766.995318,1332.9685,946.0278,536.90485,1677.561192,1338.359894,87.287138,339.201298,214.421084,124.780214,1332.9685,2216.521918,449.415082,1.177549,1.325693,3003934.253816
2017-06-11,2530.27,2967.46,2525.28,2954.22,93595.846209,1434.4915,992.509,551.2055,1873.970239,1458.053235,89.924041,415.917004,254.720268,161.196736,1434.4915,2544.284242,324.698758,1.18469,1.547298,3097530.100025
2017-06-18,2954.23,2980.0,2120.0,2516.98,148410.301726,1514.74,1029.6832,563.2939,1972.894818,1536.492255,73.086525,436.402563,291.056727,145.345836,1514.74,2691.871909,337.608091,0.925713,1.554236,2949119.798299
2017-06-25,2516.98,2789.0,2432.0,2502.03,84846.356065,1589.288,1066.7486,575.23845,2054.30023,1608.013569,72.586074,446.286661,322.102714,124.183947,1589.288,2817.140405,361.435595,0.871682,1.54516,2864273.442234
2017-07-02,2502.26,2594.78,2291.0,2504.37,87969.875628,1664.47,1103.2452,587.107,2123.541733,1674.410342,72.617678,449.131391,347.508449,101.622942,1664.47,2922.72558,406.21442,0.833756,1.511899,2952243.317862
2017-07-09,2504.81,2639.47,2462.0,2502.28,59719.937161,1736.994,1140.0614,599.0267,2181.809159,1735.73402,72.537241,446.075139,367.221787,78.853352,1736.994,3012.721399,461.266601,0.799941,1.468891,2892523.380702
2017-07-16,2504.0,2527.88,1830.0,1917.63,114299.109641,1773.923,1165.9374,607.98805,2141.166211,1749.207797,54.388146,391.958415,372.169113,19.789302,1773.923,3025.438467,522.407533,0.557413,1.411014,2778224.271061
2017-07-23,1917.72,2938.0,1910.57,2749.02,144198.522078,1847.724,1209.0684,621.1168,2234.682179,1823.26796,67.023597,411.414219,380.018134,31.396085,1847.724,3145.600217,549.847783,0.84722,1.404838,2922422.79314
2017-07-30,2756.8,2825.0,2400.0,2742.37,95398.49286,1923.5115,1252.5406,634.1936,2312.787998,1891.349592,66.864043,421.438405,388.302188,33.136217,1923.5115,3244.280954,602.742046,0.809993,1.37329,2827024.30028
2017-08-06,2745.76,3339.66,2615.0,3222.75,71720.56632,2033.7505,1305.4446,649.6949,2452.782152,1989.971845,72.041749,462.810307,403.203812,59.606495,2033.7505,3401.019478,666.481522,0.934808,1.344579,2898744.866599
2017-08-13,3216.78,4190.0,3178.72,4053.87,91367.730675,2188.444,1375.058,669.30015,2699.103359,2142.85319,78.346068,556.25017,433.813083,122.437086,2188.444,3724.442917,652.445083,1.107235,1.403736,2990112.597275
2017-08-20,4053.87,4480.0,3800.0,4058.68,106015.995739,2337.4775,1444.1572,688.7606,2908.268996,2284.766287,78.376457,623.50271,471.751009,151.751701,2337.4775,3987.747945,687.207055,1.021491,1.41201,3096128.593014
2017-08-27,4058.64,4449.98,3600.0,4337.68,79305.3157,2494.0515,1518.7844,709.479,3128.178381,2436.833969,80.119306,691.344412,515.669689,175.674723,2494.0515,4274.370327,713.732673,1.01778,1.427652,3175433.908714
2017-09-03,4329.91,4979.9,4169.01,4606.26,81722.330652,2666.249,1598.7496,731.4603,3355.575554,2597.532194,81.652391,758.04336,564.144423,193.898936,2666.249,4560.583995,771.914005,1.012056,1.420974,3257156.239366
2017-09-10,4603.68,4679.97,4001.93,4226.22,120234.194557,2815.4605,1671.2944,750.9764,3489.520853,2718.175735,73.066357,771.345118,605.584562,165.760556,2815.4605,4707.667664,923.253336,0.872781,1.344155,3136922.044809
2017-09-17,4226.21,4377.65,2972.01,3662.99,190649.203933,2931.0995,1732.3822,766.90445,3516.208414,2788.161977,62.566017,728.046437,630.076937,97.9695,2931.0995,4731.440546,1130.758454,0.703264,1.228441,2946272.840876
2017-09-24,3662.95,4122.7,3514.0,3664.22,93690.793925,3036.61,1793.4054,781.2253,3538.979427,2853.055164,62.578664,685.924264,641.246403,44.677861,3036.61,4746.848596,1326.371404,0.683486,1.126413,3039963.634801
2017-10-01,3667.01,4377.22,3658.39,4377.22,76596.222319,3166.271,1868.1704,798.3364,3667.939515,2965.956263,69.096705,701.983253,653.393773,48.58948,3166.271,4870.180865,1462.361135,0.855344,1.076288,3116559.857121
2017-10-08,4369.33,4612.0,4137.96,4597.98,60774.405599,3295.2925,1947.1552,817.3913,3811.022667,3086.84691,70.792996,724.175757,667.55017,56.625587,3295.2925,5022.36192,1568.22308,0.877138,1.048204,3177334.262719
2017-10-15,4597.97,5846.43,4541.0,5679.7,102154.077571,3470.337,2046.8046,841.4798,4098.511487,3278.910102,77.352781,819.601386,697.960413,121.640973,3470.337,5406.306955,1534.367045,1.070609,1.115724,3279488.34029
2017-10-22,5683.92,6180.0,5101.36,5969.0,89752.606352,3642.2735,2151.986,868.2615,4386.278951,3478.17602,78.728765,908.102931,739.988916,168.114014,3642.2735,5810.602163,1473.944837,1.036525,1.190646,3369240.946642
2017-10-29,5967.38,6316.85,5366.0,6137.37,90679.733123,3801.431,2260.7258,895.30835,4655.677574,3675.153352,79.509065,980.524222,788.095977,192.428244,3801.431,6199.501586,1403.360414,0.987046,1.261667,3459920.679764
2017-11-05,6133.01,7590.0,6024.03,7372.72,96898.050828,4044.218,2393.6384,927.64695,5073.684101,3949.047178,84.113751,1124.636923,855.404167,269.232757,4044.218,6825.551956,1262.884044,1.098364,1.375462,3556818.730592
2017-11-12,7373.3,7888.0,5555.55,5870.37,149308.515623,4212.635,2496.4994,952.77855,5196.251162,4091.367387,64.987363,1104.883776,905.300088,199.583687,4212.635,7007.927273,1417.342727,0.796523,1.327099,3407510.214969
2017-11-19,5870.03,8087.35,5846.0,8016.58,108765.559809,4488.2455,2641.591,988.6511,5630.147907,4382.123877,74.061365,1248.02403,973.844877,274.179153,4488.2455,7621.962136,1354.528864,1.062963,1.396411,3516275.774778
2017-11-26,8016.58,9366.6,7770.0,9271.06,70679.21429,4826.6845,2811.6328,1030.93265,6190.288229,4744.267293,77.699399,1446.020935,1068.280088,377.740847,4826.6845,8452.738449,1200.630551,1.112839,1.502503,3586954.989068
2017-12-03,9278.99,11800.01,9000.0,11250.0,123566.899977,5293.303,3020.8594,1083.1077,6968.705424,5226.17342,81.990549,1742.532005,1203.130472,539.401533,5293.303,9633.419672,953.186328,1.186237,1.639852,3710521.889045
2017-12-10,11250.0,16666.66,10850.0,14691.0,131617.917072,5890.402,3296.866,1153.12585,8156.750744,5927.271685,86.760917,2229.479059,1408.400189,821.07887,5890.402,11702.38707,78.41693,1.257108,1.973375,3842139.806117
2017-12-17,14690.99,19666.0,14677.19,18953.0,99156.703505,6700.9335,3655.971,1244.78585,9817.712168,6892.140449,90.21731,2925.571719,1711.834495,1213.737224,6700.9335,14656.786528,-1254.919528,1.270003,2.374551,3941296.509622
2017-12-24,18953.0,19220.0,11159.93,14157.87,185507.952148,7247.6895,3920.9334,1312.52475,10485.428757,7430.342638,68.537135,3055.086119,1980.48482,1074.601299,7247.6895,15662.049678,-1166.670678,0.910618,2.321943,3755788.557474
2017-12-31,14107.87,16480.52,12050.0,13880.0,105655.476641,7738.996,4182.0962,1379.09355,11007.670487,7908.095035,67.524484,3099.575452,2204.302946,895.272506,7738.996,16490.758155,-1012.766155,0.850844,2.261731,3650133.080833
2018-01-07,13880.0,17234.99,12801.38,16124.02,85649.465055,8342.263,4486.1014,1456.51365,11794.801181,8516.68207,71.222411,3278.119112,2419.066179,859.052932,8342.263,17642.284336,-957.758336,0.918373,2.229616,3735782.545888
2018-01-14,16173.98,16300.0,12800.0,13647.99,97209.669759,8807.7785,4740.821,1521.57865,12079.907153,8896.778953,62.734125,3183.1282,2571.878583,611.249617,8807.7785,18191.082232,-575.525232,0.757916,2.130686,3638572.876128
2018-01-21,13647.99,14394.36,9222.0,11558.87,146909.724452,9155.409,4951.777,1576.568,11999.747591,9093.970883,56.604341,2905.776709,2638.658209,267.1185,9155.409,18404.525196,-93.707196,0.629929,2.02047,3491663.151677
2018-01-28,11558.87,11989.15,9927.54,11685.58,91518.184205,9528.377,5165.474,1632.6959,11951.414116,9285.941928,56.879546,2665.472187,2644.021004,21.451183,9528.377,18551.164935,505.589065,0.619542,1.893877,3583181.335881
2018-02-04,11685.58,11820.01,7625.25,8191.0,149903.71414,9754.7775,5308.258,1671.36955,11372.888867,9204.835119,47.864064,2168.053748,2548.827553,-380.773805,9754.7775,18396.700659,1112.854341,0.409524,1.771834,3433277.621742
2018-02-11,8190.78,9090.8,5920.72,8067.0,218693.543819,9974.9165,5446.017,1709.62305,10864.29058,9120.551036,47.575906,1743.739544,2387.809951,-644.070407,9974.9165,18199.254262,1750.578738,0.384008,1.649004,3214584.077923
2018-02-18,8077.25,11300.0,8067.0,10421.06,108942.531976,10277.1085,5628.9782,1759.22835,10796.10126,9216.885033,53.321313,1579.216227,2226.091206,-646.87498,10277.1085,18090.393288,2463.823712,0.509212,1.520522,3323526.609899
2018-02-25,10433.68,11780.0,9260.0,9590.04,108797.464356,10526.7115,5796.2466,1805.02855,10610.553374,9244.526142,51.188556,1366.027232,2054.078411,-688.05118,10526.7115,17905.202204,3148.220796,0.436527,1.401861,3214729.145543
2018-03-04,9595.99,11511.0,9376.34,11463.27,69484.695341,10815.89,6005.1526,1860.1547,10741.740547,9408.877539,55.508535,1332.863008,1909.835331,-576.972323,10815.89,17857.505761,3774.274239,0.545968,1.302087,3284213.840884
2018-03-11,11479.68,11688.0,8366.0,9535.04,131615.332844,10994.192,6176.6534,1905.6299,10556.094309,9418.222906,50.549167,1137.871403,1755.442545,-617.571142,10994.192,17708.864957,4279.519043,0.391346,1.221495,3152598.50804
2018-03-18,9535.04,9892.0,7325.37,8188.24,122425.784824,11096.7355,6318.858,1944.33655,10191.809031,9327.113061,47.36598,864.695969,1577.29323,-712.597261,11096.7355,17569.887868,4623.583132,0.275342,1.166677,3030172.723217
2018-03-25,8205.55,9188.1,8114.17,8453.9,90177.221052,11150.7945,6463.812,1983.73655,9924.438411,9262.430612,48.060767,662.007798,1394.236144,-732.228345,11150.7945,17515.79801,4785.79099,0.288147,1.141623,3120349.944269
2018-04-01,8451.12,8500.0,6427.16,6813.52,119382.410394,11197.952,6576.8362,2014.6492,9445.835578,9081.029826,44.182496,364.805752,1188.350065,-823.544313,11197.952,17418.095712,4977.808288,0.147562,1.110943,3000967.533875
2018-04-08,6816.31,7506.84,6510.0,7027.26,77901.598093,11148.486,6692.5416,2046.4955,9073.747028,8928.898728,44.807459,144.8483,979.649712,-834.801413,11148.486,17483.713624,4813.258376,0.174737,1.136518,3078869.131968
2018-04-15,7027.26,8417.0,6611.49,8354.22,77527.214241,11102.644,6832.6218,2085.32385,8963.050562,8886.329933,48.651334,76.720628,799.063895,-722.343267,11102.644,17504.467327,4700.820673,0.285341,1.153207,3156396.34621
2018-04-22,8353.43,9036.52,7806.81,8789.96,79550.187457,10979.642,6977.3408,2126.27195,8936.421245,8879.19142,49.885591,57.229825,650.697081,-593.467256,10979.642,17459.470905,4499.813095,0.331039,1.180335,3235946.533666
2018-04-29,8781.7,9755.53,8647.29,9393.99,121700.135153,10714.7915,7129.5406,2170.24245,9006.816438,8917.324648,51.621569,89.49179,538.456023,-448.964233,10714.7915,16996.162553,4433.420447,0.394864,1.172467,3357646.668819
2018-05-06,9396.32,9948.98,8815.91,9623.54,65354.660763,10248.3185,7281.6604,2215.2073,9101.696986,8969.636896,52.297843,132.06009,457.176836,-325.116747,10248.3185,15273.234835,5223.402165,0.437832,0.980632,3423001.329582
2018-05-13,9621.99,9634.5,8208.81,8696.58,93852.551483,9975.254,7412.0158,2255.5358,9039.371296,8949.41046,49.300796,89.960836,383.733636,-293.7728,9975.254,14705.601469,5244.906531,0.364844,0.948416,3329148.778099
2018-05-20,8696.54,8900.9,7929.53,8518.48,68498.295377,9707.178,7531.78,2294.9932,8959.234173,8917.489685,48.723057,41.744489,315.335807,-273.591318,9707.178,14118.952932,5295.403068,0.365281,0.908972,3260650.482722
2018-05-27,8518.64,8589.1,7213.09,7347.39,61789.150448,9268.3465,7619.6434,2328.77865,8711.258147,8801.186004,44.98968,-89.927858,234.283074,-324.210932,9268.3465,12670.112708,5866.580292,0.217653,0.734061,3198861.332274
2018-06-03,7348.64,7790.69,7026.9,7703.67,49417.021209,8971.1305,7723.3772,2364.35245,8556.244586,8719.888523,46.336871,-163.643937,154.697672,-318.341609,8971.1305,11776.848056,6165.412944,0.274129,0.625499,3248278.353483
2018-06-10,7712.97,7764.44,6627.7,6781.17,53345.106244,8732.2455,7808.96,2395.3035,8283.156188,8576.279743,43.374885,-293.123555,65.133426,-358.256982,8732.2455,11427.369446,6037.121554,0.138036,0.617281,3194933.247238
2018-06-17,6781.17,6919.97,6120.0,6453.41,67128.129845,8470.637,7887.9408,2425.08625,8001.656774,8419.030133,42.339327,-417.373358,-31.367931,-386.005428,8470.637,10977.451387,5963.822613,0.097651,0.591883,3127805.117393
2018-06-24,6451.03,6841.81,5780.0,6153.4,55968.556924,8368.757,7960.9632,2453.314,7717.309578,8251.205678,41.365813,-533.8961,-131.873564,-402.022536,8368.757,11070.770754,5666.743246,0.090054,0.645738,3071836.560469
2018-07-01,6153.6,6510.0,5774.72,6349.99,56909.73913,8282.9065,8049.6104,2482.66875,7506.95272,8110.374887,42.302014,-603.422167,-226.183285,-377.238882,8282.9065,11123.376474,5442.436526,0.159754,0.685863,3128746.2996
2018-07-08,6345.48,6820.0,6270.69,6706.6,44569.93149,8097.1835,8128.762,2513.8246,7383.821532,8006.391562,44.047259,-622.57003,-305.460634,-317.109396,8097.1835,10838.151559,5356.215441,0.246334,0.677018,3173316.23109
2018-07-15,6706.6,6814.72,6072.0,6349.3,42533.163451,7935.1465,8200.9006,2543.19365,7224.664374,7883.644039,42.655094,-658.979666,-376.16444,-282.815225,7935.1465,10687.087122,5183.205878,0.211868,0.693608,3130783.067638
2018-07-22,6353.25,7696.88,6333.63,7396.6,62795.44293,7731.813,8284.3776,2578.1789,7251.116008,7847.566703,47.857308,-596.450695,-420.221691,-176.229003,7731.813,9962.56949,5501.05651,0.424866,0.577033,3193578.510568
2018-07-29,7393.5,8496.96,7369.86,8216.74,65167.530751,7665.898,8367.635,2617.38585,7399.673546,7874.912873,51.563023,-475.239328,-431.225218,-44.014109,7665.898,9752.905591,5578.890409,0.631969,0.544491,3258746.041319
2018-08-05,8216.74,8295.0,6888.88,7032.61,62905.648633,7608.1165,8427.1136,2650.9313,7343.202231,7812.520068,46.432127,-469.317837,-438.843742,-30.474095,7608.1165,9698.065873,5518.167127,0.362316,0.5494,3195840.392686
2018-08-12,7028.89,7157.93,5995.75,6310.82,69594.768823,7500.9625,8466.5764,2680.59485,7184.374195,7701.283026,43.585116,-516.90883,-454.45676,-62.452071,7500.9625,9625.929831,5375.995169,0.219962,0.566585,3126245.623863
2018-08-19,6311.99,6628.5,5880.0,6481.99,56003.420761,7484.386,8504.091,2711.06715,7076.315088,7610.965024,44.454912,-534.649935,-470.495395,-64.15454,7484.386,9635.556052,5333.215948,0.267011,0.574842,3182249.044623
2018-08-26,6481.63,6906.81,6223.9,6700.46,42724.859213,7468.046,8553.5758,2742.79355,7018.491229,7543.520207,45.607599,-525.028979,-481.402112,-43.626867,7468.046,9637.741778,5298.350222,0.323112,0.581061,3224973.903836
2018-09-02,6700.13,7334.5,6641.35,7290.31,40370.701132,7414.8505,8626.1222,2777.6233,7060.309501,7524.763896,48.702832,-464.454394,-478.012568,13.558174,7414.8505,9546.872514,5282.828486,0.470793,0.575068,3265344.604968
2018-09-09,7291.94,7411.85,6094.38,6236.04,49374.321643,7287.1545,8677.5586,2806.97965,6933.498809,7429.302866,43.894842,-495.804058,-481.570866,-14.233192,7287.1545,9380.005762,5194.303238,0.24888,0.574395,3215970.283325
2018-09-16,6238.99,6587.0,6162.06,6499.98,30741.498248,7142.454,8720.0138,2837.53025,6866.803607,7360.464135,45.349437,-493.660528,-483.988798,-9.67173,7142.454,9021.935588,5262.972412,0.329082,0.526285,3246711.781573
2018-09-23,6499.28,6826.28,6100.0,6702.22,38303.689663,6996.388,8762.0986,2869.2055,6841.483052,7311.705311,46.494125,-470.222258,-481.23549,11.013232,6996.388,8497.958372,5494.817628,0.402047,0.429242,3285015.471236
2018-09-30,6703.37,6792.28,6324.96,6597.81,35704.88184,6891.4495,8780.4608,2900.3095,6803.99489,7258.824176,45.958917,-454.829286,-475.95425,21.124964,6891.4495,8181.529941,5601.369059,0.386193,0.3744,3249310.589396
2018-10-07,6597.79,6641.35,6396.34,6577.63,25805.343959,6794.407,8792.6334,2931.31135,6769.169523,7208.365349,45.849063,-439.195826,-468.602565,29.406739,6794.407,7851.236903,5737.577097,0.39744,0.311088,3223505.245437
2018-10-14,6574.15,6656.63,6055.28,6183.0,28853.467426,6736.1875,8793.546,2960.44375,6678.989596,7132.41236,43.651693,-453.422764,-465.566605,12.143841,6736.1875,7793.039934,5679.335066,0.238285,0.313784,3194651.778011
2018-10-21,6185.04,6756.0,6149.28,6413.38,33476.464894,6671.673,8774.3592,2990.9106,6638.126581,7079.150703,45.299857,-441.024122,-460.658108,19.633986,6671.673,7638.070974,5705.275026,0.366363,0.289702,3228128.242905
2018-10-28,6412.62,6473.0,6354.26,6405.57,16893.734062,6652.893,8785.0632,3021.35025,6602.348646,7029.255837,45.251535,-426.907191,-453.907925,27.000734,6652.893,7624.632951,5681.153049,0.372742,0.292126,3211234.508843
2018-11-04,6404.27,6475.0,6199.25,6421.76,21489.474559,6651.3105,8753.1668,3052.13905,6574.565777,6984.256145,45.381602,-409.690368,-445.064413,35.374045,6651.3105,7624.446829,5678.174171,0.382056,0.292615,3232723.983403
2018-11-11,6428.23,6544.0,6269.46,6357.54,21833.412631,6661.5175,8694.8964,3082.5948,6541.177196,6937.832727,44.925673,-396.655531,-435.382637,38.727106,6661.5175,7617.684238,5705.350762,0.341044,0.287072,3210890.570771
2018-11-18,6352.57,6388.21,5199.8,5559.26,65608.295573,6621.981,8581.0816,3109.33185,6390.113012,6835.716229,39.599916,-445.603216,-437.426753,-8.176464,6621.981,7685.741657,5558.220343,0.000489,0.321282,3145282.275198
2018-11-25,5553.01,5559.69,3474.73,3938.89,154152.235884,6483.5955,8366.0394,3127.74975,6013.001779,6621.136508,31.450031,-608.134728,-471.568348,-136.566381,6483.5955,8062.629362,4904.561638,-0.305779,0.487086,2991130.039314
2018-12-02,3934.22,4409.77,3522.28,4102.05,107895.628063,6371.233,8069.0204,3147.12535,5719.009198,6434.537507,32.946484,-715.528309,-520.36034,-195.167969,6371.233,8261.627495,4480.838505,-0.100188,0.593416,3099025.667377
2018-12-09,4099.63,4115.15,3210.0,3529.75,96601.405742,6177.8905,7856.458,3163.6547,5382.200091,6219.368062,30.436637,-837.167972,-583.721866,-253.446105,6177.8905,8375.297083,3980.483917,-0.10256,0.711378,3002424.261635
2018-12-16,3528.68,3588.43,3122.28,3193.78,64611.983289,5926.7425,7642.7336,3178.44545,5045.520077,5995.250428,29.03812,-949.730351,-656.923563,-292.806788,5926.7425,8277.464954,3576.020046,-0.081303,0.79326,2937812.278346
2018-12-23,3191.41,4172.07,3181.26,3943.83,106569.351391,5772.3035,7399.1298,3196.9821,4876.029296,5843.293359,36.097456,-967.264064,-718.991664,-248.2724,5772.3035,8216.130468,3328.476532,0.1259,0.846742,3044381.629737
2018-12-30,3947.82,4236.84,3566.0,3835.79,71427.101202,5648.552,7202.8858,3214.86935,4715.992481,5694.589407,35.548871,-978.596926,-770.912716,-207.68421,5648.552,8218.191939,3078.912061,0.147273,0.90984,2972954.528535
2019-01-06,3831.03,4090.0,3629.66,4040.71,38663.63476,5526.488,7052.5226,3233.6979,4612.102868,5572.079821,37.489335,-959.976953,-808.725563,-151.251389,5526.488,8157.373466,2895.602534,0.217628,0.9521,3011618.163295
2019-01-13,4040.71,4112.0,3476.0,3515.95,62437.59429,5367.2625,6889.13,3249.8439,4443.463966,5419.773908,34.615226,-976.309943,-842.242439,-134.067504,5367.2625,8078.896298,2655.628702,0.158635,1.010435,2949180.569006
2019-01-20,3517.03,3774.0,3470.0,3536.72,47855.809282,5179.583,6796.0444,3266.1888,4303.964894,5280.288434,34.828194,-976.32354,-869.058659,-107.26488,5179.583,7852.150737,2507.015263,0.192643,1.031963,2997036.378288
2019-01-27,3537.42,3657.89,3401.36,3533.23,34870.15946,5044.4425,6705.369,3282.64495,4185.390295,5150.876698,34.807679,-965.486403,-888.344208,-77.142195,5044.4425,7762.611341,2326.273659,0.222016,1.077689,2962166.218827
2019-02-03,3532.23,3536.77,3322.19,3414.82,41811.027702,4890.1845,6565.2442,3298.41635,4066.841019,5022.279905,34.074295,-955.438887,-901.763144,-53.675743,4890.1845,7610.602803,2169.766197,0.228835,1.112604,2920355.191125
2019-02-10,3413.75,3711.04,3328.7,3650.37,40319.330335,4737.592,6446.4508,3315.4857,4002.768554,4920.65695,36.921489,-917.888395,-904.988194,-12.900201,4737.592,7375.445545,2099.738455,0.293919,1.113584,2960674.52146
2019-02-17,3651.32,3663.34,3531.01,3625.6,46598.917556,4588.9815,6289.6974,3332.501,3944.742623,4824.726805,36.741788,-879.984182,-899.987392,20.003209,4588.9815,7123.770257,2054.192743,0.309968,1.104728,2914075.603904
2019-02-24,3625.6,4190.0,3614.82,3730.68,74299.566364,4446.634,6173.6102,3350.0568,3911.809912,4743.686301,38.117779,-831.876389,-886.365191,54.488802,4446.634,6834.204841,2059.063159,0.350066,1.073878,2988375.170269
2019-03-03,3733.78,3897.62,3658.19,3789.52,40257.946677,4326.96,6085.6358,3367.8094,3892.996079,4673.007316,38.918982,-780.011237,-865.0944,85.083164,4326.96,6591.153773,2062.766227,0.381318,1.046552,3028633.116946
2019-03-10,3789.7,3950.25,3670.0,3897.92,44775.628625,4201.187,5994.5162,3386.10335,3893.753605,4615.593441,40.448691,-721.839835,-836.443487,114.603652,4201.187,6257.757795,2144.616205,0.426269,0.979043,3073408.745571
2019-03-17,3898.14,4040.0,3775.01,3965.5,37933.247451,4079.1835,5937.5558,3404.751,3904.791512,4567.438371,41.433441,-662.646859,-801.684162,139.037303,4079.1835,5870.605507,2287.761493,0.46827,0.878324,3111341.993022
2019-03-24,3965.63,4055.35,3919.63,3969.99,32461.393596,3956.595,5876.4104,3423.40485,3914.822049,4523.182936,41.502654,-608.360887,-763.019507,154.65862,3956.595,5389.749827,2523.440173,0.504673,0.724438,3143803.386618
2019-03-31,3970.23,4130.36,3850.45,4096.08,38024.953141,3843.522,5791.2476,3442.7407,3942.707887,4491.545681,43.521199,-548.837794,-720.183164,171.34537,3843.522,4767.521232,2919.522768,0.636666,0.480809,3181828.339759
2019-04-07,4092.02,5345.0,4052.56,5190.85,117084.659319,3825.1015,5719.2654,3467.58145,4134.729751,4543.346001,57.298697,-408.61625,-657.869781,249.253531,3825.1015,4616.760828,3033.442172,1.362586,0.413929,3298912.999078
2019-04-14,5192.92,5466.06,4912.0,5162.72,64553.148615,3886.293,5634.64,3492.2346,4292.882097,4589.225557,56.914513,-296.34346,-585.564517,289.221057,3886.293,4869.655588,2902.930412,1.149011,0.506067,3234359.850463
2019-04-21,5160.54,5362.97,4948.57,5295.65,41797.605934,3945.973,5548.0822,3517.49465,4447.154082,4641.553293,58.33616,-194.399211,-507.331456,312.932245,3945.973,5103.860034,2788.085966,1.082819,0.58687,3276157.456397
2019-04-28,5295.96,5627.0,4991.42,5160.98,60706.178268,4027.5345,5477.3702,3542.05645,4556.973454,4680.029346,56.309076,-123.055892,-430.476343,307.420451,4027.5345,5282.402364,2772.666636,0.951619,0.623144,3215451.278129
2019-05-05,5152.98,5846.13,5071.58,5709.32,47315.30064,4153.3115,5421.187,3569.24555,4734.257538,4756.273098,62.086008,-22.01556,-348.784186,326.768627,4153.3115,5545.455573,2761.167427,1.058853,0.670378,3262766.578768
2019-05-12,5714.4,7585.0,5562.44,6974.35,96521.560343,4304.8375,5413.7262,3602.56455,5078.887148,4920.575091,71.461154,158.312057,-247.364938,405.676995,4304.8375,6156.620357,2453.054643,1.220795,0.860326,3359288.139111
2019-05-19,6968.84,8390.95,6178.0,8200.0,130340.307734,4523.048,5423.6528,3642.1872,5559.058356,5163.495454,77.314211,395.562901,-118.77937,514.342271,4523.048,7018.863203,2027.232797,1.236623,1.103599,3489628.446846
2019-05-26,8193.45,8802.29,7468.31,8733.26,58959.958184,4757.6755,5462.6946,3684.38755,6047.39707,5427.922458,79.303093,619.474612,28.871427,590.603186,4757.6755,7841.105457,1674.245543,1.144669,1.296192,3548588.405029
2019-06-02,8733.27,9096.79,8000.0,8734.49,57323.879242,5018.6025,5508.3162,3726.6484,6460.795982,5672.853387,79.307599,787.942596,180.68566,607.256935,5018.6025,8495.64765,1541.55735,1.034346,1.385663,3605912.284271
2019-06-09,8735.84,8745.96,7432.84,7632.99,61151.172848,5223.416,5537.908,3763.4881,6641.133524,5818.048691,65.54462,823.084832,309.165495,513.919337,5223.416,8808.085852,1638.746148,0.836094,1.372539,3544761.111423
2019-06-16,7629.98,9391.85,7523.16,8974.19,57491.101955,5495.464,5590.392,3807.0785,7000.065289,6051.836936,71.931761,948.228353,436.978066,511.250286,5495.464,9342.038173,1648.889827,0.952185,1.399909,3602252.213378
2019-06-23,8973.02,11247.62,8918.0,10831.95,70179.036091,5866.3205,5672.899,3860.0938,7589.586014,6405.919386,78.011949,1183.666628,586.315779,597.35085,5866.3205,10233.905115,1498.735885,1.068464,1.489037,3672431.249469
2019-06-30,10827.23,13880.0,10300.0,10760.1,137602.44522,6221.807,5761.115,3912.7493,8077.357396,6728.451283,77.314385,1348.906113,738.833846,610.072268,6221.807,10952.350414,1491.263586,0.97968,1.520633,3534828.804249
2019-07-07,10759.24,12061.04,9614.08,11469.96,100246.504703,6614.025,5842.5822,3968.8977,8599.296258,7079.674151,79.285152,1519.622108,894.991498,624.63061,6614.025,11705.514466,1522.535534,0.976868,1.539604,3635075.308952
2019-07-14,11478.43,13200.0,10090.0,10191.87,96062.97031,6937.0845,5882.0848,4018.70875,8844.307603,7310.207177,67.855272,1534.100427,1022.813284,511.287143,6937.0845,12075.494226,1798.674774,0.816711,1.481432,3539012.338643
2019-07-21,10191.87,11120.0,9049.54,10600.24,101471.674216,7277.6205,5953.4374,4070.55915,9114.451049,7553.913312,69.374457,1560.537737,1130.358174,430.179563,7277.6205,12439.18079,2116.06021,0.821862,1.418475,3640484.012858
2019-07-28,10605.03,10686.89,9111.0,9533.19,53268.504026,7559.384,6017.8848,4117.06305,9178.872426,7700.5264,61.231346,1478.346026,1199.955745,278.390281,7559.384,12565.099294,2553.668706,0.697155,1.324371,3587215.508832
2019-08-04,9538.73,11085.99,9360.0,10986.96,50041.174517,7910.457,6107.9842,4170.80485,9457.039745,7943.965926,66.927183,1513.073819,1262.57936,250.49446,7910.457,12843.066006,2977.847994,0.811854,1.247111,3637256.68335
2019-08-11,10986.55,12325.0,10986.55,11528.73,78451.50617,8288.394,6204.5496,4227.20825,9775.761323,8209.504005,68.76868,1566.257317,1323.314951,242.942366,8288.394,13112.521897,3464.266103,0.835847,1.164068,3715708.18952
2019-08-18,11527.44,11551.57,9467.57,10318.99,58569.350628,8599.5395,6265.1232,4277.49795,9859.334965,8365.762227,60.648235,1493.572738,1357.366509,136.20623,8599.5395,13093.371781,4105.707219,0.691312,1.045133,3657138.838893
2019-08-25,10318.99,10955.48,9755.53,10136.75,45067.793122,8846.8345,6343.1374,4326.7619,9902.014202,8496.946507,59.508241,1405.067695,1366.906746,38.160949,8846.8345,13101.088807,4592.580193,0.651603,0.961757,3612071.045771
2019-09-01,10136.75,10650.0,9320.0,9767.53,37657.104986,9077.075,6408.4884,4373.97065,9881.324324,8591.063802,57.163839,1290.260522,1351.577501,-61.316979,9077.075,12993.914678,5160.235322,0.588139,0.863018,3574413.940785
2019-09-08,9767.56,10949.0,9753.24,10400.18,49213.56553,9332.3015,6482.4476,4424.1083,9961.148274,8725.07241,60.066867,1236.075865,1328.477174,-92.401309,9332.3015,12877.912472,5786.690528,0.650592,0.759858,3623627.506315
2019-09-15,10387.33,10542.93,9855.11,10305.74,28761.374056,9589.5395,6556.6062,4474.0406,10014.162386,8842.158898,59.419506,1172.003488,1297.182437,-125.178948,9589.5395,12592.238869,6586.840131,0.619259,0.626245,3594866.132259
2019-09-22,10320.36,10380.07,9600.0,10020.58,33808.790329,9805.1025,6625.4652,4522.5225,10015.149711,8929.44935,57.40764,1085.700361,1254.886022,-169.18566,9805.1025,12225.076132,7385.128868,0.544521,0.493615,3561057.341931
2019-09-29,10022.38,10048.06,7733.99,8047.6,89548.477986,9858.765,6662.7572,4560.9031,9712.449756,8864.127176,45.842371,848.32258,1173.573333,-325.250753,9858.765,12063.279638,7654.250362,0.089215,0.447219,3471508.863945
2019-10-06,8060.13,8531.25,7714.7,7854.12,50575.659815,9841.471,6691.572,4598.2325,9426.55287,8789.311829,44.88736,637.241041,1066.306875,-429.065834,9841.471,12102.468238,7580.473762,0.060515,0.459484,3420933.204129
2019-10-13,7863.75,8820.0,7763.54,8282.96,46109.38102,9818.956,6729.1198,4637.48195,9250.615506,8751.804287,47.49808,498.811219,952.807744,-453.996525,9818.956,12132.015833,7505.896167,0.167973,0.471142,3467042.585149
2019-10-20,8278.39,8420.85,7811.62,8235.74,38810.698597,9794.0185,6765.3994,4676.44795,9094.480812,8713.577302,47.232761,380.90351,838.426897,-457.523387,9794.0185,12163.376969,7424.660031,0.17116,0.483838,3428231.886552
2019-10-27,8236.49,10350.0,7293.55,9557.08,104550.89566,9890.223,6829.3902,4722.12455,9165.649918,8776.058984,54.835381,389.590935,748.659704,-359.06877,9890.223,12047.549463,7732.896537,0.422788,0.436254,3532782.782212
2019-11-03,9547.32,9950.0,8961.53,9207.0,54590.135312,9901.8635,6902.345,4766.00435,9172.011469,8807.98054,52.670166,364.030929,671.733949,-307.703021,9901.8635,12041.735203,7761.991797,0.337639,0.432216,3478192.6469
2019-11-10,9207.0,9586.5,8661.0,9024.49,33222.775523,9811.4905,7004.057,4808.88285,9149.315859,8824.018278,51.52785,325.29758,602.446676,-277.149095,9811.4905,11939.242003,7683.738997,0.315063,0.433726,3444969.871377
2019-11-17,9029.88,9075.32,8363.0,8499.31,26181.790476,9698.451,7092.0022,4849.4786,9049.314957,8799.965813,48.282809,249.349144,531.827169,-282.478025,9698.451,11852.657648,7544.244352,0.221675,0.444237,3418788.080901
2019-11-24,8499.53,8508.4,6785.0,6908.36,53326.692483,9470.371,7159.5744,4882.0096,8719.937272,8659.846864,40.053683,60.090408,437.479817,-377.389409,9470.371,11785.926455,7154.815545,-0.053217,0.489011,3365461.388417
2019-12-01,6900.9,7870.35,6515.0,7412.66,67026.145737,9331.4105,7243.952,4917.23045,8518.817691,8567.462652,43.349636,-48.644961,340.254861,-388.899822,9331.4105,11786.46238,6876.35862,0.109224,0.526191,3432487.534154
2019-12-08,7411.75,7772.71,7087.09,7524.26,27256.235079,9177.6115,7315.5606,4952.97675,8365.808816,8490.188381,44.082338,-124.379566,247.327976,-371.707542,9177.6115,11680.377196,6674.845804,0.169695,0.545407,3459743.769233
2019-12-15,7516.8,7666.0,7007.0,7115.08,25508.692329,9056.706,7381.1464,4986.52715,8173.388998,8388.328501,41.940469,-214.939503,154.87448,-369.813983,9056.706,11708.287338,6405.124662,0.133874,0.585551,3434235.076904
2019-12-22,7115.08,7530.0,6425.0,7509.7,40527.4746,8882.843,7450.5262,5021.88315,8071.282998,8323.244909,44.729608,-251.96191,73.507202,-325.469112,8882.843,11460.330078,6305.355922,0.233628,0.580329,3474762.551504
2019-12-29,7521.88,7692.98,7052.0,7385.54,23714.756763,8675.6835,7527.918,5056.65245,7965.784075,8253.785286,44.01319,-288.00121,1.20552,-289.20673,8675.6835,11025.15558,6326.21142,0.22544,0.541622,3451047.794742
2020-01-05,7372.79,7495.0,6853.53,7356.7,25490.162602,8527.569,7604.3176,5091.4048,7872.078833,8187.334524,43.837553,-315.255691,-62.086722,-253.168968,8527.569,10816.699769,6238.438231,0.244255,0.536878,3425557.632139
2020-01-12,7352.12,8463.57,7342.46,8180.76,51601.484637,8429.7695,7697.2682,5130.2434,7919.568243,8186.847522,49.979797,-267.279279,-103.125234,-164.154045,8429.7695,10599.567487,6259.971513,0.442619,0.514794,3477159.116776
2020-01-19,8180.75,9188.1,8039.0,8696.6,58167.631026,8376.223,7802.9038,5171.67,8039.111591,8224.606965,53.414379,-185.495374,-119.599262,-65.896112,8376.223,10462.577109,6289.868891,0.576779,0.498161,3535326.747802
2020-01-26,8698.97,8792.98,8212.9,8590.48,35153.516284,8285.738,7901.706,5212.49855,8123.9375,8251.708671,52.613998,-127.771171,-121.233644,-6.537528,8285.738,10159.243845,6412.232155,0.581329,0.452224,3500173.231517
2020-02-02,8600.0,9570.0,8546.55,9329.39,43306.825181,8236.9205,8015.7818,5257.04995,8309.39173,8331.536918,57.400537,-22.145187,-101.415952,79.270765,8236.9205,9940.520172,6533.320828,0.820636,0.41365,3543480.056698
2020-02-09,9309.69,10178.54,9075.0,10173.97,37356.379968,8244.59,8144.6476,5305.8196,8596.249926,8468.013442,62.11153,128.236483,-55.485465,183.721949,8244.59,9981.299667,6507.880333,1.05547,0.421297,3580836.436666
2020-02-16,10173.51,10500.5,9598.49,9912.89,47675.28555,8337.8545,8267.115,5353.24695,8798.809937,8575.041336,59.906082,223.768602,0.365348,223.403254,8337.8545,10216.750816,6458.958184,0.919138,0.450691,3533161.151116
2020-02-23,9925.96,10300.0,9312.0,9965.21,38910.129242,8443.409,8388.4608,5400.7729,8978.256101,8678.016792,60.210988,300.239309,60.34014,239.899168,8443.409,10435.528908,6451.289092,0.881955,0.471876,3572071.280358
2020-03-01,9969.79,10027.66,8410.0,8528.95,46036.733094,8455.7085,8479.7298,5441.15265,8909.132085,8666.974808,49.158987,242.157278,96.703568,145.45371,8455.7085,10446.751265,6464.665735,0.518393,0.470935,3526034.547264
2020-03-08,8516.0,9219.13,7995.48,8033.7,36629.656739,8445.6065,8561.004,5479.0301,8774.450226,8620.065563,46.02204,154.384663,108.239787,46.144877,8445.6065,10443.050892,6448.162108,0.396892,0.473014,3489404.890526
2020-03-15,8035.79,8191.13,3850.0,5343.64,172635.161999,8234.9345,8585.9552,5503.4605,8246.633268,8377.367373,33.51267,-130.734105,60.445009,-191.179113,8234.9345,10577.927862,5891.941138,-0.117009,0.569038,3316769.728527
2020-03-22,5353.04,7139.0,4435.89,5813.15,152458.885641,8065.242,8598.4012,5530.33225,7872.251227,8187.425345,36.744408,-315.174118,-14.678817,-300.495301,8065.242,10586.840993,5543.643007,0.05344,0.6253,3469228.614168
2020-03-29,5816.57,6989.04,5686.34,5870.9,94571.059541,7907.5625,8612.5648,5557.09755,7564.351038,8015.830875,37.149077,-451.479837,-102.039021,-349.440816,7907.5625,10560.486585,5254.638415,0.116148,0.670984,3563799.673709
2020-04-05,5878.47,7236.39,5856.0,6775.2,70419.31006,7821.357,8642.1558,5588.104,7442.943186,7923.932292,43.269273,-480.989106,-177.829038,-303.160068,7821.357,10503.65016,5139.06384,0.304988,0.685889,3634218.983768
2020-04-12,6780.57,7469.0,6750.15,6908.24,63716.245331,7821.351,8677.101,5619.28455,7360.681157,7848.695826,44.131213,-488.014668,-239.866164,-248.148504,7821.351,10503.652329,5139.049671,0.32979,0.685892,3697935.2291
2020-04-19,6908.21,7306.15,6472.67,7126.4,60254.002885,7807.038,8705.4426,5651.10935,7324.637902,7795.192431,45.591058,-470.554529,-286.003837,-184.550692,7807.038,10500.939759,5113.136241,0.373671,0.690121,3758189.231985
2020-04-26,7124.27,7756.69,6757.75,7701.73,54394.395222,7815.9115,8719.9902,5686.4672,7382.652071,7788.269288,49.349822,-405.617217,-309.926513,-95.690704,7815.9115,10507.196882,5124.626118,0.478787,0.688668,3812583.627207
2020-05-03,7708.87,9485.26,7637.03,8915.98,90703.042716,7905.9565,8734.3098,5727.75575,7618.548676,7871.803415,56.223534,-253.254739,-298.592158,45.337419,7905.9565,10617.852844,5194.060156,0.686221,0.686039,3903286.669923
2020-05-10,8924.14,10074.0,8109.0,8731.17,121856.49784,7967.03,8734.268,5768.1678,7789.721187,7935.460199,55.000113,-145.739012,-268.021529,122.282517,7967.03,10695.445934,5238.614066,0.640034,0.684927,3781430.172083
2020-05-17,8740.88,9945.34,8181.0,9665.7,114184.519129,8081.038,8752.8922,5813.0986,8078.333312,8063.62611,59.767567,14.707202,-211.475783,226.182985,8081.038,10892.039965,5270.036035,0.781868,0.695703,3895614.691212
2020-05-24,9672.95,9966.12,8669.0,8718.77,73337.310411,8149.1415,8774.6078,5853.3851,8176.862033,8112.155287,53.57403,64.706746,-156.239277,220.946023,8149.1415,10952.636999,5345.646001,0.601593,0.688047,3822277.380802
2020-05-31,8710.12,9758.27,8630.0,9446.19,52940.623187,8212.413,8784.0478,5897.4969,8372.143259,8210.972673,57.239798,161.170586,-92.757304,253.92789,8212.413,11072.455114,5352.370886,0.715692,0.696517,3875218.003988
2020-06-07,9444.61,10429.26,9135.68,9750.04,68669.084828,8265.085,8762.4096,5943.28475,8584.127373,8324.977661,58.706508,259.149713,-22.375901,281.525614,8265.085,11196.759519,5333.410481,0.753261,0.709412,3943887.088816
2020-06-14,9759.04,10011.4,9078.91,9329.99,49148.591773,8302.0605,8733.8074,5987.0909,8698.875469,8399.423019,55.85426,299.45245,41.989769,257.462681,8302.0605,11267.675931,5336.445069,0.673308,0.714429,3894738.497043
2020-06-21,9329.99,9596.31,8900.0,9283.03,38341.624429,8299.7425,8690.0688,6030.6183,8788.745397,8464.875388,55.529445,323.870009,98.365817,225.504192,8299.7425,11262.213166,5337.271834,0.665957,0.713871,3856396.872614
2020-06-28,9287.89,9798.76,8830.63,9118.01,45799.498767,8246.9445,8668.5916,6073.34235,8839.40149,8513.25573,54.33369,326.14576,143.921806,182.223954,8246.9445,11109.888531,5384.000469,0.652128,0.694304,3810597.373847
2020-07-05,9118.8,9300.0,8905.0,9076.82,27670.224866,8205.141,8638.1232,6115.70785,8875.927415,8555.001231,54.020995,320.926183,179.322681,141.603502,8205.141,10992.993611,5417.288389,0.656335,0.679538,3782927.148982
2020-07-12,9077.18,9479.57,9053.14,9306.17,28315.819486,8172.189,8633.5828,6159.2071,8942.118582,8610.643362,55.554795,331.475219,209.753189,121.72203,8172.189,10890.76643,5453.61157,0.708561,0.665324,3811242.968468
2020-07-19,9304.94,9351.17,9026.51,9211.99,24244.167719,8206.341,8598.0834,6202.22705,8983.637261,8655.187558,54.747159,328.449704,233.492492,94.957212,8206.341,10958.93602,5453.74598,0.682673,0.670846,3786998.800749
2020-07-26,9213.15,10200.0,9128.21,9944.65,46727.557469,8301.8885,8566.4018,6248.9554,9131.485375,8750.703294,59.660257,380.782081,262.95041,117.831671,8301.8885,11154.719497,5449.057503,0.787918,0.687273,3833726.358217
2020-08-02,9941.25,12100.0,9933.77,11071.66,101978.643113,8588.2895,8581.4552,6301.2707,9429.973779,8922.626013,65.80954,507.347766,311.829881,195.517885,8588.2895,11344.123777,5832.455223,0.950566,0.641766,3935705.00133
2020-08-09,11074.92,11920.0,10933.26,11683.03,47014.166896,8881.7835,8612.3808,6356.62055,9776.597813,9127.100382,68.605352,649.49743,379.363391,270.13404,8881.7835,11643.172925,6120.394075,1.007217,0.62181,3982719.168226
2020-08-16,11684.6,12080.0,11130.0,11914.02,42684.711591,9183.9395,8655.3106,6412.9958,10105.431995,9333.538873,69.616274,771.893123,457.869337,314.023786,9183.9395,11883.177598,6484.701402,1.005713,0.587817,4025403.879817
2020-08-23,11916.83,12473.0,11367.0,11644.65,43615.248083,9427.412,8680.2,6467.97535,10342.234765,9504.732289,66.910466,837.502476,533.795965,303.706511,9427.412,12091.879098,6762.944902,0.916075,0.56526,3981788.631734
2020-08-30,11653.7,11832.55,11112.75,11708.97,32501.07818,9667.4485,8708.2646,6523.03405,10552.501725,9668.009157,67.237912,884.492568,603.935286,280.557282,9667.4485,12244.417785,7090.479215,0.896109,0.533123,4014289.709914
2020-09-06,11713.11,12065.82,9850.0,10260.17,78807.929519,9824.137,8713.0564,6570.78525,10507.527613,9711.872923,54.222081,795.65469,642.279166,153.375524,9824.137,12130.962484,7517.311516,0.594509,0.469624,3935481.780395
2020-09-13,10258.43,10576.78,9825.07,10334.78,47461.46528,9955.7895,8758.8,6618.95725,10480.951057,9758.014188,54.70832,722.936869,658.410707,64.526162,9955.7895,12054.203961,7857.375039,0.590304,0.421547,3982943.245675
2020-09-20,10338.82,11183.01,10250.13,10923.5,37510.146077,10056.1655,8820.1876,6669.9393,10549.03551,9844.34647,58.457865,704.68904,667.666374,37.022666,10056.1655,12138.014161,7974.316839,0.708309,0.414044,4020453.391753
2020-09-27,10921.53,10996.98,10138.3,10780.66,38347.801003,10158.64,8870.1416,6720.206,10584.670047,9913.703028,57.22011,670.967019,668.326503,2.640516,10158.64,12170.093603,8147.186397,0.65462,0.396008,3982105.59075
2020-10-04,10779.99,10950.0,10380.0,10669.63,32529.963922,10208.8365,8918.8194,6769.74415,10597.740809,9969.697619,56.223592,628.04319,660.26984,-32.22665,10208.8365,12218.685009,8198.987991,0.614634,0.393747,3949575.626828
2020-10-11,10666.16,11496.06,10525.0,11372.93,31751.361137,10341.5445,8955.1364,6822.76395,10717.000684,10073.640758,60.872048,643.359926,656.887857,-13.527931,10341.5445,12289.879296,8393.209704,0.764684,0.376798,3981326.987966
2020-10-18,11372.48,11731.7,11175.99,11519.97,27319.682301,10445.2335,9001.3958,6876.42045,10840.534425,10180.776257,61.785687,659.758168,657.46192,2.296248,10445.2335,12412.568814,8477.898186,0.773145,0.376695,4008646.670266
2020-10-25,11518.58,13363.53,11409.94,13039.09,52166.772423,10609.686,9081.6878,6937.16255,11178.773745,10392.503201,69.666211,786.270543,683.223644,103.046899,10609.686,12848.254571,8371.117429,1.042624,0.421986,4060813.44269
2020-11-01,13041.12,14100.0,12773.5,13762.0,54386.370394,10831.2865,9186.9416,7000.9838,11576.193168,10642.095557,72.565569,934.097612,733.398438,200.699174,10831.2865,13375.820732,8286.752268,1.075884,0.469849,4115199.813083
2020-11-08,13762.0,15968.98,13220.0,15489.15,73100.126555,11141.5925,9358.5574,7073.8808,12178.186527,11001.136627,77.980702,1177.049901,822.12873,354.92117,11141.5925,14295.829974,7987.355026,1.189161,0.566209,4188299.939638
2020-11-15,15484.68,16494.52,14824.66,15975.49,65822.552962,11484.4665,9529.814,7149.64895,12762.387061,11369.607247,79.224255,1392.779815,936.258947,456.520867,11484.4665,15135.945585,7832.987415,1.114959,0.635899,4254122.4926
2020-11-22,15975.49,18977.0,15875.5,18435.2,65935.807146,11952.3855,9748.0328,7237.20615,13635.127514,11892.984488,84.111572,1742.143026,1097.435763,644.707263,11952.3855,16530.670512,7374.100488,1.207996,0.766087,4320058.299747
2020-11-29,18432.6,19490.0,16218.0,18192.03,70235.040834,12396.6785,9969.5718,7323.60625,14336.189435,12359.580452,82.056451,1976.608983,1273.270407,703.338576,12396.6785,17550.051179,7243.305821,1.062287,0.831412,4249823.258913
2020-12-06,18196.75,19918.01,18100.0,19380.58,46500.02368,12905.108,10206.9894,7415.4538,15112.249522,12879.654492,84.101192,2232.595029,1465.135331,767.459698,12905.108,18671.36984,7138.84616,1.061497,0.89364,4296323.282593
2020-12-13,19385.13,19431.0,17569.58,19162.36,40449.848343,13365.9935,10442.5258,7506.26195,15735.343441,13345.040085,82.248014,2390.303356,1650.168936,740.13442,13365.9935,19569.048557,7162.938443,0.967219,0.928185,4255873.43425
2020-12-20,19151.82,24298.04,18979.21,23470.85,73098.802714,13985.953,10764.8088,7618.3572,16925.421373,14095.100079,87.911667,2830.321294,1886.199408,944.121886,13985.953,21489.906934,6481.999066,1.131993,1.07307,4328972.236964
2020-12-27,23470.85,28377.94,21864.86,26259.6,67965.213876,14714.7815,11126.3856,7743.75995,18361.448854,14996.174147,90.110918,3365.274707,2182.014468,1183.260239,14714.7815,23839.054182,5590.508818,1.132643,1.240151,4396937.45084
2021-01-03,26242.82,34800.0,25831.85,33097.83,79594.391635,15773.972,11614.4102,7902.8841,20628.584415,16337.037544,93.320115,4291.546871,2603.920948,1687.625923,15773.972,27806.563382,3741.380618,1.219872,1.525626,4476531.842475
2021-01-10,33068.83,42000.0,27734.0,38173.73,126513.782071,17100.426,12206.0752,8087.61965,23327.837582,17954.570318,94.696039,5373.267264,3157.790211,2215.477052,17100.426,32419.855041,1780.996959,1.187797,1.791701,4603045.624546
2021-01-17,38164.88,40112.78,30261.13,35819.25,111650.143478,18305.94,12735.8724,8261.62605,25249.593339,19277.879924,85.861374,5971.713414,3720.574852,2251.138562,18305.94,35427.188931,1184.691069,1.01145,1.870568,4491395.481068
2021-01-24,35826.36,37874.71,28800.0,32288.83,73139.220528,19407.373,13178.1696,8418.2702,26332.552825,20241.654004,74.619771,6090.898821,4194.639646,1896.259175,19407.373,37139.88286,1674.86314,0.863216,1.827399,4418256.26054
2021-01-31,32289.06,38620.0,29150.49,33141.38,105347.757976,20547.703,13642.7394,8578.58705,27380.064698,21197.189263,75.455495,6182.875435,4592.286804,1590.588631,20547.703,38727.436133,2367.969867,0.846366,1.769515,4523604.018516
2021-02-07,33110.32,41025.48,32333.01,38858.39,55960.932114,21944.4475,14220.603,8766.848,29145.960898,22505.426355,80.170769,6640.534544,5001.936352,1638.598192,21944.4475,41211.785433,2677.109567,0.938928,1.75601,4579564.950631
2021-02-14,38870.36,49714.66,38050.97,48662.5,65876.44321,23838.5395,15023.274,9004.34895,32148.505376,24442.987365,85.363659,7705.51801,5542.652683,2162.865327,23838.5395,45626.719979,2050.359021,1.069666,1.827979,4645441.393841
2021-02-21,48620.48,58354.14,45914.75,57492.91,49182.203541,26179.7035,16012.4582,9285.60355,36047.644549,26891.129783,88.328423,9156.514766,6265.4251,2891.089666,26179.7035,51569.463412,789.943588,1.11665,1.939652,4694623.597381
2021-02-28,57485.74,57564.19,43021.0,45240.96,69331.004459,27873.105,16810.4046,9505.0573,37462.000772,28250.376466,67.805777,9211.624306,6854.664941,2356.959365,27873.105,53602.22596,2143.98404,0.837514,1.846161,4625292.592922
2021-03-07,45261.56,52652.82,45020.25,50967.3,35430.404648,29845.4715,17713.4876,9752.12375,39539.739115,29933.111542,71.176591,9606.627572,7405.057467,2201.570105,29845.4715,56295.615368,3395.327632,0.899276,1.772473,4660722.99757
2021-03-14,50952.55,61781.83,49316.98,59016.39,38099.486052,32144.3365,18776.3974,10038.2857,42536.146943,32087.428465,75.11992,10448.718478,8013.78967,2434.928809,32144.3365,60289.826278,3998.846722,0.977378,1.751194,4698822.483622
2021-03-21,58956.9,60595.13,53221.0,57381.79,36350.207453,34325.326,19788.5292,10315.1069,44820.092029,33961.084875,72.9376,10859.007154,8582.833166,2276.173987,34325.326,63186.12098,5464.53102,0.899443,1.681604,4662472.276168
2021-03-28,57410.54,58461.78,50360.0,55790.92,34671.280242,36340.4145,20766.1828,10583.16745,46507.911717,35578.109699,70.782356,10929.802018,9052.226937,1877.575081,36340.4145,65286.868516,7393.960484,0.835974,1.593072,4627800.995927
2021-04-04,55790.28,60103.04,54892.42,58212.18,21803.097907,38452.249,21787.8984,10861.577,48308.568376,37254.707499,72.132068,11053.860877,9452.553725,1601.307152,38452.249,67310.291476,9594.206524,0.842364,1.500981,4649604.093833
2021-04-11,58213.69,61222.22,55441.93,59979.26,23556.53782,40529.452,22833.449,11146.7022,50104.059395,38938.007684,73.108431,11166.05171,9795.253322,1370.798389,40529.452,69305.718552,11753.185448,0.837949,1.420018,4673160.631654
2021-04-18,59972.26,64895.22,51541.16,56280.6,40595.46583,42433.8805,23780.7414,11415.5203,51054.296411,40222.644152,67.757414,10831.652259,10002.533109,829.11915,42433.8805,70063.461991,14804.299009,0.750578,1.302242,4632565.165823
2021-04-25,56260.83,57633.0,47004.2,49128.43,43334.226811,43921.273,24588.6866,11648.6523,50758.009271,40882.331993,58.795673,9875.677278,9977.161943,-101.484665,43921.273,69557.514796,18285.031204,0.601559,1.167372,4589230.939012
2021-05-02,49122.75,58549.0,48823.01,56622.66,27817.930442,45794.288,25527.8258,11919.24375,51660.263229,42048.282216,64.146715,9611.981014,9904.125757,-292.144743,45794.288,69307.017412,22281.558588,0.730266,1.026885,4617048.869454
2021-05-09,56599.91,59564.24,52924.5,58305.24,29785.831045,47536.0075,26519.5552,12198.25855,52682.567348,43252.501311,65.238233,9430.066037,9809.313813,-379.247776,47536.0075,69269.661226,25802.353774,0.747755,0.914408,4646834.700499
2021-05-16,58336.16,59603.0,43769.4,46444.75,39631.427491,48545.265,27259.5264,12420.89415,51722.90314,43488.964177,52.991514,8233.938964,9494.238843,-1260.299879,48545.265,67986.930743,29103.599257,0.445979,0.800971,4607203.273009
2021-05-23,46446.42,46648.5,30066.0,34706.79,93913.669252,48625.713,27758.6614,12580.683,49105.03958,42838.432756,44.156845,6266.606824,8848.712439,-2582.105615,48625.713,67822.809337,29428.616663,0.137473,0.789586,4513289.603757
2021-05-30,34735.35,40904.0,33425.0,35677.72,37901.48954,48500.9125,28285.616,12745.35975,47039.298106,42308.009589,44.974051,4731.288517,8025.227655,-3293.939138,48500.9125,67998.28468,29003.54032,0.171156,0.804,4551191.093297
2021-06-06,35675.3,39490.0,34195.2,35808.85,29480.861674,48500.3925,28816.1324,12908.29025,45311.536859,41826.59036,45.090922,3484.946499,7117.171424,-3632.224925,48500.3925,67999.118053,29001.666947,0.174555,0.804065,4580671.954971
2021-06-13,35810.69,39386.43,31025.0,39013.76,39330.10146,48836.639,29414.0474,13083.0897,44342.648112,41618.232556,47.997992,2724.415556,6238.62025,-3514.204694,48836.639,67415.776194,30257.501806,0.235648,0.760869,4620002.056431
2021-06-20,39035.52,41341.57,33337.0,35589.77,29265.705861,48959.0585,29944.3064,13240.74515,42996.051479,41171.679774,45.24214,1824.371705,5355.770541,-3531.398836,48959.0585,67151.146598,30766.970402,0.132552,0.743155,4590736.35057
2021-06-27,35598.66,35763.8,28600.0,34699.5,40599.97658,48751.114,30452.173,13392.55425,41719.658944,40692.25905,44.526288,1027.399894,4490.096412,-3462.696518,48751.114,67487.213023,30015.014977,0.125012,0.768643,4550136.373989
2021-07-04,34716.02,36623.79,32700.05,35289.21,17584.649666,48082.4495,30973.7174,13545.969,40730.359106,40292.033194,45.145436,438.325912,3679.742312,-3241.4164,48082.4495,67716.500512,28448.398488,0.174208,0.816683,4567721.023656
2021-07-11,35255.0,35258.7,32101.0,34258.53,13840.77346,46920.7305,31459.995,13696.13055,39734.69309,39845.107032,44.216551,-110.413942,2921.711061,-3032.125003,46920.7305,66935.884551,26905.576449,0.183685,0.853148,4553880.250195
2021-07-18,34266.84,34677.0,31012.93,31776.65,13692.509203,46247.515,31874.0948,13836.69885,38510.378768,39247.443548,41.976803,-737.064779,2189.955893,-2927.020672,46247.515,67321.143646,25173.886354,0.156659,0.911341,4540187.740992
2021-07-25,31794.49,35448.97,29296.39,35428.28,18634.497731,45470.564,32348.9998,13995.51915,38036.209727,38964.542544,46.287801,-928.332817,1566.298151,-2494.630968,45470.564,66933.0687,24008.0593,0.266051,0.944018,4558822.238722
2021-08-01,35438.93,42614.85,35282.7,39839.0,28188.183375,44511.6945,32907.4994,14172.82805,38313.562077,39029.317171,51.021385,-715.755094,1109.887502,-1825.642596,44511.6945,65166.146982,23857.242018,0.386884,0.928046,4587010.422097
2021-08-08,39875.2,45355.0,37300.0,43858.42,27044.306485,43835.526,33551.7748,14369.13025,39166.617142,39387.028491,54.920242,-220.411349,843.827732,-1064.239081,43835.526,63627.824347,24043.227653,0.500578,0.903025,4614054.728582
2021-08-15,43836.05,48190.0,42811.26,47028.3,18991.79851,43397.395,34258.1614,14575.87325,40376.106812,39953.048603,57.774971,423.058209,759.673827,-336.615618,43397.395,62487.175271,24307.614729,0.595101,0.879766,4633046.527092
2021-08-22,47024.96,49833.02,43935.54,49301.86,16290.154597,42951.879,35038.9952,14792.53755,41749.29961,40645.553151,59.744044,1103.746459,828.488354,275.258106,42951.879,61026.799283,24876.958717,0.675657,0.841636,4649336.681689
2021-08-29,49296.71,50562.11,46309.33,48808.72,12312.246596,42393.352,35808.474,15005.8943,42835.364286,41250.232177,59.100275,1585.132109,979.817105,605.315004,42393.352,58956.235509,25830.468491,0.693667,0.781391,4637024.435093
2021-09-05,48782.56,51900.0,46532.42,51809.28,12460.770733,42169.786,36626.1896,15228.0771,44215.966703,42032.383867,61.797654,2183.582836,1220.570251,963.012585,42169.786,58084.872922,26254.699078,0.802841,0.75481,4649485.205826
2021-09-12,51809.28,52956.47,42900.01,46035.0,19089.475592,42015.1145,37331.2764,15428.90025,44495.81798,42328.873951,54.366848,2166.944028,1409.845006,757.099022,42015.1145,57715.360652,26314.868348,0.62802,0.747362,4630395.730233
2021-09-19,46039.42,48834.0,43400.0,47245.25,11156.29454,41546.244,38062.7888,15625.0436,44918.807521,42693.049955,55.572651,2225.757566,1573.027518,652.730048,41546.244,55982.765652,27109.722348,0.697382,0.694962,4641552.024773
2021-09-26,47257.86,47334.54,39573.21,43204.73,22448.683967,40791.2185,38699.4248,15794.71195,44655.103287,42730.952181,50.751086,1924.151107,1643.252236,280.898871,40791.2185,53059.479549,28522.957451,0.598364,0.601515,4619103.340806
2021-10-03,43162.82,49225.55,40750.0,48235.93,14576.104706,40880.7775,39433.744,15979.6416,45205.999705,43138.728315,55.883767,2067.271389,1728.056067,339.215323,40880.7775,53337.518972,28424.036028,0.795228,0.609418,4633679.445513
2021-10-10,48231.04,56561.0,46900.0,54714.95,16750.181223,41881.1855,40267.2612,16179.76135,46668.915135,43996.226218,61.454852,2672.688917,1916.982637,755.70628,41881.1855,55365.264439,28397.106561,0.975886,0.643921,4650429.626736
2021-10-17,54657.0,62944.94,53909.0,61538.97,17149.777182,43174.248,41222.8006,16392.6912,48956.615883,45295.68872,66.28422,3660.927163,2265.771542,1395.155621,43174.248,58817.82316,27530.67284,1.086973,0.724672,4667579.403918
2021-10-24,61519.52,67016.5,59013.0,60910.16,21390.857146,44429.3135,42131.2208,16626.45265,50795.62267,46452.316222,65.470213,4343.306448,2681.278523,1662.027925,44429.3135,61472.886585,27385.740415,0.983492,0.767222,4646188.546772
2021-10-31,60883.96,63733.93,56425.0,61359.44,17920.275154,45546.5975,43038.8998,16863.84985,52420.825336,47556.547613,65.793441,4864.277723,3117.878363,1746.39936,45546.5975,63902.803047,27190.391953,0.930722,0.806041,4664108.821926
2021-11-07,61356.57,64300.0,59500.0,63300.0,13453.526967,46932.109,43936.1958,17099.72975,54094.544515,48722.729272,67.220723,5371.815244,3568.665739,1803.149505,46932.109,66231.86783,27632.35017,0.924044,0.822454,4677562.348893
2021-11-14,63300.0,69000.0,62294.84,65509.87,14452.007558,48472.6275,44882.5526,17359.03915,55850.748436,49966.221177,68.816421,5884.527259,4031.838043,1852.689216,48472.6275,68524.73956,28420.51544,0.924824,0.827358,4692014.356452
2021-11-21,65509.87,66387.4,55640.0,58678.47,21855.97752,49642.0905,45668.5104,17594.63715,56285.782523,50611.572942,59.219275,5674.209581,4360.312351,1313.89723,49642.0905,69204.502623,30079.678377,0.730963,0.788138,4670158.378932
2021-11-28,58679.27,59516.78,53308.93,57338.55,16806.838291,50796.0915,46432.0342,17822.902,56447.74675,51109.867539,57.52471,5337.879211,4555.825723,782.053488,50796.0915,69286.018646,32306.164354,0.67692,0.728006,4653351.54064
2021-12-05,57327.32,59250.0,41967.5,49463.22,29053.262005,51680.42,46951.8816,18029.2631,55373.204173,50987.893647,48.703469,4385.310526,4521.722683,-136.412157,51680.42,68013.109202,35347.730798,0.432124,0.632065,4624298.278636
2021-12-12,49484.0,51991.0,46789.0,50124.38,15817.302366,52415.225,47429.1772,18239.55,54565.692762,50923.929673,49.404934,3641.763089,4345.730764,-703.967676,52415.225,66984.19285,37846.25715,0.421379,0.555906,4640115.581002
2021-12-19,50102.31,50226.2,45478.74,46704.67,13583.820171,52758.5085,47701.314,18420.96805,53356.304645,50611.39192,45.908103,2744.912725,4025.567157,-1280.654432,52758.5085,66421.350466,39095.666534,0.278456,0.517939,4626531.76083
2021-12-26,46671.66,51864.56,45572.94,50791.21,9706.063805,53105.148,47953.6636,18626.9739,52961.674699,50624.711778,50.423837,2336.962922,3687.84631,-1350.883388,53105.148,66186.598701,40023.697299,0.411557,0.492662,4636237.824636
2022-01-02,50885.32,52098.6,45655.31,47350.22,10811.998635,53121.244,48184.283,18806.40865,52098.373976,50382.156831,46.875276,1716.217145,3293.520477,-1577.303331,53121.244,66173.505836,40068.982164,0.278926,0.491414,4625425.826001
2022-01-09,47290.55,47586.58,40517.05,41875.81,14918.718511,52749.9415,48376.0226,18968.1125,50525.671826,49752.057066,41.831472,773.61476,2789.539333,-2015.924573,52749.9415,66613.003759,38886.879241,0.107802,0.525614,4610507.10749
2022-01-16,41853.98,44456.34,39558.7,43107.7,13149.75759,52464.8905,48575.349,19142.7098,49384.445391,49259.882468,43.309703,124.562923,2256.544051,-2131.981128,52464.8905,66864.452915,38065.328085,0.175088,0.548922,4623656.86508
2022-01-23,43099.08,43518.69,34000.0,36293.62,20033.859171,51689.1075,48524.0536,19281.9084,47370.472254,48299.418582,37.615407,-928.946328,1619.445976,-2548.392303,51689.1075,67725.194105,35653.020895,0.019974,0.620482,4603623.005909
2022-01-30,36262.21,38946.0,32950.72,37941.82,20322.181784,51284.4485,48309.64,19437.5499,45919.910369,47532.189057,39.681237,-1612.278688,973.101043,-2585.379731,51284.4485,68252.208351,34316.688649,0.106824,0.661712,4623945.187693
2022-02-06,37914.1,42701.86,36264.55,42420.24,14028.678655,51043.198,48008.1866,19614.5148,45381.499543,47153.526164,45.009711,-1772.026621,424.07551,-2196.102131,51043.198,68367.281835,33719.114165,0.251128,0.678801,4637973.866347
2022-02-13,42420.24,45850.0,41682.11,42077.74,13089.951297,50986.8485,47944.9222,19783.1324,44873.228844,46777.542004,44.684603,-1904.31316,-41.602224,-1862.710936,50986.8485,68419.540517,33554.156483,0.244471,0.683811,4624883.91505
2022-02-20,42078.53,44785.66,37974.18,38373.9,10925.014494,50493.747,47693.0542,19931.0521,43873.332099,46155.050004,41.217398,-2281.717905,-489.62536,-1792.092545,50493.747,68748.333768,32239.160232,0.168033,0.723043,4613958.900556
2022-02-27,38384.09,40330.99,34324.05,37712.68,18788.698572,49643.6335,47266.98,20072.64555,42925.539468,45529.689263,40.611569,-2604.149794,-912.530247,-1691.619547,49643.6335,68602.710218,30684.556782,0.18535,0.763807,4595170.201985
2022-03-06,37717.1,45332.38,37468.99,38438.89,14783.845495,48488.6295,46888.122,20216.7223,42235.285704,45004.444873,41.626384,-2769.159169,-1283.856031,-1485.303138,48488.6295,67221.485724,29755.773276,0.231762,0.77267,4609954.04748
2022-03-13,38404.97,42591.68,37169.52,37790.54,12065.089135,47332.6485,46528.1144,20362.1921,41551.478673,44470.081549,40.953549,-2918.602876,-1610.8054,-1307.797476,47332.6485,65706.697423,28958.599577,0.240337,0.776379,4597888.958345
2022-03-20,37763.37,42405.01,37567.19,41242.14,14886.68236,46326.7835,46188.7136,20525.8104,41503.888108,44230.974767,45.961274,-2727.08666,-1834.061652,-893.025008,46326.7835,63694.204121,28959.362879,0.353615,0.749779,4612775.640705
2022-03-27,41293.19,46950.0,40516.86,46864.39,12003.635918,45505.003,45926.4162,20723.3954,42328.580706,44426.042562,52.95957,-2097.461856,-1886.741693,-210.720163,45505.003,61040.954685,29969.051315,0.54375,0.682824,4624779.276623
2022-04-03,46854.96,48234.0,44244.0,46401.57,11149.927107,44549.588,45728.8356,20916.8849,42955.194444,44572.377928,52.358451,-1617.183484,-1832.830051,215.646567,44549.588,57112.881724,31986.294276,0.573706,0.564014,4613629.349516
2022-04-10,46414.88,47201.0,41888.88,42133.85,9921.097563,43722.357,45588.944,21093.6483,42828.83376,44391.74623,47.05465,-1562.91247,-1778.846535,215.934065,43722.357,54508.51486,32936.19914,0.426364,0.493393,4603708.251953
2022-04-17,42159.45,42415.57,39218.15,39691.27,8736.507495,42839.993,45250.3162,21259.8376,42346.131643,44043.562805,44.28938,-1697.431162,-1762.56346,65.132298,42839.993,51750.477083,33929.508917,0.323314,0.415989,4594971.744458
2022-04-24,39660.62,42978.95,38547.12,39467.4,10599.996466,42340.202,44873.5594,21426.4076,41903.249852,43704.587783,44.03396,-1801.337931,-1770.318354,-31.019576,42340.202,50819.530508,33860.873492,0.3306,0.400533,4584371.747991
2022-05-01,39464.67,40800.0,37400.0,38488.34,12318.002416,41758.4,44714.4312,21587.09935,41377.879106,43318.199058,42.86956,-1940.319953,-1804.318674,-136.001279,41758.4,49593.814503,33922.985497,0.291328,0.375274,4572053.745576
2022-05-08,38484.46,40050.19,33710.16,34025.5,15115.355278,41124.4415,44700.8054,21723.69385,40246.743859,42629.85098,37.944115,-2383.107121,-1920.076363,-463.030758,41124.4415,49300.781635,32948.101365,0.065885,0.397639,4556938.390297
2022-05-15,34051.2,34224.35,25401.05,31295.03,53799.415513,40149.6325,44613.1516,21848.4225,38869.557111,41790.234611,35.273817,-2920.6775,-2120.196591,-800.480909,40149.6325,48129.965269,32169.299731,-0.054777,0.39753,4503138.974785
2022-05-22,31275.27,31275.27,28615.23,30264.66,14238.145003,39295.3545,44502.2678,21962.7628,37545.726786,40936.488343,34.293059,-3390.761557,-2374.309584,-1016.451973,39295.3545,47658.331942,30932.377058,-0.039921,0.425647,4488900.829781
2022-05-29,30264.66,30628.0,28003.0,29448.94,11787.881327,38674.011,44310.9714,22068.9238,36300.067281,40085.558836,33.498962,-3785.491556,-2656.545978,-1128.945577,38674.011,47972.061672,29375.960328,0.003924,0.480842,4477112.948454
2022-06-05,29454.69,32375.81,29232.99,29888.98,10921.875774,38013.075,44196.9556,22183.20565,35313.746161,39330.2567,34.381692,-4016.51054,-2928.538891,-1087.971649,38013.075,47821.756615,28204.393385,0.085872,0.516069,4488034.824228
2022-06-12,29905.46,31737.31,26500.0,26585.1,15751.380839,37527.649,44034.6676,22284.57705,33970.87752,38386.171019,31.049217,-4415.293498,-3225.889812,-1189.403686,37527.649,48518.376857,26536.921143,0.002192,0.58574,4472283.443389
2022-06-19,26538.63,26845.63,17592.78,20552.82,56243.71335,36658.199,43739.9398,22354.9312,31906.560979,37065.182055,26.079026,-5158.621076,-3612.436065,-1546.185011,36658.199,49900.818907,23415.579093,-0.108089,0.722492,4416039.730039
2022-06-26,20557.2,21868.0,19616.1,21028.69,20623.176985,35588.6215,43475.343,22426.57235,30233.042367,35877.293754,27.070806,-5644.251387,-4018.799129,-1625.452258,35588.6215,50183.383743,20993.859257,0.001193,0.820193,4436662.907024
2022-07-03,21029.19,21516.85,18595.6,19294.46,17552.443825,34449.4575,43225.6992,22486.5931,28550.183541,34648.935698,25.716661,-6098.752157,-4434.789735,-1663.962422,34449.4575,50339.533474,18559.381526,0.02313,0.922515,4419110.463198
2022-07-10,19296.88,22401.0,19032.44,20856.08,16031.514623,33573.5665,42934.2552,22559.6933,27366.475304,33627.242684,29.153324,-6260.76738,-4799.985264,-1460.782116,33573.5665,50405.129317,16742.003683,0.122213,1.002668,4435141.977821
2022-07-17,20851.14,21664.52,18905.55,20801.85,13710.365227,32728.025,42553.5122,22631.20265,26356.53295,32677.213596,29.10297,-6320.680646,-5104.12434,-1216.556306,32728.025,50324.576978,15131.473022,0.161122,1.07532,4421431.612594
2022-07-24,20786.76,24280.3,20757.29,22595.81,19008.506956,31935.871,42128.26,22710.6706,25777.960188,31930.442959,33.21254,-6152.482771,-5313.796027,-838.686745,31935.871,49856.199402,14015.542598,0.2394,1.12227,4440440.11955
2022-07-31,22589.47,24676.0,20700.13,23322.53,16434.555503,31212.4705,41654.1446,22794.2942,25400.201698,31292.819777,34.859779,-5892.618079,-5429.560437,-463.057642,31212.4705,49296.370403,13128.570597,0.281852,1.158761,4456874.675053
2022-08-07,23287.38,23642.14,22400.0,23187.62,9029.828111,30309.7445,41131.8598,22877.34415,25059.804513,30692.434608,34.688733,-5632.630095,-5470.174369,-162.455726,30309.7445,48100.994311,12518.494689,0.299842,1.173962,4447844.846942
2022-08-14,23177.72,25053.0,22668.57,24320.0,10777.829537,29182.525,40642.0854,22968.02915,24945.988434,30220.402415,37.462442,-5274.413981,-5431.022291,156.60831,29182.525,45424.760836,12940.289164,0.350312,1.113148,4458622.67648
2022-08-21,24324.0,25212.0,20769.0,21514.0,11334.660252,27938.1465,40036.1798,23043.53225,24417.990214,29575.483718,33.648938,-5157.493504,-5376.316534,218.82303,27938.1465,42432.230346,13444.062654,0.278387,1.037584,4447288.016227
2022-08-28,21517.0,21892.0,19526.0,19557.0,11315.051424,26809.304,39506.6198,23109.2894,23670.145565,28833.373813,31.258977,-5163.228247,-5333.698876,170.470629,26809.304,40178.165161,13440.442839,0.228761,0.99733,4435972.964803
2022-09-04,19571.0,20575.0,19552.0,20007.0,10028.413066,25825.0905,38961.8548,23177.2156,23106.584709,28179.568345,32.447122,-5072.983636,-5281.555828,208.572192,25825.0905,38109.918631,13540.262369,0.2632,0.951387,4446001.377869
2022-09-11,20014.0,21871.0,18540.0,21835.0,14107.515339,24943.4705,38534.4602,23254.6029,22910.956292,27709.60032,37.195983,-4798.644027,-5184.973468,386.329441,24943.4705,35609.755217,14277.185783,0.354285,0.855237,4460108.893208
2022-09-18,21836.0,22781.0,19330.0,19419.0,16820.888823,23990.0035,37958.1216,23323.9016,22373.732247,27095.481777,33.812753,-4721.74953,-5092.32868,370.579151,23990.0035,32908.775236,15071.231764,0.243743,0.743541,4443288.004384
2022-09-25,19418.0,19902.0,18157.0,18810.0,18397.099742,23229.2285,37240.0226,23398.25715,21825.465748,26481.742386,32.997996,-4656.276639,-5005.118272,348.841633,23229.2285,31131.989039,15326.467961,0.2204,0.680415,4424890.904643
2022-10-02,18809.0,20381.0,18461.0,19051.0,16531.791462,22617.027,36390.2632,23473.0019,21398.624864,25931.317024,33.679052,-4532.692161,-4910.63305,377.940889,22617.027,29788.815434,15445.238566,0.251385,0.634194,4441422.696105
2022-10-09,19060.0,20469.0,18975.0,19445.0,9308.58655,22076.044,35560.96,23552.57815,21098.067192,25450.849097,34.845072,-4352.781905,-4799.062821,446.280916,22076.044,28446.208195,15705.879805,0.293487,0.577111,4450731.282654
2022-10-16,19436.0,19947.0,18183.0,19264.0,8239.21197,21566.797,34719.0512,23632.92925,20815.903009,24992.563978,34.544601,-4176.66097,-4674.582451,497.921481,21566.797,27066.911639,16066.682361,0.290659,0.510054,4442492.070684
2022-10-23,19262.0,19700.0,18660.0,19574.0,9034.89064,21051.048,33844.5312,23711.0801,20624.841007,24591.188869,35.569359,-3966.347862,-4532.935533,566.587671,21051.048,25067.237104,17034.858896,0.316113,0.381567,4451526.961324
2022-10-30,19576.0,21078.0,19169.0,20628.0,12061.971709,20753.193,32946.8938,23795.04115,20625.327006,24297.619323,39.062562,-3672.292317,-4360.80689,688.514573,20753.193,23865.354971,17641.031029,0.479886,0.299921,4463588.933033
2022-11-06,20631.0,21473.0,20039.0,20907.0,11280.476739,20770.902,32191.4644,23879.3726,20668.661313,24046.462336,39.990039,-3377.801023,-4164.205716,786.404693,20770.902,23882.332402,17659.471598,0.521871,0.299595,4474869.409772
2022-11-13,20899.0,21070.0,15632.0,16310.0,40402.651508,20534.9675,31370.8934,23943.34285,19998.098034,23473.391052,31.486524,-3475.293018,-4026.423177,551.130159,20534.9675,24198.97858,16870.95642,-0.076549,0.356856,4434466.758264
2022-11-20,16300.0,17130.0,15784.0,16256.0,25969.940314,20383.0445,30706.749,24006.93925,19422.390644,22938.769493,31.402053,-3516.378848,-3924.414311,408.035463,20383.0445,24467.991942,16298.097058,-0.005153,0.400818,4408496.81795
2022-11-27,16250.0,16783.0,15479.0,16424.0,19735.691051,20161.4405,30032.7414,24071.3931,18961.099776,22456.193975,32.013148,-3495.094199,-3838.550289,343.45609,20161.4405,24586.416933,15736.464067,0.077688,0.438954,4428232.509
2022-12-04,16420.0,17250.0,16004.0,17114.0,18324.887873,19977.048,29440.928,24139.889,18676.93058,22060.475902,34.59044,-3383.545323,-3747.549295,364.003973,19977.048,24583.539931,15370.556069,0.189238,0.461178,4446557.396874
2022-12-11,17113.0,17418.0,16734.0,17091.0,9608.782822,19701.8075,28766.9238,24207.09215,18432.94126,21692.366576,34.543433,-3259.425317,-3649.9245,390.499183,19701.8075,24307.348761,15096.266239,0.216558,0.467525,4436948.614051
2022-12-18,17089.0,18373.0,16572.0,16749.0,15922.488326,19373.131,28154.8994,24272.70915,18173.873374,21326.191274,33.807717,-3152.317901,-3550.40318,398.085279,19373.131,23834.160644,14912.101356,0.205883,0.460538,4421026.125725
2022-12-25,16744.0,17046.0,16293.0,16828.0,11655.231876,19055.15,27653.9432,24338.19575,17966.815931,20992.991921,34.15657,-3026.175989,-3445.557742,419.381753,19055.15,23283.83903,14826.46097,0.236662,0.443837,4432681.357602
2023-01-01,16828.0,16961.0,16337.0,16615.0,10017.700023,18669.9,27124.0892,24402.32315,17758.84425,20668.696223,33.641755,-2909.851973,-3338.416588,428.564615,18669.9,22266.464744,15073.335256,0.214325,0.385279,4422663.657578
2023-01-08,16615.0,17163.0,16552.0,17119.0,8683.355212,18450.15,26740.5968,24468.42855,17660.406673,20405.755762,36.096124,-2745.349089,-3219.803088,474.453999,18450.15,21856.819181,15043.480819,0.304626,0.369284,4431347.012791
2023-01-15,17124.0,21247.0,17108.0,20885.0,22558.27432,18516.55,26399.4604,24553.02605,18156.497954,20441.255335,50.753466,-2284.757381,-3032.793947,748.036566,18516.55,22056.10288,14976.99712,0.834569,0.382312,4453905.28711
2023-01-22,20879.0,23362.0,20358.0,22717.0,19225.130098,18652.05,26005.3956,24646.7611,18858.113653,20609.829014,56.036139,-1751.715361,-2776.57823,1024.862869,18652.05,22594.062353,14710.037647,1.015593,0.422689,4473130.417209
2023-01-29,22708.0,23954.0,22334.0,23746.0,12249.675275,18747.6,25638.7608,24745.0107,19610.096168,20842.137976,58.714969,-1232.041808,-2467.670945,1235.629138,18747.6,23068.059855,14427.140145,1.078457,0.460908,4485380.092483
2023-02-05,23748.0,24258.0,22504.0,22937.0,12764.215842,18923.5,25330.0228,24833.74145,20121.927527,20997.312941,55.834458,-875.385414,-2149.213839,1273.828425,18923.5,23609.934572,14237.065428,0.928204,0.495303,4472615.876642
2023-02-12,22942.0,23439.0,21454.0,21789.0,11672.386536,19072.45,25011.5492,24916.87285,20378.400215,21055.956427,51.940387,-677.556211,-1854.882313,1177.326102,19072.45,23921.528901,14223.371099,0.78011,0.50849,4460943.490106
2023-02-19,21790.0,25270.0,21376.0,24296.0,15673.496851,19334.7,24728.6914,25011.8746,20981.107874,21295.959654,58.712408,-314.85178,-1546.876207,1232.024427,19334.7,24691.515177,13977.884823,0.963083,0.554114,4476616.986957
2023-02-26,24271.0,25250.0,22770.0,23562.0,12952.198891,19540.55,24444.1206,25103.8797,21378.168201,21463.814495,56.21485,-85.646293,-1254.630224,1168.983931,19540.55,25206.02013,13875.07987,0.854909,0.579868,4463664.788065
2023-03-05,23560.0,23990.0,22000.0,22428.0,10223.814624,19698.75,24067.8378,25187.4731,21539.680786,21535.235643,52.499159,4.445143,-1002.815151,1007.260293,19698.75,25499.579281,13897.920719,0.735247,0.588954,4453440.973441
2023-03-12,22427.0,22590.0,19569.0,22183.0,19729.975813,19829.2,23574.21,25263.51635,21638.652973,21583.218188,51.704006,55.434784,-791.165164,846.599948,19829.2,25729.432084,13928.967916,0.699467,0.595105,4433710.997629
2023-03-19,22190.0,28474.0,21900.0,28054.0,32219.377033,20200.5,23207.2586,25362.78635,22625.629438,22062.535359,65.276335,563.094079,-520.313315,1083.407394,20200.5,27104.34926,13296.65074,1.068777,0.683533,4465930.374661
2023-03-26,28081.0,29380.0,26688.0,28004.0,20030.566019,20555.35,22924.6616,25459.14005,23453.071063,22502.643851,65.108523,950.427212,-226.16521,1176.592422,20555.35,28252.008659,12858.691341,0.983889,0.748872,4445899.808643
2023-04-02,27992.0,29170.0,26541.0,28186.0,13118.046112,21149.15,22694.5562,25556.3976,24181.213977,22923.633196,65.456635,1257.580781,70.583988,1186.996793,21149.15,29265.117306,13033.182694,0.933519,0.767498,4459017.854755
2023-04-09,28179.0,28782.0,27236.0,28340.0,7901.801461,21753.35,22472.0082,25659.93265,24821.027211,23324.845552,65.767855,1496.181659,355.703523,1140.478137,21753.35,30117.665639,13389.034361,0.893735,0.769014,4466919.656216
2023-04-16,28353.0,31035.0,28184.0,30330.0,12589.546663,22448.65,22308.8414,25766.7117,25668.561486,23843.745881,69.581635,1824.815605,649.525939,1175.289666,22448.65,31226.998279,13670.301721,0.948908,0.782083,4479509.202879
2023-04-23,30328.0,30483.0,27137.0,27596.0,14488.022986,22972.75,22180.2514,25850.53195,25965.090488,24121.690631,59.735142,1843.399858,888.300723,955.099135,22972.75,31665.736803,14279.763197,0.765918,0.756809,4465021.179892
2023-04-30,27594.0,30022.0,26981.0,29235.0,17933.423719,23579.95,22139.0508,25942.90645,26468.15349,24500.454288,63.105768,1967.699203,1104.180419,863.518784,23579.95,32241.20918,14918.69082,0.826457,0.734629,4482954.603612
2023-05-07,29254.0,29851.0,27666.0,28472.0,13731.949517,24166.1,22103.1976,26027.91665,26776.437569,24794.642859,60.564037,1981.79471,1279.703277,702.091433,24166.1,32478.571255,15853.628745,0.759002,0.687945,4469222.654094
2023-05-14,28485.0,28667.0,25800.0,26933.0,16924.064842,24671.35,22052.8788,26111.6223,26800.524096,24953.039684,55.691573,1847.484412,1393.259504,454.224908,24671.35,32341.921876,17000.778124,0.647424,0.62182,4452298.589253
2023-05-21,26933.0,27666.0,26374.0,26750.0,10710.811188,25178.1,21990.0992,26192.3711,26792.751159,25086.147856,55.123676,1706.603303,1455.928264,250.675039,25178.1,31937.810997,18418.389003,0.61627,0.536952,4441587.778065
2023-05-28,26753.0,28248.0,25878.0,28072.0,10115.878706,25725.75,22019.8372,26285.06515,26989.558673,25307.322089,58.422106,1682.236584,1501.189928,181.046656,25725.75,31485.882251,19965.617749,0.703663,0.447811,4451703.65677
2023-06-04,28071.0,28452.0,26519.0,27125.0,10353.818916,26037.75,22151.2808,26365.75535,27010.3958,25441.964897,55.287246,1568.430903,1514.638123,53.79278,26037.75,31375.797916,20699.702084,0.60184,0.410024,4441349.837854
2023-06-11,27114.0,27388.0,25350.0,25941.0,17485.365561,26198.95,22249.527,26437.8167,26845.873369,25478.93046,51.561983,1366.942909,1485.09908,-118.156171,26198.95,31316.294017,21081.605983,0.474796,0.390653,4423864.472294
2023-06-18,25940.0,26785.0,24756.0,26340.0,14002.604535,26328.65,22390.4378,26517.92175,26768.046697,25542.713389,52.718181,1225.333308,1433.145926,-207.812618,26328.65,31320.694442,21336.605558,0.501137,0.37921,4437867.076829
2023-06-25,26336.0,31458.0,26260.0,30477.0,21853.945496,26705.65,22582.8562,26619.623,27338.654897,25908.216101,62.668164,1430.438797,1432.6045,-2.165703,26705.65,31754.718757,21656.581243,0.87347,0.378127,4459721.022325
2023-07-02,30480.0,31268.0,29508.0,30616.0,14581.528276,27147.0,22779.1392,26723.86535,27842.861836,26256.940834,62.95028,1585.921002,1463.2678,122.653202,27147.0,31936.302037,22357.697963,0.862161,0.352842,4474302.550601
2023-07-09,30616.0,31500.0,29722.0,30167.0,9795.090879,27440.55,22930.563,26822.69945,28200.421554,26546.574846,61.337807,1653.846707,1501.383582,152.463126,27440.55,32214.559572,22666.540428,0.785551,0.347953,4464507.459722
2023-07-16,30170.0,31818.0,29961.0,30253.0,12118.326587,27775.1,23069.1724,26922.43575,28516.202853,26821.124858,61.54101,1695.077995,1540.122464,154.955531,27775.1,32348.590741,23201.609259,0.770898,0.329323,4476625.786308
2023-07-23,30247.0,30414.0,29521.0,30085.0,8920.718467,28157.95,23207.12,27022.75785,28757.55626,27062.893387,60.867991,1694.662874,1571.030546,123.632327,28157.95,32117.666276,24198.233724,0.743332,0.28125,4467705.067842
2023-07-30,30085.0,30099.0,28842.0,29279.0,9298.363239,28512.75,23306.3,27128.91485,28837.778374,27227.049432,57.61269,1610.728942,1578.970225,31.758717,28512.75,31391.493815,25634.006185,0.633088,0.201927,4458406.704602
2023-08-06,29279.0,30025.0,28574.0,29042.0,8816.549197,28562.15,23456.86,27234.85425,28869.197086,27361.490215,56.653234,1507.706871,1564.717554,-57.010684,28562.15,31441.617887,25682.682113,0.583323,0.201628,4449590.155405
2023-08-13,29041.0,30210.0,28671.0,29284.0,7968.419147,28626.15,23651.4,27339.85945,28933.012919,27503.898347,57.432766,1429.114572,1537.596958,-108.482386,28626.15,31510.046411,25742.253589,0.614056,0.201487,4457558.574553
2023-08-20,29280.0,29659.0,25601.0,26192.0,13482.723868,28526.45,23775.1,27429.64075,28511.318624,27406.720692,46.040166,1104.597932,1450.997153,-346.399221,28526.45,31596.20064,25456.69936,0.119766,0.215221,4444075.850685
2023-08-27,26193.0,26800.0,25350.0,26090.0,10119.216349,28413.95,23860.2,27512.30535,28138.808066,27309.185826,45.717988,829.62224,1326.72217,-497.09993,28413.95,31662.495673,25165.404327,0.142309,0.228659,4433956.634335
2023-09-03,26087.0,28142.0,25333.0,25970.0,13936.496905,28195.95,23991.22,27596.12035,27805.145287,27209.986876,45.316218,595.158411,1180.409418,-585.251007,28195.95,31485.82565,24906.07435,0.161697,0.233358,4420020.13743
2023-09-10,25972.0,26429.0,25386.0,25836.0,7978.424887,28107.95,24131.74,27680.1779,27502.199858,27108.21007,44.842317,393.989788,1023.125492,-629.135704,28107.95,31548.03584,24667.86416,0.169783,0.244777,4412041.712543
2023-09-17,25839.0,26878.0,24920.0,26535.0,11408.33032,27972.95,24281.42,27770.35635,27353.39988,27065.750065,47.902901,287.649815,876.030357,-588.380542,27972.95,31437.351332,24508.548668,0.292468,0.247697,4423450.042862
2023-09-24,26533.0,27486.0,26148.0,26248.0,9450.056297,27861.75,24417.48,27867.05455,27183.33836,27005.175986,46.755744,178.162374,736.45676,-558.294386,27861.75,31396.986223,24326.513777,0.271762,0.25377,4413999.986565
2023-10-01,26215.0,28053.0,25977.0,27995.0,10135.138802,27914.85,24592.1,27969.96625,27308.209381,27078.496283,53.980144,229.713098,635.108028,-405.39493,27914.85,31424.501337,24405.198663,0.511419,0.251454,4424135.125367
2023-10-08,27995.0,28592.0,27170.0,27933.0,9326.188962,27974.0,24759.28,28072.00995,27404.331015,27141.792855,53.70166,262.53816,560.594054,-298.055894,27974.0,31442.767562,24505.232438,0.49409,0.247999,4414808.936405
2023-10-15,27930.0,27996.0,26533.0,27174.0,7985.157763,27929.1,24890.2,28172.30455,27368.895474,27144.178569,50.281775,224.716905,493.418624,-268.701719,27929.1,31414.837162,24443.362838,0.391687,0.249613,4406823.778641
2023-10-22,27161.0,30364.0,27123.0,30002.0,14221.680564,28072.95,25072.1,28284.76605,27773.988478,27355.869046,60.400686,418.119432,478.358786,-60.239354,28072.95,31650.331695,24495.568305,0.769618,0.254863,4421045.459205
2023-10-29,30007.0,35198.0,29898.0,34538.0,19038.672149,28502.8,25436.66,28420.52835,28814.605635,27887.878746,70.700979,926.726889,568.032407,358.694483,28502.8,32919.688932,24085.911068,1.183196,0.309927,4440084.131354
2023-11-05,34549.0,35968.0,34061.0,35045.0,10095.032298,28938.05,25812.44,28558.96985,29773.127845,28418.035876,71.590478,1355.091969,725.444319,629.64765,28938.05,34073.775167,23802.324833,1.094556,0.354946,4450179.163652
2023-11-12,35043.0,37978.0,34530.0,37086.0,10216.129608,29268.5,26225.68,28703.49605,30898.1851,29060.107293,74.894756,1838.077807,947.971017,890.106791,29268.5,35492.889817,23044.110183,1.127973,0.42533,4460395.29326
2023-11-19,37085.0,37975.0,35002.0,37426.0,11542.983843,29609.0,26631.92,28847.14305,31902.464315,29679.803049,75.407888,2222.661267,1202.909067,1019.7522,29609.0,36766.169664,22451.830336,1.046096,0.483446,4471938.277103
2023-11-26,37426.0,38437.0,35651.0,37460.0,11373.597745,29973.65,27039.3,28991.49065,32757.469805,30256.113934,75.4619,2501.355871,1462.598428,1038.757444,29973.65,37908.293439,22039.006561,0.971751,0.529441,4483311.874848
2023-12-03,37467.0,40210.0,36727.0,39989.0,10850.513762,30460.45,27504.1,29144.7887,33870.012912,30977.068457,79.133091,2892.944455,1748.667633,1144.276822,30460.45,39518.95481,21401.94519,1.025945,0.594772,4494162.38861
2023-12-10,39988.0,44729.0,39988.0,43786.0,11589.77897,31145.5,28043.26,29312.84885,35395.549387,31925.878201,83.197644,3469.671186,2092.868344,1376.802842,31145.5,41900.275655,20390.724345,1.087669,0.690615,4505752.16758
2023-12-17,43786.0,43801.0,40181.0,41345.0,14219.497082,31748.8,28537.86,29470.0094,36310.849481,32623.590927,73.311266,3687.258554,2411.746386,1275.512169,31748.8,43338.386336,20159.213664,0.914001,0.73008,4491532.670498
2023-12-24,41337.0,44409.0,40513.0,43033.0,11963.418966,32448.35,29056.14,29635.34835,37345.026484,33394.658266,75.481054,3950.368218,2719.470752,1230.897466,32448.35,44952.841645,19943.858355,0.923234,0.770732,4503496.089464
2023-12-31,43015.0,43812.0,41306.0,42258.0,11589.708035,33097.05,29483.6,29803.9936,38100.868564,34051.202098,72.564129,4049.666466,2985.509895,1064.156571,33097.05,46208.964009,19985.135991,0.849337,0.792331,4491906.381429
2024-01-07,42258.0,45922.0,41454.0,43944.0,18364.552349,33984.65,29908.14,29983.5451,38999.811862,34784.001943,74.841879,4215.809919,3231.5699,984.240019,33984.65,47503.7578,20465.5422,0.868343,0.795601,4510270.933779
2024-01-14,43936.0,49048.0,41509.0,41715.0,23692.814051,34765.9,30267.52,30165.4019,39417.533114,35297.409206,66.930558,4120.123908,3409.280701,710.843206,34765.9,48175.278508,21356.521492,0.759113,0.77141,4486578.119728
2024-01-21,41701.0,43566.0,40258.0,41560.0,11584.37782,35545.4,30639.98,30344.13615,39747.143404,35761.30482,66.404892,3985.838583,3524.592278,461.246306,35545.4,48627.423489,22463.376511,0.72988,0.736074,4474993.741908
2024-01-28,41555.0,42824.0,38505.0,42026.0,16386.714802,36354.9,31044.72,30524.91165,40097.736726,36225.356315,67.237989,3872.380411,3594.149904,278.230507,36354.9,48927.223698,23782.576302,0.725539,0.691644,4491380.456709
2024-02-04,42027.0,43853.0,41804.0,42570.0,13184.76256,37156.65,31410.2,30703.88565,40478.084922,36695.329922,68.22849,3782.755001,3631.870924,150.884077,37156.65,49153.796215,25159.503785,0.72561,0.64576,4504565.219269
2024-02-11,42568.0,48601.0,42244.0,48313.0,13617.793771,38259.9,31905.22,30910.90945,41683.456473,37555.898075,76.355619,4127.558397,3731.008418,396.549979,38259.9,50098.648885,26421.151115,0.924585,0.618859,4518183.01304
2024-02-18,48313.0,52884.0,47720.0,52130.0,13464.631794,39466.65,32499.26,31135.92745,43290.617015,38635.461181,80.014743,4655.155834,3915.837902,739.317933,39466.65,51784.656872,27148.643128,1.014018,0.624224,4531647.644834
2024-02-25,52155.0,53015.0,50519.0,51722.0,10884.799679,40656.1,33090.04,31356.0288,44587.752859,39604.834427,78.614275,4982.918432,4129.254008,853.664425,40656.1,52883.439545,28428.760455,0.952506,0.601501,4520762.845154
2024-03-03,51738.0,64000.0,50909.0,63142.0,21368.209233,42454.5,33791.8,31627.1589,47442.252419,41348.328173,86.00032,6093.924246,4522.188055,1571.736191,42454.5,56643.953753,28265.046247,1.228975,0.668455,4542131.054388
2024-03-10,63140.0,70184.0,59313.0,69026.0,26671.212687,44405.7,34612.24,31928.63305,50762.82897,43398.526086,88.251723,7364.302884,5090.611021,2273.691863,44405.7,61619.294722,27192.105278,1.215141,0.775288,4568802.267074
2024-03-17,69013.0,73794.0,64522.0,68352.0,26080.061329,46096.4,35415.56,32222.06455,53468.855282,45246.931561,86.535005,8221.923721,5716.873561,2505.05016,46096.4,65592.161933,26600.638067,1.07078,0.845869,4542722.205745
2024-03-24,68344.0,68902.0,60760.0,67188.0,21200.510008,47703.55,36192.52,32514.4107,55579.492931,46872.19589,83.513588,8707.297041,6314.958257,2392.338784,47703.55,68543.354188,26863.745812,0.967482,0.873721,4521521.695737
2024-03-31,67208.0,71754.0,66407.0,71285.0,12560.612515,49413.5,37011.62,32823.60475,57995.724788,48680.55175,85.440504,9315.173038,6915.001213,2400.171825,49413.5,72024.829147,26802.170853,0.98364,0.915188,4534082.308252
2024-04-07,71296.0,71296.0,64511.0,69358.0,13827.362014,51010.1,37846.86,33121.64455,59743.767128,50212.214583,80.664968,9531.552545,7438.31148,2093.241065,51010.1,74502.48737,27517.71263,0.890507,0.921088,4520254.946238
2024-04-14,69336.0,72756.0,61308.0,65749.0,18208.351881,52424.55,38577.14,33403.7396,60667.649109,51363.087577,72.492703,9304.561531,7811.56149,1493.000041,52424.55,75889.749377,28959.350623,0.783919,0.895199,4502046.594357
2024-04-21,65748.0,66900.0,59629.0,64950.0,16691.964261,53672.6,39306.7,33682.07445,61326.472323,52369.525534,70.78296,8956.946788,8040.63855,916.308239,53672.6,77014.276576,30330.923424,0.741572,0.86978,4485354.630096
2024-04-28,64951.0,67241.0,62405.0,63098.0,9998.143286,54638.2,40030.0,33951.9744,61599.015042,53164.227347,66.847456,8434.787696,8119.468379,315.319317,54638.2,77861.528638,31414.871362,0.68214,0.850077,4475356.48681
2024-05-05,63106.0,64714.0,56500.0,64021.0,14339.549291,55772.0,40775.42,34226.6953,61971.628113,53968.432728,67.808103,8003.195384,8096.21378,-93.018396,55772.0,78497.46011,33046.53989,0.681492,0.814942,4489696.036101
2024-05-12,64024.0,65513.0,60176.0,61462.0,9240.043037,56693.45,41443.22,34487.47445,61893.223788,54523.511786,62.408707,7369.712002,7950.913424,-581.201422,56693.45,78763.090971,34623.809029,0.608034,0.778561,4480455.993064
2024-05-19,61446.0,67654.0,60758.0,66275.0,11713.430403,57894.3,42226.22,34772.7895,62567.343205,55393.992394,67.62957,7173.350811,7795.400902,-622.050091,57894.3,79294.899675,36493.700325,0.695805,0.739299,4492169.423467
2024-05-26,66255.0,71958.0,66074.0,68489.0,10591.109922,59121.55,43077.18,35065.51125,63478.367327,56363.992957,69.713354,7114.37437,7659.195595,-544.821225,59121.55,79989.910161,38253.189839,0.724441,0.705948,4502760.53339
2024-06-02,68471.0,70601.0,66624.0,67752.0,9515.263521,60423.4,43905.42,35348.91295,64135.849277,57207.549035,68.140869,6928.300242,7513.016525,-584.716282,60423.4,79994.00395,40852.79605,0.687235,0.647782,4493245.269868
2024-06-09,67744.0,71949.0,67590.0,69640.0,12201.886164,61827.4,44688.68,35638.6978,64982.641696,58128.471328,70.007273,6854.170367,7381.247293,-527.076926,61827.4,79742.400591,43912.399409,0.718046,0.579517,4505447.156032
2024-06-16,69649.0,70167.0,64936.0,66622.0,11500.433817,63057.2,45408.8,35912.2377,65234.850666,58757.6216,63.593866,6477.229065,7200.443648,-723.214582,63057.2,78583.827562,47530.572438,0.614796,0.492462,4493946.722215
2024-06-23,66622.0,67260.0,63136.0,63154.0,10354.171851,64086.4,46068.54,36169.78445,64914.719794,59083.27926,57.118464,5831.440534,6926.643025,-1095.202491,64086.4,76451.510358,51721.289642,0.462297,0.385889,4483592.550364
2024-06-30,63152.0,63302.0,58456.0,62676.0,12914.10372,64804.55,46717.0,36424.6196,64570.301364,59349.406722,56.268019,5220.894642,6585.493348,-1364.598706,64804.55,74877.822189,54731.277811,0.394347,0.310882,4470678.446644
2024-07-07,62676.0,63794.0,53550.0,55829.0,13041.217262,64989.5,47231.88,36652.46375,63225.48577,59088.635854,45.758183,4136.849916,6095.764662,-1958.914746,64989.5,74226.233329,55752.766671,0.004127,0.284253,4457637.229383
2024-07-14,55852.0,61424.0,54296.0,60823.0,14564.955006,65444.55,47862.76,36904.90485,62855.872574,59217.107272,52.697982,3638.765303,5604.36479,-1965.599488,65444.55,72707.854605,58181.245395,0.181856,0.221968,4472202.184389
2024-07-21,60827.0,68364.0,60685.0,68158.0,16525.488906,65695.35,48645.08,37191.07735,63671.584486,59879.395622,60.659392,3792.188864,5241.929605,-1449.740741,65695.35,72969.702625,58420.997375,0.669269,0.221457,4488727.673295
2024-07-28,68170.0,69404.0,63424.0,68264.0,13135.046203,65657.25,49424.68,37478.49405,64378.10995,60500.477428,60.762171,3877.632522,4969.070188,-1091.437666,65657.25,72869.139236,58445.360764,0.680726,0.219683,4501862.719498
2024-08-04,68240.0,70016.0,57155.0,58142.0,16139.824887,65146.75,50063.68,37715.8559,63418.708419,60325.775396,47.894605,3092.933023,4593.842755,-1500.909732,65146.75,72944.978411,57348.521589,0.050876,0.239405,4485722.894611
2024-08-11,58137.0,62729.0,49577.0,58725.0,24635.817873,64723.6,50716.38,37952.61625,62696.599431,60207.199441,48.570167,2489.399991,4172.954202,-1683.554212,64723.6,72940.082031,56507.117969,0.134965,0.253894,4510358.712484
2024-08-18,58718.0,61809.0,56138.0,58430.0,17789.46267,64080.85,51365.58,38187.1664,62040.199519,60075.555038,48.22942,1964.644481,3731.292258,-1766.647777,64080.85,72153.616125,56008.083875,0.150005,0.251956,4492569.249814
2024-08-25,58440.0,65103.0,57844.0,64262.0,14604.433026,63826.05,52134.1,38443.28095,62382.014978,60385.662072,54.957157,1996.352905,3384.304388,-1387.951482,63826.05,71529.734923,56122.365077,0.528295,0.241396,4507173.68284
2024-09-01,64248.0,64502.0,57205.0,57310.0,13723.970812,63404.1,52749.6,38661.02095,61601.704981,60157.835252,47.099715,1443.869729,2996.217456,-1552.347727,63404.1,71551.911262,55256.288738,0.126028,0.257012,4493449.712028
2024-09-08,57278.0,59803.0,52546.0,54866.0,11906.367608,62899.9,53321.96,38857.9052,60565.442676,59765.847455,44.681152,799.595221,2556.893009,-1757.297788,62899.9,71814.597233,53985.202767,0.049401,0.283457,4481543.344421
2024-09-15,54876.0,60670.0,54587.0,59130.0,14683.897984,62701.5,53944.66,39073.67775,60344.605341,59718.747644,49.548719,625.857697,2170.685947,-1544.828249,62701.5,71765.106181,53637.893819,0.302976,0.289103,4496227.242405
2024-09-22,59121.0,64121.0,57488.0,63563.0,13816.083316,62678.6,54657.26,39299.31675,60839.742981,60003.507078,54.073215,836.235903,1903.795938,-1067.560034,62678.6,71731.062635,53626.137365,0.548849,0.288853,4510043.325721
2024-09-29,63577.0,66508.0,62585.0,65601.0,7972.630362,62885.55,55425.8,39536.3616,61572.244061,60418.136183,56.025701,1154.107878,1753.858326,-599.750448,62885.55,72006.286143,53764.813857,0.648861,0.290074,4518015.956083
2024-10-06,65605.0,65634.0,59860.0,62814.0,11098.877568,62712.5,56082.04,39753.5287,61763.283436,60595.607577,52.724644,1167.675859,1636.621833,-468.945973,62712.5,71699.790593,53725.209407,0.505647,0.286619,4506917.078515
2024-10-13,62831.0,64444.0,58867.0,62849.0,9007.531936,62430.5,56648.26,39971.9619,61930.316754,60762.525534,52.762285,1167.79122,1542.85571,-375.06449,62430.5,71020.228296,53840.771704,0.52436,0.275177,4515924.610451
2024-10-20,62850.0,69363.0,62450.0,69011.0,10349.908266,62493.45,57327.58,40199.66265,63019.652638,61373.523643,58.958137,1646.128995,1563.510367,82.618628,62493.45,71254.985538,53731.914462,0.871941,0.280399,4526274.518717
2024-10-27,69011.0,69487.0,65000.0,67938.0,11407.628453,62408.35,57944.62,40408.05465,63776.321463,61859.781151,57.542781,1916.540312,1634.116356,282.423956,62408.35,70920.078762,53896.621238,0.824825,0.272775,4514866.890264
2024-11-03,67937.0,73600.0,67459.0,68738.0,15759.714282,62514.15,58570.86,40586.2555,64539.656622,62369.278843,58.345673,2170.377779,1741.368641,429.009138,62514.15,71281.514285,53746.785715,0.854944,0.280492,4530626.604546
2024-11-10,68738.0,81482.0,66798.0,80425.0,21950.599643,63377.7,59430.16,40797.51185,66983.555604,63706.73967,67.896747,3276.815934,2048.458099,1228.357835,63377.7,75123.406877,51631.993123,1.225682,0.370657,4552577.204188
2024-11-17,80426.0,93483.0,80280.0,89861.0,33922.588541,64736.95,60427.6,41067.7206,70503.162434,65644.092287,73.233256,4859.070147,2610.580509,2248.489638,64736.95,81191.309513,48282.590487,1.263447,0.508345,4586499.79273
2024-11-24,89865.0,99800.0,89392.0,98007.0,32915.037577,66845.85,61512.02,41396.31145,74734.522059,68041.34471,76.816157,6693.177349,3427.099877,3266.077472,66845.85,88257.64677,45434.05323,1.227663,0.640632,4619414.830306
2024-12-01,98021.0,98966.0,90742.0,97291.0,15555.769192,68669.25,62630.94,41717.05955,78204.749435,70207.985843,75.855038,7996.763592,4341.03262,3655.730972,68669.25,93635.074199,43703.425801,1.073219,0.727133,4603859.061115
2024-12-08,97260.0,103647.0,92092.0,101204.0,22744.740496,70321.55,63794.36,42028.7876,81743.095676,72503.986891,77.511091,9239.108784,5320.647853,3918.460932,70321.55,99027.32839,41615.77161,1.037913,0.816415,4626603.801611
2024-12-15,101188.0,105149.0,94249.0,104427.0,11117.683686,72129.7,65037.74,42307.6101,85232.92711,74868.654529,78.80083,10364.272581,6329.372799,4034.899783,72129.7,104421.087843,39838.312157,1.000092,0.89537,4637721.485296
2024-12-22,104476.0,108364.0,92118.0,95098.0,16082.294756,73977.5,66060.82,42495.63555,86750.630632,76367.124564,66.850089,10383.506068,7140.199452,3243.306615,73977.5,107075.138589,40879.861411,0.819064,0.894803,4621639.19054
2024-12-29,95100.0,99881.0,92389.0,93557.0,10331.573022,75719.1,67097.66,42737.21575,87797.764381,77640.44867,65.093958,10157.31571,7743.622704,2413.693006,75719.1,109087.717154,42350.482846,0.767286,0.881379,4611307.617519
2025-01-05,93564.0,98951.0,91315.0,98327.0,7025.834746,77713.95,68233.0,42974.01425,89417.646784,79172.785806,67.904556,10244.860978,8243.870359,2000.990619,77713.95,111477.654438,43950.245562,0.805255,0.868923,4618333.452265
2025-01-12,98389.0,102760.0,91215.0,94497.0,10201.884235,79225.7,69282.42,43151.4173,90199.08574,80307.912783,63.48447,9891.172957,8573.330878,1317.842078,79225.7,113151.933903,45299.466097,0.725066,0.856445,4608131.56803
2025-01-19,94498.0,106294.0,89164.0,101237.0,14229.530886,81422.05,70455.76,43370.69335,91897.226395,81858.21554,67.494392,10039.010855,8866.466874,1172.543982,81422.05,115075.183848,47768.916152,0.7944,0.826634,4622361.098916
2025-01-26,101191.0,109356.0,99462.0,102573.0,15743.471737,83807.4,71540.96,43604.60375,93539.653104,83392.644018,68.238926,10147.009085,9122.575316,1024.433769,83807.4,116337.411038,51277.388962,0.788435,0.776304,4638104.570652
2025-02-02,102573.0,106447.0,96168.0,97675.0,12560.850111,85734.65,72451.86,43801.91785,94175.860319,84450.596313,62.579702,9725.264005,9243.113054,482.150951,85734.65,116718.705572,54750.594428,0.692685,0.72279,4625543.720542
2025-02-09,97670.0,102569.0,91530.0,96477.0,13012.211667,87380.35,73346.96,43984.40655,94529.881808,85341.441031,61.241887,9188.440777,9232.178599,-43.737821,87380.35,116942.853103,57817.846897,0.653855,0.67664,4612531.508874
2025-02-16,96533.0,98871.0,94091.0,96132.0,6645.40102,88906.9,74006.76,44183.66355,94776.36153,86140.741695,60.838531,8635.619835,9112.866846,-477.247011,88906.9,116926.008272,60887.791728,0.628932,0.630302,4605886.107854
2025-02-23,96066.0,99508.0,93340.0,96262.0,9492.261045,90579.3,74551.48,44419.3314,95004.921295,86890.464533,60.942919,8114.456762,8913.184829,-798.728067,90579.3,116045.637672,65112.962328,0.611573,0.562299,4615378.368899
2025-03-02,96264.0,96492.0,78197.0,94273.0,19837.840384,92150.5,75069.9,44607.5831,94892.318018,87437.319012,58.378898,7454.999007,8621.547665,-1166.548658,92150.5,114232.041001,70068.958999,0.548061,0.47925,4595540.528515
2025-03-09,94272.0,94422.0,80000.0,80708.0,15641.973739,92735.35,75340.3,44719.5969,92710.115246,86938.850937,44.597861,5771.26431,8051.490994,-2280.226684,92735.35,112868.03795,72602.66205,0.201298,0.434197,4579898.554776
2025-03-16,80728.0,85294.0,76600.0,82555.0,13584.96332,93466.2,75565.7,44900.14815,91147.789824,86614.121238,46.451417,4533.668586,7347.926512,-2814.257926,93466.2,110813.67097,76118.72903,0.18551,0.371203,4593483.518096
2025-03-23,82569.0,87470.0,81138.0,86084.0,8406.139998,94333.5,75900.22,45157.0342,90368.745236,86574.852998,49.90034,3793.892238,6637.119657,-2843.22742,94333.5,107991.04415,80675.95585,0.197987,0.289559,4601889.658094
2025-03-30,86084.0,88772.0,81551.0,82359.0,9843.551292,94430.2,76232.42,45390.4406,89136.476738,86262.567591,46.496165,2873.909147,5884.477555,-3010.568408,94430.2,107714.761123,81145.638877,0.045668,0.281363,4592046.106802
2025-04-06,82367.0,88563.0,77098.0,78342.0,12769.984736,93854.25,76500.26,45603.10635,87475.788009,85675.85888,43.082874,1799.929129,5067.56787,-3267.638741,93854.25,108778.834039,78929.665961,-0.019688,0.318037,4579276.122066
2025-04-13,78381.0,86084.0,74434.0,83712.0,15719.260503,93139.5,76912.54,45826.59755,86896.7437,85530.387852,48.523199,1366.355848,4327.325465,-2960.969618,93139.5,108561.034262,77717.965738,0.19434,0.331149,4594995.382569
2025-04-20,83774.0,86450.0,83102.0,85198.0,6719.371326,92534.85,77336.08,46074.6387,86635.398515,85505.76653,49.948888,1129.631986,3687.786769,-2558.154784,92534.85,108204.176932,76865.523068,0.265885,0.338669,4601714.753894
2025-04-27,85197.0,95857.0,85134.0,93769.0,12043.993663,92163.1,77982.22,46369.9862,87732.875667,86117.857898,57.29546,1615.017769,3273.232969,-1658.2152,92163.1,107337.0516,76989.1484,0.552916,0.329285,4613758.747557
2025-05-04,93780.0,97938.0,92846.0,94316.0,7753.897812,91657.55,78543.04,46665.12015,88745.664026,86725.127683,57.721967,2020.536342,3022.693644,-1002.157301,91657.55,105802.260354,77512.839646,0.593973,0.308643,4621512.645369
2025-05-11,94301.0,104985.0,93376.0,104129.0,8327.023553,92109.1,79255.84,47014.4725,91112.331099,88014.30341,64.560183,3098.027688,3037.760453,60.267235,92109.1,107208.679966,77009.520034,0.898021,0.327863,4629839.668922
2025-05-18,104138.0,106635.0,100764.0,106520.0,8217.312845,92757.25,80031.2,47388.18925,93482.741699,89385.09575,66.003064,4097.645949,3249.737552,847.908397,92757.25,109110.611928,76403.888072,0.920793,0.352606,4638056.981767
2025-05-25,106520.0,112000.0,102126.0,109068.0,10021.163055,93294.3,80819.76,47756.38785,95880.473745,90843.088658,67.520641,5037.385087,3607.267059,1430.118028,93294.3,110994.086599,75594.513401,0.94559,0.37944,4648078.144821
2025-06-01,109114.0,110789.0,103127.0,105705.0,6900.444509,93854.7,81601.42,48085.71785,97391.939323,91943.970979,63.492143,5447.968343,3975.407316,1472.561028,93854.7,112362.591572,75346.808428,0.820142,0.394395,4641177.700313
2025-06-08,105677.0,106854.0,100426.0,105792.0,6474.376915,94082.45,82454.18,48395.38575,98684.25635,92969.750907,63.552726,5714.505443,4323.226941,1391.278502,94082.45,113054.395757,75110.504243,0.808602,0.403305,4647652.077228
2025-06-15,105791.0,110587.0,102816.0,105617.0,5929.839547,94234.65,83313.0,48688.32925,99750.832296,93906.584173,63.325089,5844.248123,4627.431178,1216.816945,94234.65,113522.815991,74946.484009,0.79506,0.409365,4641722.237682
2025-06-22,105612.0,108990.0,98240.0,101015.0,6680.695078,94401.65,84216.72,48946.89495,99945.319635,94433.133494,57.493103,5512.186142,4804.382171,707.803971,94401.65,113863.130388,74940.169612,0.669909,0.412312,4635041.542604
2025-06-29,100990.0,108546.0,99705.0,108384.0,6941.199959,94997.0,85167.94,49244.77135,101243.578153,95466.531013,63.318603,5777.04714,4998.915165,778.131976,94997.0,115382.564971,74611.435029,0.828345,0.429183,4641982.742563
2025-07-06,108389.0,110557.0,105130.0,109233.0,4788.791096,95652.05,85989.44,49531.88995,102472.719976,96486.269456,63.931914,5986.45052,5196.422236,790.028284,95652.05,116962.375933,74341.724067,0.818647,0.44558,4646771.533659
2025-07-13,109231.0,119482.0,107471.0,119135.0,7805.178585,96795.7,87006.86,49897.38995,105036.147672,98163.9532,70.191848,6872.194472,5531.576683,1340.617789,96795.7,120441.283741,73150.116259,0.972378,0.488567,4654576.712244
2025-07-20,119140.0,123236.0,115729.0,117339.0,13870.232653,97949.0,88190.8,50247.8587,106928.894184,99584.327037,67.890287,7344.567147,5894.174776,1450.392371,97949.0,123186.390095,72711.609905,0.884152,0.515317,4640706.479591
2025-07-27,117220.0,120297.0,114518.0,119469.0,11552.19116,99887.05,89405.68,50629.18005,108858.141232,101057.265775,69.180951,7800.875457,6275.514912,1525.360545,99887.05,125481.451173,74292.648827,0.882544,0.512467,4652258.670751
2025-08-03,119514.0,119826.0,111919.0,114226.0,8471.191906,101470.6,90521.6,50959.1304,109683.965658,102032.72757,62.519387,7651.238089,6550.659547,1100.578541,101470.6,126492.269708,76448.930292,0.754887,0.493181,4643787.478846
2025-08-10,114245.0,119310.0,112660.0,119310.0,8128.655209,103131.9,91622.56,51282.10565,111164.894018,103312.525527,65.943872,7852.368491,6811.001336,1041.367155,103131.9,128258.452305,78005.347695,0.821932,0.48727,4651916.134055
2025-08-17,119312.0,124517.0,116856.0,117490.0,12210.098114,104888.45,92826.16,51561.8608,112137.987246,104362.708822,63.700098,7775.278425,7003.856754,771.421671,104888.45,128845.288092,80931.611908,0.763005,0.456806,4639706.035941
2025-08-24,117465.0,117622.0,110671.0,113478.0,13207.828669,106645.25,93998.4,51824.7,112344.143055,105037.915576,58.939257,7306.227479,7064.330899,241.89658,106645.25,127511.442244,85779.057756,0.663728,0.39132,4626498.207272
2025-08-31,113491.0,113645.0,107389.0,108269.0,10323.704655,107873.1,94981.18,52059.2478,111717.197969,105277.255163,53.362777,6439.942807,6939.45328,-499.510474,107873.1,125892.756988,89853.443012,0.510985,0.33409,4616174.502617
2025-09-07,108268.0,113402.0,107270.0,111144.0,11838.758939,109170.4,95932.8,52298.4678,111629.013666,105711.828854,55.845881,5917.184812,6734.999587,-817.814775,109170.4,123910.949995,94429.850005,0.566945,0.270047,4628013.261556
2025-09-14,111144.0,116805.0,110624.0,115342.0,9444.428839,110249.05,96927.62,52547.62845,112200.242333,106425.174865,59.257055,5775.067468,6543.013163,-767.945695,110249.05,123394.656711,97103.443289,0.693713,0.238471,4637457.690395
2025-09-21,115316.0,117968.0,114421.0,115292.0,10702.995193,111297.85,97977.18,52830.6961,112675.897359,107081.976727,59.198393,5593.920632,6353.194657,-759.274025,111297.85,122375.796674,100219.903326,0.680275,0.199068,4626754.695202
2025-09-28,115275.0,115435.0,108652.0,112203.0,10469.931475,111701.55,98964.26,53105.01835,112603.143919,107461.311784,55.540294,5141.832135,6110.922152,-969.090018,111701.55,122282.399918,101120.700082,0.523696,0.189449,4616284.763726
2025-10-05,112203.0,125725.0,111597.0,123519.0,13517.515159,112551.5,100054.42,53475.29725,114282.506393,108650.77017,64.254481,5631.736222,6015.084966,-383.348744,112551.5,124024.313857,101078.686143,0.977978,0.203868,4629802.278885
2025-10-12,123519.0,126272.0,109683.0,115090.0,20375.724219,112852.6,100997.46,53800.12535,114406.736179,109127.750158,55.52451,5278.986021,5867.865177,-588.879156,112852.6,124259.819423,101445.380577,0.598069,0.202161,4609426.554666
2025-10-19,115089.0,116035.0,103530.0,108684.0,16720.803596,113001.55,101796.38,54110.022,113526.315228,109094.879776,49.968059,4431.435452,5580.579232,-1149.14378,113001.55,124105.320467,101897.779533,0.305582,0.196524,4592705.75107
2025-10-26,108683.0,115447.0,106101.0,114551.0,14284.179733,113439.5,102478.9,54428.82095,113683.959039,109499.036829,54.462689,4184.92221,5301.447828,-1116.525618,113439.5,124051.340302,102827.659698,0.552371,0.187093,4606989.930803
2025-11-02,114551.0,116381.0,106303.0,110530.0,10391.715904,113685.15,102892.28,54744.71985,113198.734572,109575.404472,51.076067,3623.3301,4965.824282,-1342.494182,113685.15,123775.963432,103594.336568,0.343662,0.177522,4596598.214899
2025-11-09,110524.0,110730.0,98898.0,104705.0,19547.89891,113869.65,103026.24,55058.8658,111892.006176,109214.63377,46.559367,2677.372406,4508.133907,-1830.761501,113869.65,123127.642942,104611.657058,0.005041,0.162607,4577050.315989
2025-11-16,104677.0,107465.0,92929.0,94187.0,19754.488428,113159.8,102964.16,55314.2623,109168.159072,108101.475713,39.727801,1066.683359,3819.843797,-2753.160438,113159.8,125616.03363,100703.56637,-0.261579,0.220153,4557295.827561
2025-11-23,94186.0,95938.0,80537.0,86803.0,31467.842745,112038.3,102676.14,55566.8092,105727.365369,106523.810845,35.76079,-796.445477,2896.585942,-3693.031419,112038.3,128949.211768,95127.388232,-0.246125,0.301877,4525827.984816
2025-11-30,86808.0,93091.0,85225.0,90382.0,15852.358306,110600.65,102395.24,55829.0101,103366.539927,105328.121153,38.943211,-1961.581226,1924.952509,-3886.533735,110600.65,129612.173414,91589.126586,-0.031747,0.343787,4541680.343122
2025-12-07,90369.0,94172.0,83814.0,90405.0,22566.22143,109253.95,102301.38,56068.9339,101372.456862,104222.704771,38.964137,-2850.24791,969.912425,-3820.160335,109253.95,129910.072642,88597.827358,0.043744,0.37813,4564246.564552
2025-12-14,90406.0,94652.0,87607.0,88164.0,19290.452647,107688.7,102193.52,56299.3652,99340.386575,103033.171085,37.611508,-3692.78451,37.373038,-3730.157548,107688.7,129710.578241,85666.821759,0.056698,0.408991,4544956.111905
2025-12-21,88170.0,90317.0,84398.0,88636.0,17882.417373,106409.2,101999.7,56550.6757,97693.557871,101966.713967,38.09892,-4273.156096,-824.732789,-3448.423307,106409.2,129700.152266,83118.247734,0.118453,0.437762,4562838.529278
2025-12-28,88637.0,90536.0,86363.0,87870.0,11108.563869,104837.2,101867.16,56801.4623,96182.241276,100922.512933,37.58572,-4740.271657,-1607.840562,-3132.431095,104837.2,128670.747378,81003.652622,0.144048,0.454677,4551729.965409
2026-01-04,87871.0,91728.0,86701.0,91501.0,13673.245458,103537.75,101672.44,57066.77285,95462.05031,100224.623086,41.601396,-4762.572776,-2238.787005,-2523.785771,103537.75,127304.026022,79771.473978,0.246768,0.459084,4565403.210866
2026-01-11,91498.0,94792.0,89199.0,90872.0,15794.411414,102407.45,101438.42,57332.18015,94755.888724,99531.836191,41.107983,-4775.947467,-2746.219097,-2029.728369,102407.45,126324.976925,78489.923075,0.258849,0.467105,4549608.799452
2026-01-18,90872.0,97939.0,90016.0,93636.0,18356.427363,101675.8,101357.64,57594.14945,94583.598151,99095.107584,44.237766,-4511.509433,-3099.277164,-1412.232268,101675.8,125726.225373,77625.374627,0.332855,0.473081,4567965.226815
2026-01-25,93627.0,93632.0,86000.0,86567.0,17925.681629,100446.95,101159.44,57792.6625,93350.275359,98167.099615,38.589314,-4816.824256,-3442.786583,-1374.037673,100446.95,124944.061597,75949.838403,0.216702,0.487762,4550039.545186
2026-02-01,86568.0,90438.0,75555.0,76888.0,24661.567092,98524.25,100774.56,57945.09465,90817.617611,96590.870014,32.47506,-5773.252402,-3908.879747,-1864.372656,98524.25,124057.633982,72990.866018,0.076314,0.518317,4525377.978093
2026-02-08,76888.0,79301.0,59930.0,70283.0,52952.497398,96273.8,100254.98,58085.8404,87658.445671,94642.138901,29.088039,-6983.693231,-4523.842443,-2459.850787,96273.8,123384.273051,69163.326949,0.02065,0.563195,4472425.480695
2026-02-15,70283.0,71383.0,65080.0,68792.0,26069.254072,94103.25,99745.36,58231.34405,84755.915568,92727.313798,28.36876,-7971.39823,-5213.353601,-2758.044629,94103.25,122676.569435,65529.930565,0.057082,0.607276,4446356.226623
2026-02-22,68792.0,70066.0,65620.0,67612.0,18801.419563,91307.9,99483.44,58372.06705,82118.390096,90866.920183,27.783222,-8748.530087,-5920.388898,-2828.141189,91307.9,118739.244348,63876.555652,0.068087,0.600854,4427554.80706
2026-03-01,67612.0,70038.0,62525.0,65771.0,33971.750791,88841.95,99147.76,58508.48035,79603.407004,89007.963132,26.852011,-9404.556128,-6617.222344,-2787.333784,88841.95,116145.136836,61538.763164,0.077504,0.614646,4393583.056269
2026-03-08,65776.0,74075.0,65259.0,65975.0,30920.717635,86706.5,98745.58,58668.22785,77506.729003,87301.817715,27.143415,-9795.088712,-7252.795618,-2542.293094,86706.5,114148.466318,59264.533682,0.122266,0.632985,4424503.773904
2026-03-15,65974.0,73933.0,65844.0,72831.0,27810.008669,84620.5,98555.02,58875.9077,76787.38608,86229.905292,36.324435,-9442.519212,-7690.740336,-1751.778875,84620.5,109502.191972,59738.808028,0.263089,0.588077,4452313.782573
2026-03-22,72849.0,76013.0,67354.0,67860.0,20394.058916,82487.0,98345.38,59063.8844,75413.942068,84869.171567,33.07042,-9455.229499,-8043.638169,-1411.59133,82487.0,105352.120608,59621.879392,0.180146,0.554393,4431919.723658
2026-03-29,67853.0,72026.0,64955.0,65954.0,17761.045815,80549.45,97990.22,59246.4097,73958.566365,83468.047747,31.89078,-9509.481382,-8336.806812,-1172.67457,80549.45,102084.014156,59014.885844,0.161116,0.534692,4414158.677842
2026-04-05,65961.0,69268.0,65696.0,68999.0,10580.271936,79290.05,97666.24,59441.9598,73195.556155,82396.266432,35.828981,-9200.710277,-8509.587505,-691.122773,79290.05,100429.565723,58150.534277,0.256592,0.53322,4424738.949778
2026-04-12,69005.0,73832.0,67724.0,70746.0,10341.777922,78487.2,97205.78,59662.7643,72818.701362,81533.283734,38.042465,-8714.582372,-8550.586478,-163.995894,78487.2,99644.045867,57330.354133,0.317052,0.539116,4435080.727701
2026-04-19,70742.0,78384.0,70584.0,73825.0,13600.317892,77659.35,96795.96,59929.1252,72973.516537,80962.299753,41.849545,-7988.783216,-8438.225826,449.442609,77659.35,98175.703304,57142.996696,0.406554,0.528368,4448681.045593
2026-04-26,73834.0,79500.0,73753.0,78660.0,6093.090158,77072.1,96286.58,60217.28175,73848.360147,80791.759031,47.323329,-6943.398884,-8139.260437,1195.861553,77072.1,96750.800261,57393.399739,0.540346,0.510657,4454774.135751
2026-05-03,78666.0,79490.0,74912.0,78565.0,5249.117136,76592.15,95727.48,60513.63445,74573.997047,80626.813917,47.229258,-6052.81687,-7721.971724,1669.154854,76592.15,95622.9024,57561.3976,0.551833,0.496937,4449525.018615
2026-05-10,78563.0,82833.0,78203.0,82193.0,6484.017729,76270.0,95189.98,60820.31905,75746.151348,80742.827701,51.217441,-4996.676354,-7176.91265,2180.236296,76270.0,94682.426619,57857.573381,0.660842,0.482822,4456009.036344
2026-05-17,82197.0,82361.0,76689.0,77412.0,8413.775772,75747.1,94624.12,61103.3698,76002.435756,80496.099723,46.256224,-4493.663968,-6640.262914,2146.598946,75747.1,93390.018952,58104.181048,0.547183,0.465837,4447595.260572
2026-05-24,77419.0,78122.49,74192.21,76974.88,5314.310362,75020.794,94047.7776,61375.26515,76152.042562,80235.268633,45.819221,-4083.22607,-6128.855545,2045.629475,75020.794,91139.941721,58901.646279,0.560614,0.429725,4442280.950211
2026-05-31,76974.88,78002.74,72394.58,73567.99,5700.783369,74155.5935,93406.7974,61626.49245,75754.496014,79741.396141,42.452839,-3986.900127,-5700.464461,1713.564334,74155.5935,88543.179023,59768.007977,0.479579,0.388038,4436580.166841
2026-06-07,73568.0,73984.48,59100.0,63315.72,21812.797958,72639.5795,92652.8118,61827.13295,73840.838166,78524.67939,34.288656,-4683.841224,-5497.139814,813.29859,72639.5795,84698.300303,60580.858697,0.113398,0.332015,4414767.368884
2026-06-14,63306.56,65758.99,60678.99,65712.5,11063.930839,71596.8545,91799.3818,62034.09545,72590.324602,77575.629065,37.323281,-4985.304463,-5394.772744,409.468281,71596.8545,82173.523325,61020.185675,0.221824,0.295451,4425831.299722
2026-06-21,65713.19,67253.17,62178.0,63237.18,8082.8512,70914.3135,90879.4654,62242.71135,71151.379279,76513.521727,35.499891,-5362.142448,-5388.246685,26.104236,70914.3135,81794.573698,60034.053302,0.147199,0.306857,4417748.448523
2026-06-28,63237.17,65555.13,58035.28,59473.29,10427.596337,70373.828,89686.2312,62442.2928,69354.750159,75251.28234,32.870269,-5896.532181,-5489.903784,-406.628397,70373.828,82345.095939,58402.560061,0.044721,0.340219,4407320.852186
2026-07-05,59473.29,63945.23,57734.63,63587.06,8889.411412,70113.581,88611.1924,62660.1931,68467.413211,74387.26587,38.253767,-5919.852659,-5575.893559,-343.9591,70113.581,82432.345146,57794.816854,0.235098,0.351395,4416210.263598
2026-07-12,63587.05,64657.29,61246.23,63743.46,6306.614945,69920.154,87496.6816,62869.7354,67740.651179,73598.835806,38.455844,-5858.184627,-5632.351772,-225.832854,69920.154,82508.497849,57331.810151,0.254666,0.360078,4422516.878543
2026-07-19,63743.51,65518.04,61750.06,64681.58,5946.628527,69865.683,86505.7932,63096.0483,67270.024844,72938.298339,39.729978,-5668.273495,-5639.536117,-28.737378,69865.683,82534.541206,57196.824794,0.2954,0.362663,4428463.50707
2026-07-26,64688.7,66920.74,63666.0,65338.88,6575.541895,69833.877,85426.3708,63328.6927,66972.925637,72375.378462,40.656995,-5402.452825,-5592.119459,189.666634,69833.877,82544.771067,57122.982933,0.323183,0.364032,4435039.048965
2026-08-02,65338.88,65679.5,62216.81,63499.99,6617.784209,69367.3265,84346.5706,63550.93765,66438.627847,71717.942279,38.856362,-5279.314433,-5529.558453,250.244021,69367.3265,82287.203673,56447.449327,0.272934,0.372506,4428421.264757
2026-08-09,63499.99,65415.69,62216.0,64857.27,7298.324645,69217.19,83374.156,63777.999,66195.342024,71209.744333,40.935646,-5014.402309,-5426.527224,412.124916,69217.19,82272.716706,56161.663294,0.333024,0.377234,4435719.589402
2026-08-16,64857.26,65333.41,62470.0,62831.66,8250.076794,69061.073,82465.4092,63995.8373,65677.852482,70589.145493,38.814236,-4911.293011,-5323.480382,412.18737,69061.073,82341.683091,55780.462909,0.26547,0.384605,4427469.512607
2026-08-23,62831.65,79461.0,62689.89,77716.48,22097.63559,69496.947,81796.8588,64286.5497,67529.949023,71117.096197,56.609084,-3587.147174,-4976.21374,1389.066566,69496.947,83302.637974,55691.256026,0.797686,0.397304,4449567.148197
2026-08-30,77723.58,81454.98,76664.18,79177.15,14815.216173,69918.5045,81073.5618,64579.29545,69321.826097,71714.13722,57.902948,-2392.311123,-4459.433217,2067.122094,69918.5045,84351.643442,55485.365558,0.820743,0.412856,4464382.364371
